ticker,strategy,entry_date,exit_date,entry,exit,ret_pct,bars_held,exit_reason,year
GLD,pullback_rsi2_200d,2011-09-26,2011-09-30,157.2771,157.9019,0.3972748662666836,4,strength,2011
TLT,pullback_rsi2_200d,2011-10-11,2011-10-17,78.2215,77.1533,-1.3655644608381756,4,strength,2011
GLD,pullback_rsi2_200d,2011-10-20,2011-10-24,157.7776,160.859,1.9529824643949034,2,strength,2011
TLT,pullback_rsi2_200d,2011-10-24,2011-10-25,75.9806,77.3396,1.7886799563701317,1,strength,2011
XLP,pullback_rsi2_200d,2011-11-02,2011-11-03,20.7502,20.9643,1.0319005056599995,1,strength,2011
GLD,pullback_rsi2_200d,2011-11-18,2011-11-28,167.3972,166.4634,-0.5578651864163509,5,strength,2011
XLP,pullback_rsi2_200d,2011-11-22,2011-11-28,20.5481,20.7491,0.9785238067560709,3,strength,2011
XLU,pullback_rsi2_200d,2011-11-23,2011-11-28,10.2519,10.3199,0.6625986486812785,2,strength,2011
TLT,pullback_rsi2_200d,2011-12-01,2011-12-02,77.9469,79.3631,1.816959702782528,1,strength,2011
GLD,pullback_rsi2_200d,2011-12-13,2011-12-14,162.0219,155.9307,-3.759461580198631,1,stop,2011
TLT,pullback_rsi2_200d,2012-01-06,2012-01-09,79.1799,79.5385,0.4528193383849466,1,strength,2012
XLU,pullback_rsi2_200d,2012-01-18,2012-01-23,10.7745,10.7129,-0.5717395008816184,3,strength,2012
TLT,pullback_rsi2_200d,2012-01-23,2012-01-26,78.0906,78.9949,1.1580194497228913,3,strength,2012
XLP,pullback_rsi2_200d,2012-01-25,2012-01-25,21.8218,22.0972,1.2619079806133637,0,strength,2012
XLE,pullback_rsi2_200d,2012-02-01,2012-02-02,21.4976,21.5088,0.05205242779633412,1,strength,2012
TLT,pullback_rsi2_200d,2012-02-06,2012-02-10,78.6552,78.6999,0.05674235519068649,4,strength,2012
XLV,pullback_rsi2_200d,2012-02-13,2012-02-13,28.2934,28.3153,0.07758302786868843,0,strength,2012
XLB,pullback_rsi2_200d,2012-02-13,2012-02-16,13.8988,13.8859,-0.09281367366409388,3,strength,2012
TLT,pullback_rsi2_200d,2012-02-22,2012-02-22,78.116,78.5317,0.5321871847361992,0,strength,2012
GLD,pullback_rsi2_200d,2012-03-01,2012-03-08,166.2661,165.1147,-0.6924967186892728,5,strength,2012
IWM,pullback_rsi2_200d,2012-03-01,2012-03-06,67.0067,64.7732,-3.3333598629543104,3,stop,2012
XLB,pullback_rsi2_200d,2012-03-01,2012-03-06,13.8541,13.429,-3.0684143041848855,3,stop,2012
SMH,pullback_rsi2_200d,2012-03-06,2012-03-08,14.1103,14.485,2.655939428303422,2,strength,2012
XLI,pullback_rsi2_200d,2012-03-06,2012-03-08,27.9133,28.3097,1.4200708897738945,2,strength,2012
XLE,pullback_rsi2_200d,2012-03-07,2012-03-08,22.0974,22.336,1.079676233639315,1,strength,2012
SPY,pullback_rsi2_200d,2012-03-07,2012-03-08,105.0354,106.3623,1.2632864221702178,1,strength,2012
DIA,pullback_rsi2_200d,2012-03-07,2012-03-08,95.0507,95.8121,0.8009963459197467,1,strength,2012
XLF,pullback_rsi2_200d,2012-03-07,2012-03-08,9.0492,9.193,1.5884398222509644,1,strength,2012
QQQ,pullback_rsi2_200d,2012-03-07,2012-03-08,56.47,57.1337,1.1752640205652032,1,strength,2012
XLV,pullback_rsi2_200d,2012-03-07,2012-03-08,28.1833,28.5037,1.136805794570761,1,strength,2012
XLY,pullback_rsi2_200d,2012-03-07,2012-03-08,18.1501,18.4385,1.5889578793974124,1,strength,2012
EEM,pullback_rsi2_200d,2012-03-07,2012-03-08,31.3128,32.0251,2.274757453323817,1,strength,2012
EFA,pullback_rsi2_200d,2012-03-07,2012-03-08,34.3454,35.1931,2.4680768787825658,1,strength,2012
MDY,pullback_rsi2_200d,2012-03-07,2012-03-08,145.7563,148.2456,1.7079018222566855,1,strength,2012
TLT,pullback_rsi2_200d,2012-03-14,2012-03-19,76.1389,74.1416,-2.6231650317963817,3,stop,2012
XLU,pullback_rsi2_200d,2012-03-20,2012-03-23,10.7619,10.7653,0.03146790056074433,3,strength,2012
EEM,pullback_rsi2_200d,2012-03-21,2012-03-26,31.6278,31.9081,0.8864791335813749,3,strength,2012
XLE,pullback_rsi2_200d,2012-03-23,2012-03-26,21.6745,21.9814,1.4161738368703158,1,strength,2012
XLI,pullback_rsi2_200d,2012-03-23,2012-03-26,28.5912,29.0345,1.5506262018995853,1,strength,2012
XLB,pullback_rsi2_200d,2012-03-23,2012-03-26,13.7049,13.9537,1.815287502618057,1,strength,2012
SMH,pullback_rsi2_200d,2012-04-05,2012-04-12,14.7563,14.8541,0.6625171027135446,4,strength,2012
EFA,pullback_rsi2_200d,2012-04-09,2012-04-12,33.9187,34.4188,1.4743334905714889,3,strength,2012
XLE,pullback_rsi2_200d,2012-04-10,2012-04-12,21.0301,21.0605,0.14474464322868918,2,strength,2012
SPY,pullback_rsi2_200d,2012-04-10,2012-04-12,107.7531,108.1927,0.4078924279063756,2,strength,2012
DIA,pullback_rsi2_200d,2012-04-10,2012-04-12,96.1519,96.5926,0.45841797303032283,2,strength,2012
XLF,pullback_rsi2_200d,2012-04-10,2012-04-12,9.5599,9.6719,1.171817055443114,2,strength,2012
IWM,pullback_rsi2_200d,2012-04-10,2012-04-12,66.0063,66.4349,0.6493523363102272,2,strength,2012
XLV,pullback_rsi2_200d,2012-04-10,2012-04-17,29.2581,29.2864,0.09670962961412233,5,strength,2012
XLI,pullback_rsi2_200d,2012-04-10,2012-04-12,28.028,28.3339,1.091332294574343,2,strength,2012
XLP,pullback_rsi2_200d,2012-04-10,2012-04-13,23.038,22.9442,-0.4070866905346304,3,strength,2012
MDY,pullback_rsi2_200d,2012-04-10,2012-04-12,147.8237,148.7249,0.6096546672363035,2,strength,2012
XLB,pullback_rsi2_200d,2012-04-10,2012-04-12,13.4058,13.6439,1.7767305585686621,2,strength,2012
XLU,pullback_rsi2_200d,2012-04-10,2012-04-16,10.7744,10.7809,0.060086609776077715,4,strength,2012
XLK,pullback_rsi2_200d,2012-04-11,2012-04-12,12.3985,12.4984,0.8055665008355861,1,strength,2012
QQQ,pullback_rsi2_200d,2012-04-11,2012-04-12,59.0811,59.405,0.5482341739682539,1,strength,2012
XLY,pullback_rsi2_200d,2012-04-11,2012-04-12,18.6213,18.8928,1.4582777139940495,1,strength,2012
EEM,pullback_rsi2_200d,2012-04-11,2012-04-12,30.6756,31.2941,2.0164399837597102,1,strength,2012
SMH,pullback_rsi2_200d,2012-04-23,2012-04-25,14.2463,14.3663,0.8422515311911516,2,strength,2012
XLF,pullback_rsi2_200d,2012-04-24,2012-04-24,9.441,9.522,0.8583836203120976,0,strength,2012
XLK,pullback_rsi2_200d,2012-04-24,2012-04-25,12.0821,12.3862,2.5169968021107714,1,strength,2012
QQQ,pullback_rsi2_200d,2012-04-24,2012-04-25,57.5313,58.7333,2.0893442548048924,1,strength,2012
XLB,pullback_rsi2_200d,2012-04-24,2012-04-25,13.4731,13.7298,1.9053687116260098,1,strength,2012
XLY,pullback_rsi2_200d,2012-04-25,2012-04-25,18.7908,18.9266,0.7230249366221297,0,strength,2012
SMH,pullback_rsi2_200d,2012-05-07,2012-05-11,14.14,14.0185,-0.8597450300732667,4,strength,2012
SPY,pullback_rsi2_200d,2012-05-07,2012-05-15,106.6284,104.011,-2.454619433856653,6,stop,2012
DIA,pullback_rsi2_200d,2012-05-07,2012-05-14,96.7332,94.617,-2.1876160540113654,5,stop,2012
XLF,pullback_rsi2_200d,2012-05-07,2012-05-14,9.3847,9.0627,-3.4302936980714627,5,stop,2012
XLK,pullback_rsi2_200d,2012-05-07,2012-05-17,12.028,11.6643,-3.023650633867514,8,stop,2012
QQQ,pullback_rsi2_200d,2012-05-07,2012-05-17,56.9556,55.1229,-3.2177130449669966,8,stop,2012
IWM,pullback_rsi2_200d,2012-05-07,2012-05-17,65.0483,62.6044,-3.756982595980496,8,stop,2012
XLV,pullback_rsi2_200d,2012-05-07,2012-05-10,29.0289,29.2233,0.6696863153854427,3,strength,2012
XLI,pullback_rsi2_200d,2012-05-07,2012-05-15,27.8506,27.0091,-3.0214427482535333,6,stop,2012
EEM,pullback_rsi2_200d,2012-05-07,2012-05-09,30.2434,29.2538,-3.272132041817044,2,stop,2012
EFA,pullback_rsi2_200d,2012-05-07,2012-05-09,33.7958,32.7329,-3.145341033977034,2,stop,2012
MDY,pullback_rsi2_200d,2012-05-07,2012-05-17,146.9937,142.1829,-3.2727848466368004,8,stop,2012
XLB,pullback_rsi2_200d,2012-05-07,2012-05-14,13.2786,12.8334,-3.352971746902045,5,stop,2012
XLY,pullback_rsi2_200d,2012-05-09,2012-05-17,18.6297,18.049,-3.1169553932117955,6,stop,2012
XLP,pullback_rsi2_200d,2012-05-10,2012-05-10,23.2704,23.2785,0.03474203878268689,0,strength,2012
SMH,pullback_rsi2_200d,2012-05-16,2012-05-18,13.7618,13.2132,-3.986058579359908,2,stop,2012
DIA,pullback_rsi2_200d,2012-05-16,2012-05-18,94.7014,92.4926,-2.3323621760361624,2,stop,2012
XLF,pullback_rsi2_200d,2012-05-16,2012-05-17,9.0906,8.758,-3.6590878397715576,1,stop,2012
XLV,pullback_rsi2_200d,2012-05-16,2012-05-18,29.0526,28.4189,-2.1812315902710155,2,stop,2012
SPY,pullback_rsi2_200d,2012-05-17,2012-05-18,103.7773,101.0663,-2.612315270722021,1,stop,2012
XLI,pullback_rsi2_200d,2012-05-17,2012-05-21,27.0097,26.8556,-0.5703862087481637,2,strength,2012
SPY,pullback_rsi2_200d,2012-06-05,2012-06-06,99.864,102.8761,3.0162451051607864,1,strength,2012
XLU,pullback_rsi2_200d,2012-06-26,2012-06-27,11.3939,11.5093,1.0128896312523894,1,strength,2012
SPY,pullback_rsi2_200d,2012-07-11,2012-07-13,105.375,106.3712,0.9453580451580734,2,strength,2012
DIA,pullback_rsi2_200d,2012-07-11,2012-07-13,94.9293,95.6313,0.739562199952104,2,strength,2012
XLF,pullback_rsi2_200d,2012-07-11,2012-07-13,9.0212,9.229,2.303888674800336,2,strength,2012
XLK,pullback_rsi2_200d,2012-07-11,2012-07-13,11.8239,11.792,-0.2703468182392199,2,strength,2012
XLI,pullback_rsi2_200d,2012-07-11,2012-07-13,26.8197,26.975,0.5790163414829852,2,strength,2012
XLY,pullback_rsi2_200d,2012-07-11,2012-07-13,18.3979,18.5139,0.6306587731754298,2,strength,2012
QQQ,pullback_rsi2_200d,2012-07-12,2012-07-13,55.4976,56.1486,1.173022343677621,1,strength,2012
MDY,pullback_rsi2_200d,2012-07-13,2012-07-13,142.5434,143.954,0.9896227786939216,0,strength,2012
XLF,pullback_rsi2_200d,2012-07-23,2012-07-26,8.8703,9.091,2.48792776434541,3,strength,2012
IWM,pullback_rsi2_200d,2012-07-24,2012-07-27,64.699,65.7046,1.554202292040907,3,strength,2012
XLV,pullback_rsi2_200d,2012-07-24,2012-07-26,30.0118,30.0707,0.19654371846298258,2,strength,2012
XLP,pullback_rsi2_200d,2012-07-24,2012-07-26,23.9607,24.1876,0.9469955251414808,2,strength,2012
MDY,pullback_rsi2_200d,2012-07-24,2012-07-26,142.3584,142.0152,-0.2410805106485281,2,strength,2012
SPY,pullback_rsi2_200d,2012-07-25,2012-07-26,105.375,106.7002,1.2576250175102555,1,strength,2012
DIA,pullback_rsi2_200d,2012-07-25,2012-07-26,95.2115,96.5074,1.3610357512462201,1,strength,2012
XLY,pullback_rsi2_200d,2012-07-25,2012-07-26,18.2405,18.429,1.0334155087145858,1,strength,2012
XLK,pullback_rsi2_200d,2012-07-26,2012-07-26,11.9075,11.8921,-0.12973878537597683,0,strength,2012
QQQ,pullback_rsi2_200d,2012-07-26,2012-07-26,56.3142,56.1397,-0.3099197407938292,0,strength,2012
XLU,pullback_rsi2_200d,2012-07-26,2012-07-26,11.7369,11.8233,0.7366689441426821,0,strength,2012
TLT,pullback_rsi2_200d,2012-07-30,2012-08-02,87.5421,88.3151,0.8830834030325585,3,strength,2012
TLT,pullback_rsi2_200d,2012-08-08,2012-08-13,86.203,85.5738,-0.7298198646278231,3,strength,2012
TLT,pullback_rsi2_200d,2012-08-15,2012-08-21,84.0575,83.4599,-0.7109084034208846,4,strength,2012
XLU,pullback_rsi2_200d,2012-08-16,2012-08-23,11.7526,11.5036,-2.1185812317875974,5,stop,2012
XLP,pullback_rsi2_200d,2012-08-23,2012-08-27,24.4769,24.4898,0.052788852477370085,2,strength,2012
SMH,pullback_rsi2_200d,2012-08-24,2012-08-31,14.004,13.9845,-0.1392232843532959,5,strength,2012
DIA,pullback_rsi2_200d,2012-08-24,2012-08-31,98.1849,98.493,0.313755401075122,5,strength,2012
EEM,pullback_rsi2_200d,2012-08-24,2012-09-05,29.5528,28.6449,-3.0721925441273945,7,stop,2012
XLB,pullback_rsi2_200d,2012-08-29,2012-08-31,13.3844,13.3764,-0.05965768311286812,2,strength,2012
XLE,pullback_rsi2_200d,2012-08-31,2012-09-06,21.7092,21.9055,0.9042771798926319,3,strength,2012
SPY,pullback_rsi2_200d,2012-08-31,2012-09-06,110.9339,112.6555,1.551956149738687,3,strength,2012
XLI,pullback_rsi2_200d,2012-08-31,2012-09-06,28.1994,28.3829,0.6506123230680672,3,strength,2012
EFA,pullback_rsi2_200d,2012-08-31,2012-09-06,34.259,34.6461,1.1300963142077514,3,strength,2012
XLU,pullback_rsi2_200d,2012-08-31,2012-09-04,11.4851,11.459,-0.22712469731228646,1,strength,2012
TLT,pullback_rsi2_200d,2012-09-10,2012-09-13,84.6956,82.5915,-2.4842994595626777,3,stop,2012
XLP,pullback_rsi2_200d,2012-09-13,2012-09-13,24.3737,24.7646,1.6039859406729917,0,strength,2012
XLU,pullback_rsi2_200d,2012-09-13,2012-09-13,11.4065,11.5533,1.2868811591493223,0,strength,2012
XLK,pullback_rsi2_200d,2012-09-26,2012-10-03,12.9304,12.9674,0.28611602960735283,5,strength,2012
QQQ,pullback_rsi2_200d,2012-09-26,2012-10-02,61.1306,61.0085,-0.19973280793489367,4,strength,2012
XLI,pullback_rsi2_200d,2012-09-26,2012-10-01,28.4755,28.5744,0.347099769927639,3,strength,2012
MDY,pullback_rsi2_200d,2012-09-26,2012-10-02,151.8151,151.3352,-0.31615284744896943,4,strength,2012
XLE,pullback_rsi2_200d,2012-09-27,2012-10-01,22.3989,22.4912,0.41246431267734085,2,strength,2012
SPY,pullback_rsi2_200d,2012-09-27,2012-10-01,113.5783,113.7138,0.11929383799484938,2,strength,2012
XLF,pullback_rsi2_200d,2012-09-27,2012-10-01,9.8414,9.8659,0.2483965306026681,2,strength,2012
IWM,pullback_rsi2_200d,2012-09-27,2012-10-01,69.5674,69.6197,0.07516590243545895,2,strength,2012
XLY,pullback_rsi2_200d,2012-09-27,2012-10-03,19.9302,20.0352,0.5268237641556928,4,strength,2012
XLB,pullback_rsi2_200d,2012-09-27,2012-10-01,13.9383,13.9255,-0.0915312451860828,2,strength,2012
TLT,pullback_rsi2_200d,2012-10-08,2012-10-10,83.6999,84.1011,0.47927330843211546,2,strength,2012
SPY,pullback_rsi2_200d,2012-10-10,2012-10-15,113.8073,113.5011,-0.26904708343726824,3,strength,2012
XLK,pullback_rsi2_200d,2012-10-10,2012-10-15,12.6702,12.5946,-0.5964716463310538,3,strength,2012
QQQ,pullback_rsi2_200d,2012-10-10,2012-10-15,59.8576,59.6758,-0.30367361414663785,3,strength,2012
IWM,pullback_rsi2_200d,2012-10-10,2012-10-15,68.8841,68.7216,-0.2359791920519716,3,strength,2012
GLD,pullback_rsi2_200d,2012-10-11,2012-10-15,171.4713,167.9881,-2.031382931599224,2,stop,2012
XLE,pullback_rsi2_200d,2012-10-11,2012-10-16,22.3286,22.5796,1.1241216632573936,3,strength,2012
DIA,pullback_rsi2_200d,2012-10-11,2012-10-15,101.1841,101.0649,-0.11779019898183751,2,strength,2012
XLI,pullback_rsi2_200d,2012-10-11,2012-10-15,28.5224,28.5744,0.18234507754650853,2,strength,2012
XLY,pullback_rsi2_200d,2012-10-11,2012-10-15,19.9771,19.8946,-0.4130017306974709,2,strength,2012
XLP,pullback_rsi2_200d,2012-10-11,2012-10-15,25.0102,24.9671,-0.17215183484883267,2,strength,2012
EEM,pullback_rsi2_200d,2012-10-11,2012-10-15,30.7388,30.707,-0.10356969521999604,2,strength,2012
EFA,pullback_rsi2_200d,2012-10-11,2012-10-15,35.344,35.4517,0.30461843355344964,2,strength,2012
MDY,pullback_rsi2_200d,2012-10-11,2012-10-15,151.2589,150.8473,-0.2720966661619695,2,strength,2012
XLB,pullback_rsi2_200d,2012-10-11,2012-10-15,13.874,13.835,-0.28135106194558945,2,strength,2012
TLT,pullback_rsi2_200d,2012-10-18,2012-10-19,83.1098,83.3684,0.31112394091166173,1,strength,2012
GLD,pullback_rsi2_200d,2012-10-22,2012-10-31,167.2471,166.6632,-0.3491301595596963,5,strength,2012
XLK,pullback_rsi2_200d,2012-10-22,2012-11-01,12.2924,12.2888,-0.02944546425318606,6,strength,2012
QQQ,pullback_rsi2_200d,2012-10-22,2012-11-01,58.4422,58.5209,0.1347012936587788,6,strength,2012
XLE,pullback_rsi2_200d,2012-10-24,2012-10-31,22.0202,21.9244,-0.43505757381587795,3,strength,2012
SPY,pullback_rsi2_200d,2012-10-24,2012-10-31,112.0312,111.3505,-0.6076404496738075,3,strength,2012
DIA,pullback_rsi2_200d,2012-10-24,2012-11-01,99.1222,99.6642,0.5468060785517537,4,strength,2012
XLF,pullback_rsi2_200d,2012-10-24,2012-10-31,10.0624,10.0171,-0.45027992132458117,3,strength,2012
IWM,pullback_rsi2_200d,2012-10-24,2012-10-31,68.0759,67.8817,-0.2853243675556838,3,strength,2012
XLV,pullback_rsi2_200d,2012-10-24,2012-10-25,32.2052,32.2604,0.17142371860530137,1,strength,2012
XLI,pullback_rsi2_200d,2012-10-24,2012-10-31,28.4756,28.4109,-0.22715111476926397,3,strength,2012
XLY,pullback_rsi2_200d,2012-10-24,2012-10-31,19.768,19.622,-0.738434350707251,3,strength,2012
XLP,pullback_rsi2_200d,2012-10-24,2012-10-31,24.4487,24.4828,0.1397257549262676,3,strength,2012
MDY,pullback_rsi2_200d,2012-10-24,2012-10-31,150.8459,149.9472,-0.5957885701786236,3,strength,2012
XLB,pullback_rsi2_200d,2012-10-24,2012-11-01,13.7682,13.8538,0.6220681342998802,4,strength,2012
XLU,pullback_rsi2_200d,2012-10-25,2012-10-31,11.6098,11.7104,0.8663226747655406,2,strength,2012
GLD,pullback_rsi2_200d,2012-11-05,2012-11-06,163.2831,166.1337,1.7457946796524348,1,strength,2012
XLP,pullback_rsi2_200d,2012-11-06,2012-11-06,24.4002,24.4898,0.36724854079432934,0,strength,2012
XLU,pullback_rsi2_200d,2012-11-06,2012-11-07,11.3554,11.0897,-2.3397815783346765,1,stop,2012
XLV,pullback_rsi2_200d,2012-11-08,2012-11-15,31.5504,30.7277,-2.607578309270153,5,stop,2012
SPY,pullback_rsi2_200d,2012-11-09,2012-11-19,108.6292,109.6016,0.8952205487944065,6,strength,2012
XLY,pullback_rsi2_200d,2012-11-09,2012-11-19,19.3199,19.6561,1.7402044591375843,6,strength,2012
XLP,pullback_rsi2_200d,2012-11-09,2012-11-16,23.9149,23.8049,-0.46018039970007196,5,strength,2012
EFA,pullback_rsi2_200d,2012-11-14,2012-11-19,34.8611,35.1414,0.8040634479039133,3,strength,2012
XLF,pullback_rsi2_200d,2012-11-15,2012-11-19,9.5637,9.8092,2.566978710035883,2,strength,2012
GLD,pullback_rsi2_200d,2012-11-16,2012-11-19,165.9057,167.7021,1.0827711951830077,1,strength,2012
TLT,pullback_rsi2_200d,2012-11-26,2012-11-26,85.882,85.4639,-0.4868578203662155,0,strength,2012
GLD,pullback_rsi2_200d,2012-12-05,2012-12-07,164.3842,164.9948,0.3714604917579578,2,strength,2012
TLT,pullback_rsi2_200d,2012-12-13,2012-12-14,84.0777,84.8086,0.869260306343822,1,strength,2012
GLD,pullback_rsi2_200d,2012-12-17,2012-12-18,164.3242,161.234,-1.8805418693383258,1,stop,2012
GLD,pullback_rsi2_200d,2012-12-20,2012-12-26,160.0299,160.6192,0.36827730111459456,3,strength,2012
XLP,pullback_rsi2_200d,2012-12-20,2012-12-26,24.7675,24.3063,-1.8621983544808485,3,stop,2012
XLV,pullback_rsi2_200d,2012-12-27,2012-12-31,32.074,31.9538,-0.3746700123442692,2,strength,2012
XLY,pullback_rsi2_200d,2012-12-27,2012-12-31,20.1482,20.3351,0.9276930114709314,2,strength,2012
XLE,pullback_rsi2_200d,2012-12-28,2012-12-31,21.6812,21.8768,0.9021875323442563,1,strength,2012
DIA,pullback_rsi2_200d,2012-12-28,2012-12-31,98.7891,99.1689,0.384443088290487,1,strength,2012
SPY,pullback_rsi2_200d,2012-12-31,2012-12-31,111.0213,112.9812,1.7653332833303947,0,strength,2012
XLI,pullback_rsi2_200d,2012-12-31,2012-12-31,29.1717,29.7252,1.8973015503408686,0,strength,2012
XLP,pullback_rsi2_200d,2012-12-31,2012-12-31,24.0991,24.4148,1.3096863612441334,0,strength,2012
MDY,pullback_rsi2_200d,2012-12-31,2012-12-31,154.424,156.9036,1.605698168133407,0,strength,2012
SMH,pullback_rsi2_200d,2013-01-10,2013-01-10,14.4947,14.6174,0.846632290593452,0,strength,2013
GLD,pullback_rsi2_200d,2013-01-25,2013-01-30,160.7206,162.0278,0.8133712965472828,3,strength,2013
EEM,pullback_rsi2_200d,2013-01-25,2013-01-29,32.9865,33.0099,0.07105015438655382,2,strength,2013
EEM,pullback_rsi2_200d,2013-02-08,2013-02-08,32.5688,32.6451,0.2345081138413807,0,strength,2013
XLB,pullback_rsi2_200d,2013-02-20,2013-02-20,14.9079,14.6027,-2.0475155103451437,0,stop,2013
QQQ,pullback_rsi2_200d,2013-02-22,2013-02-27,59.8419,60.0707,0.3823878154292526,3,strength,2013
XLY,pullback_rsi2_200d,2013-02-22,2013-02-27,21.5355,21.724,0.8749727012861808,3,strength,2013
EEM,pullback_rsi2_200d,2013-02-22,2013-02-27,32.3599,32.3176,-0.13074133080764883,3,strength,2013
MDY,pullback_rsi2_200d,2013-02-22,2013-02-26,169.3406,166.0066,-1.9688581215029255,2,stop,2013
XLB,pullback_rsi2_200d,2013-02-22,2013-02-27,14.458,14.6194,1.1160969351808436,3,strength,2013
EEM,pullback_rsi2_200d,2013-03-14,2013-03-19,32.1734,31.4242,-2.3288196769831626,3,stop,2013
SMH,pullback_rsi2_200d,2013-03-20,2013-03-22,15.2633,15.1245,-0.9096251944505029,2,strength,2013
IWM,pullback_rsi2_200d,2013-04-02,2013-04-03,79.0399,77.1843,-2.347647479112014,1,stop,2013
XLB,pullback_rsi2_200d,2013-04-03,2013-04-08,14.7243,14.6834,-0.27758547044137716,3,strength,2013
SMH,pullback_rsi2_200d,2013-04-04,2013-04-08,14.7335,14.9164,1.241461572546343,2,strength,2013
XLE,pullback_rsi2_200d,2013-04-04,2013-04-08,23.7916,23.944,0.6408107401855379,2,strength,2013
XLI,pullback_rsi2_200d,2013-04-04,2013-04-08,32.2897,32.4615,0.5319915783665419,2,strength,2013
EEM,pullback_rsi2_200d,2013-04-04,2013-04-09,31.1738,31.3349,0.5166578466971883,3,strength,2013
MDY,pullback_rsi2_200d,2013-04-04,2013-04-08,172.8936,174.5553,0.9611266169958332,2,strength,2013
XLK,pullback_rsi2_200d,2013-04-08,2013-04-09,12.6087,12.7188,0.8736486588597048,1,strength,2013
XLE,pullback_rsi2_200d,2013-04-16,2013-04-22,23.2983,23.1871,-0.4771575967904451,4,strength,2013
IWM,pullback_rsi2_200d,2013-04-16,2013-04-19,76.5367,76.2156,-0.41961246156200227,3,strength,2013
XLI,pullback_rsi2_200d,2013-04-16,2013-04-23,32.2502,32.0755,-0.5417727293009378,5,strength,2013
MDY,pullback_rsi2_200d,2013-04-16,2013-04-19,173.0632,173.0309,-0.018700323770515226,3,strength,2013
XLB,pullback_rsi2_200d,2013-04-16,2013-04-19,14.4065,14.4274,0.14499317147458335,3,strength,2013
XLV,pullback_rsi2_200d,2013-05-02,2013-05-02,38.0507,38.1034,0.13857693951788708,0,strength,2013
XLU,pullback_rsi2_200d,2013-05-07,2013-05-10,13.0949,12.8051,-2.213250554144097,3,stop,2013
EEM,pullback_rsi2_200d,2013-05-23,2013-05-31,31.5394,30.7221,-2.591122761506537,5,stop,2013
SMH,pullback_rsi2_200d,2013-05-24,2013-05-28,16.4444,16.5806,0.8279883120086762,1,strength,2013
XLP,pullback_rsi2_200d,2013-05-24,2013-05-24,29.1069,29.3159,0.7180164217459373,0,strength,2013
EFA,pullback_rsi2_200d,2013-05-24,2013-06-05,40.9149,39.8898,-2.5054669742113678,7,stop,2013
XLU,pullback_rsi2_200d,2013-05-24,2013-05-29,12.7024,12.3396,-2.8566247221831875,2,stop,2013
XLE,pullback_rsi2_200d,2013-06-03,2013-06-07,24.9107,25.0179,0.4301344224653114,4,strength,2013
XLY,pullback_rsi2_200d,2013-06-03,2013-06-06,24.2408,23.6238,-2.544935711794938,3,stop,2013
XLP,pullback_rsi2_200d,2013-06-03,2013-06-07,28.2827,28.5988,1.1175773934907207,4,strength,2013
XLU,pullback_rsi2_200d,2013-06-03,2013-06-06,12.2256,12.2174,-0.06740650918899416,3,strength,2013
SPY,pullback_rsi2_200d,2013-06-06,2013-06-07,128.7142,131.3258,2.028980996197549,1,strength,2013
XLF,pullback_rsi2_200d,2013-06-06,2013-06-07,12.3266,12.7027,3.0512005580828117,1,strength,2013
QQQ,pullback_rsi2_200d,2013-06-06,2013-06-07,64.7357,65.7167,1.515390419283258,1,strength,2013
XLV,pullback_rsi2_200d,2013-06-06,2013-06-06,38.1877,38.6747,1.2752888014947228,0,strength,2013
XLI,pullback_rsi2_200d,2013-06-06,2013-06-07,33.7656,34.4938,2.1564600241740894,1,strength,2013
MDY,pullback_rsi2_200d,2013-06-06,2013-06-07,178.8083,182.3214,1.9647255813080466,1,strength,2013
XLB,pullback_rsi2_200d,2013-06-06,2013-06-07,15.1378,15.3521,1.4155742279315486,1,strength,2013
XLE,pullback_rsi2_200d,2013-06-21,2013-06-24,24.3765,23.5213,-3.5080570834345237,1,stop,2013
SPY,pullback_rsi2_200d,2013-06-21,2013-06-26,128.1431,128.2876,0.11276662190589093,3,strength,2013
XLV,pullback_rsi2_200d,2013-06-21,2013-06-26,38.2634,38.6477,1.0043829037897467,3,strength,2013
XLP,pullback_rsi2_200d,2013-06-21,2013-06-26,27.8009,28.1203,1.149217985469364,3,strength,2013
EFA,pullback_rsi2_200d,2013-06-21,2013-06-24,39.0755,37.7282,-3.447904373375643,1,stop,2013
MDY,pullback_rsi2_200d,2013-06-21,2013-06-26,176.5145,177.1053,0.33468700606262836,3,strength,2013
XLB,pullback_rsi2_200d,2013-06-21,2013-06-24,15.1495,14.6675,-3.1818248770631663,1,stop,2013
XLK,pullback_rsi2_200d,2013-06-24,2013-06-26,12.8811,12.9956,0.8892901425669786,2,strength,2013
QQQ,pullback_rsi2_200d,2013-06-24,2013-06-26,62.8704,63.661,1.2575369929624491,2,strength,2013
SMH,pullback_rsi2_200d,2013-06-25,2013-06-26,16.0189,16.1645,0.9093873449376177,1,strength,2013
XLF,pullback_rsi2_200d,2013-06-25,2013-06-26,12.1395,12.3388,1.6415321494143376,1,strength,2013
XLI,pullback_rsi2_200d,2013-06-25,2013-06-26,33.2876,33.6249,1.0131863882764547,1,strength,2013
XLU,pullback_rsi2_200d,2013-07-08,2013-07-08,12.1285,12.2416,0.9327662358924682,0,strength,2013
SMH,pullback_rsi2_200d,2013-07-25,2013-07-30,16.5313,16.6326,0.6128815419179645,3,strength,2013
SMH,pullback_rsi2_200d,2013-08-08,2013-08-13,16.7093,16.7279,0.11143540306626232,3,strength,2013
XLF,pullback_rsi2_200d,2013-08-08,2013-08-13,13.1506,13.0541,-0.7340124370086132,3,strength,2013
DIA,pullback_rsi2_200d,2013-08-13,2013-08-13,119.0326,118.8102,-0.18687162570272253,0,strength,2013
XLV,pullback_rsi2_200d,2013-08-13,2013-08-15,41.2279,40.3568,-2.1131168970422887,2,stop,2013
XLU,pullback_rsi2_200d,2013-08-14,2013-08-16,12.6627,12.3623,-2.37186435675959,2,stop,2013
XLY,pullback_rsi2_200d,2013-08-15,2013-08-20,25.4594,25.2015,-1.0129937219359064,3,strength,2013
XLP,pullback_rsi2_200d,2013-08-15,2013-08-16,28.9849,28.4458,-1.8601582996660815,1,stop,2013
SMH,pullback_rsi2_200d,2013-08-16,2013-08-22,16.223,16.2382,0.09405169753176068,4,strength,2013
XLE,pullback_rsi2_200d,2013-08-16,2013-08-22,25.216,25.0976,-0.46950142317944143,4,strength,2013
SPY,pullback_rsi2_200d,2013-08-16,2013-08-22,133.2964,133.03,-0.19981177862872235,4,strength,2013
DIA,pullback_rsi2_200d,2013-08-16,2013-08-23,116.3675,115.5566,-0.6968364800828186,5,strength,2013
XLF,pullback_rsi2_200d,2013-08-16,2013-08-22,12.8114,12.7986,-0.10012156420889928,4,strength,2013
QQQ,pullback_rsi2_200d,2013-08-16,2013-08-22,67.9738,68.4129,0.6459756806742156,4,strength,2013
IWM,pullback_rsi2_200d,2013-08-16,2013-08-22,86.1837,86.9408,0.8784642216361327,4,strength,2013
XLI,pullback_rsi2_200d,2013-08-16,2013-08-22,35.6121,35.723,0.3115633053971223,4,strength,2013
MDY,pullback_rsi2_200d,2013-08-16,2013-08-20,187.0406,187.7633,0.38637569266286587,2,strength,2013
XLV,pullback_rsi2_200d,2013-08-19,2013-08-22,39.9968,40.1432,0.36607631084444314,3,strength,2013
XLB,pullback_rsi2_200d,2013-08-19,2013-08-22,15.7089,15.7237,0.09436352361860134,3,strength,2013
XLK,pullback_rsi2_200d,2013-08-20,2013-08-22,13.5498,13.5355,-0.10567869432492882,2,strength,2013
XLP,pullback_rsi2_200d,2013-08-20,2013-08-23,28.4957,28.4529,-0.15018581035571854,3,strength,2013
XLU,pullback_rsi2_200d,2013-08-20,2013-08-23,12.2235,12.3169,0.7633920064757049,3,strength,2013
EFA,pullback_rsi2_200d,2013-08-22,2013-08-23,41.5599,41.9332,0.8981617026477373,1,strength,2013
SMH,pullback_rsi2_200d,2013-08-28,2013-08-29,16.0145,16.1905,1.099099268897441,1,strength,2013
DIA,pullback_rsi2_200d,2013-08-28,2013-09-03,113.9255,114.2301,0.2673362554346692,3,strength,2013
XLF,pullback_rsi2_200d,2013-08-28,2013-09-03,12.4147,12.5176,0.829042021444093,3,strength,2013
XLI,pullback_rsi2_200d,2013-08-28,2013-09-03,34.9139,35.0896,0.5031819618448452,3,strength,2013
XLY,pullback_rsi2_200d,2013-08-28,2013-08-29,24.8111,25.0332,0.8953820866407503,1,strength,2013
XLP,pullback_rsi2_200d,2013-08-29,2013-08-30,27.7087,27.9576,0.8982717320183076,1,strength,2013
EFA,pullback_rsi2_200d,2013-09-03,2013-09-03,41.2937,41.075,-0.5296586686095783,0,strength,2013
XLV,pullback_rsi2_200d,2013-09-26,2013-10-01,41.0727,41.5832,1.2428310078478777,3,strength,2013
XLE,pullback_rsi2_200d,2013-10-01,2013-10-02,25.7313,25.9749,0.9469025729563985,1,strength,2013
DIA,pullback_rsi2_200d,2013-10-01,2013-10-08,116.9194,114.6908,-1.906077436005893,5,stop,2013
XLF,pullback_rsi2_200d,2013-10-01,2013-10-01,12.8106,12.8555,0.3507471766573733,0,strength,2013
XLK,pullback_rsi2_200d,2013-10-01,2013-10-01,13.7267,13.8061,0.5781870215117335,0,strength,2013
XLP,pullback_rsi2_200d,2013-10-01,2013-10-10,28.3834,28.8038,1.4811152046782627,7,strength,2013
SMH,pullback_rsi2_200d,2013-10-09,2013-10-10,17.2347,17.4906,1.4849183361917095,1,strength,2013
XLK,pullback_rsi2_200d,2013-10-09,2013-10-10,13.5341,13.7463,1.5677092434942308,1,strength,2013
QQQ,pullback_rsi2_200d,2013-10-09,2013-10-10,69.8751,70.8257,1.3604440159250997,1,strength,2013
IWM,pullback_rsi2_200d,2013-10-09,2013-10-10,88.5266,89.9083,1.5607816795216056,1,strength,2013
XLY,pullback_rsi2_200d,2013-10-09,2013-10-10,25.6554,26.0714,1.6211954731002232,1,strength,2013
EFA,pullback_rsi2_200d,2013-10-09,2013-10-10,42.9452,43.6563,1.6556969813268152,1,strength,2013
MDY,pullback_rsi2_200d,2013-10-09,2013-10-10,190.8207,193.7893,1.5556975606391354,1,strength,2013
XLI,pullback_rsi2_200d,2013-10-10,2013-10-10,36.6209,37.0488,1.168518220837389,0,strength,2013
SMH,pullback_rsi2_200d,2013-10-24,2013-10-28,17.4562,17.599,0.8180722661744522,2,strength,2013
IWM,pullback_rsi2_200d,2013-11-04,2013-11-04,92.7195,93.1526,0.4671210955264904,0,strength,2013
QQQ,pullback_rsi2_200d,2013-11-08,2013-11-12,73.7932,74.3665,0.7769610736618526,2,strength,2013
IWM,pullback_rsi2_200d,2013-11-08,2013-11-08,91.1917,92.5258,1.462918014578074,0,strength,2013
XLV,pullback_rsi2_200d,2013-11-08,2013-11-08,42.6099,43.1497,1.2670102683488782,0,strength,2013
XLY,pullback_rsi2_200d,2013-11-08,2013-11-11,27.0685,27.421,1.3023957538083941,1,strength,2013
EEM,pullback_rsi2_200d,2013-11-08,2013-11-14,30.9939,31.2713,0.8952824494099287,4,strength,2013
MDY,pullback_rsi2_200d,2013-11-08,2013-11-11,196.9957,200.327,1.691045983865136,1,strength,2013
XLU,pullback_rsi2_200d,2013-11-13,2013-11-14,12.6946,12.9235,1.802961812488113,1,strength,2013
XLU,pullback_rsi2_200d,2013-11-21,2013-12-03,12.7807,12.5669,-1.6723593697162586,7,strength,2013
XLE,pullback_rsi2_200d,2013-12-02,2013-12-03,26.9295,26.9316,0.0078289891701111,1,strength,2013
XLP,pullback_rsi2_200d,2013-12-03,2013-12-03,30.4882,30.6125,0.4074608678866998,0,strength,2013
XLI,pullback_rsi2_200d,2013-12-04,2013-12-06,39.4661,40.0395,1.4527987509749707,2,strength,2013
EFA,pullback_rsi2_200d,2013-12-04,2013-12-06,44.0371,44.5212,1.0993527805128744,2,strength,2013
XLB,pullback_rsi2_200d,2013-12-04,2013-12-06,16.9119,17.1297,1.2874401980818906,2,strength,2013
DIA,pullback_rsi2_200d,2013-12-05,2013-12-06,123.055,124.1345,0.8773169667860126,1,strength,2013
MDY,pullback_rsi2_200d,2013-12-05,2013-12-06,201.6676,203.3359,0.8272806123103882,1,strength,2013
SPY,pullback_rsi2_200d,2013-12-06,2013-12-06,145.7307,145.6569,-0.05065268991139016,0,strength,2013
XLF,pullback_rsi2_200d,2013-12-06,2013-12-06,13.7164,13.7147,-0.012811736849849265,0,strength,2013
EEM,pullback_rsi2_200d,2013-12-06,2013-12-06,31.538,31.6334,0.30242723413540507,0,strength,2013
XLE,pullback_rsi2_200d,2013-12-12,2013-12-16,26.4658,26.6707,0.7742597806037033,2,strength,2013
IWM,pullback_rsi2_200d,2013-12-12,2013-12-16,93.1099,94.4571,1.4468276923130796,2,strength,2013
XLV,pullback_rsi2_200d,2013-12-12,2013-12-18,44.0332,44.627,1.3486102885498896,4,strength,2013
MDY,pullback_rsi2_200d,2013-12-12,2013-12-16,199.9679,201.8784,0.9553812851058385,2,strength,2013
SMH,pullback_rsi2_200d,2013-12-13,2013-12-17,17.847,17.9587,0.6258151106760312,2,strength,2013
SPY,pullback_rsi2_200d,2013-12-13,2013-12-16,143.9804,144.2724,0.20278308350838437,1,strength,2013
DIA,pullback_rsi2_200d,2013-12-13,2013-12-16,122.3483,123.158,0.6617798670295549,1,strength,2013
XLK,pullback_rsi2_200d,2013-12-13,2013-12-16,14.7582,14.7544,-0.026087911906313987,1,strength,2013
XLY,pullback_rsi2_200d,2013-12-13,2013-12-16,27.9353,28.0742,0.4970234143002239,1,strength,2013
EFA,pullback_rsi2_200d,2013-12-13,2013-12-16,43.7436,43.9491,0.46967739316754464,1,strength,2013
XLP,pullback_rsi2_200d,2013-12-16,2013-12-18,30.2171,30.4487,0.7663932097712545,2,strength,2013
XLP,pullback_rsi2_200d,2014-01-06,2014-01-09,30.5403,30.3788,-0.528738903696413,3,strength,2014
XLE,pullback_rsi2_200d,2014-01-14,2014-01-16,26.736,26.8823,0.5471521307364835,2,strength,2014
DIA,pullback_rsi2_200d,2014-01-14,2014-01-15,126.696,127.8646,0.9223943978516225,1,strength,2014
XLY,pullback_rsi2_200d,2014-01-14,2014-01-24,28.4302,27.8529,-2.0307037912099757,7,stop,2014
DIA,pullback_rsi2_200d,2014-01-24,2014-01-27,125.2171,122.8952,-1.8542630459895126,1,stop,2014
XLF,pullback_rsi2_200d,2014-01-24,2014-01-27,13.8713,13.5684,-2.1837171622530294,1,stop,2014
XLP,pullback_rsi2_200d,2014-01-24,2014-01-29,30.0514,29.4857,-1.882350632311236,3,stop,2014
XLB,pullback_rsi2_200d,2014-01-24,2014-01-27,17.4359,17.0245,-2.3597129403299943,1,stop,2014
XLE,pullback_rsi2_200d,2014-01-27,2014-01-30,26.4139,26.3581,-0.21158757236376946,3,strength,2014
SPY,pullback_rsi2_200d,2014-01-27,2014-01-30,145.2163,145.0637,-0.10506427844583222,3,strength,2014
XLK,pullback_rsi2_200d,2014-01-27,2014-01-28,15.1321,14.8005,-2.1913468711683093,1,stop,2014
QQQ,pullback_rsi2_200d,2014-01-27,2014-01-29,78.5558,76.7949,-2.241666648900187,2,stop,2014
IWM,pullback_rsi2_200d,2014-01-27,2014-01-29,96.9448,94.4771,-2.545457212331015,2,stop,2014
XLV,pullback_rsi2_200d,2014-01-27,2014-01-30,45.4395,46.0089,1.25304142157443,3,strength,2014
XLI,pullback_rsi2_200d,2014-01-27,2014-01-30,40.0837,40.1954,0.2788008910548312,3,strength,2014
EFA,pullback_rsi2_200d,2014-01-27,2014-01-31,44.6596,43.5056,-2.5840539016360964,4,gap_stop,2014
MDY,pullback_rsi2_200d,2014-01-27,2014-01-30,204.9017,204.9796,0.03803919409437473,3,strength,2014
SMH,pullback_rsi2_200d,2014-01-28,2014-01-30,18.1797,18.2754,0.5267210175635029,2,strength,2014
XLY,pullback_rsi2_200d,2014-01-28,2014-01-30,27.6339,27.6742,0.14598326298620456,2,strength,2014
XLK,pullback_rsi2_200d,2014-01-30,2014-01-30,14.9385,14.913,-0.17105804007123693,0,strength,2014
SMH,pullback_rsi2_200d,2014-02-04,2014-02-06,17.765,18.0069,1.3615311762518845,2,strength,2014
SPY,pullback_rsi2_200d,2014-02-04,2014-02-06,141.883,143.6473,1.243473804283357,2,strength,2014
DIA,pullback_rsi2_200d,2014-02-04,2014-02-06,119.9501,121.4133,1.2198197738556793,2,strength,2014
XLI,pullback_rsi2_200d,2014-02-04,2014-02-06,39.1064,39.6598,1.4151859693414037,2,strength,2014
EFA,pullback_rsi2_200d,2014-02-04,2014-02-06,43.2072,44.1582,2.2010016494988127,2,strength,2014
MDY,pullback_rsi2_200d,2014-02-04,2014-02-06,198.1342,201.6111,1.754839133149022,2,strength,2014
XLB,pullback_rsi2_200d,2014-02-04,2014-02-06,16.8741,17.1674,1.7385106589790755,2,strength,2014
TLT,pullback_rsi2_200d,2014-03-10,2014-03-12,75.5971,76.2436,0.8552050189041038,2,strength,2014
EFA,pullback_rsi2_200d,2014-03-13,2014-03-13,45.8711,44.7701,-2.4001470421721405,0,stop,2014
XLE,pullback_rsi2_200d,2014-03-14,2014-03-17,26.9517,27.0976,0.5412123654852552,1,strength,2014
SPY,pullback_rsi2_200d,2014-03-14,2014-03-17,149.9119,150.8102,0.5991718037086091,1,strength,2014
DIA,pullback_rsi2_200d,2014-03-14,2014-03-17,125.5713,126.5991,0.8185323472098327,1,strength,2014
XLK,pullback_rsi2_200d,2014-03-14,2014-03-17,15.3902,15.4753,0.5532910840958083,1,strength,2014
XLV,pullback_rsi2_200d,2014-03-14,2014-03-18,47.914,48.6089,1.450200779733013,2,strength,2014
XLI,pullback_rsi2_200d,2014-03-14,2014-03-17,41.2291,41.5545,0.7891119180832851,1,strength,2014
XLY,pullback_rsi2_200d,2014-03-14,2014-03-18,28.6522,28.9163,0.9218960127270082,2,strength,2014
MDY,pullback_rsi2_200d,2014-03-14,2014-03-17,211.9519,214.0932,1.0102966914079747,1,strength,2014
XLF,pullback_rsi2_200d,2014-03-17,2014-03-18,14.1876,14.2623,0.526677205570758,1,strength,2014
QQQ,pullback_rsi2_200d,2014-03-17,2014-03-18,81.1554,82.1641,1.2428418748037018,1,strength,2014
EFA,pullback_rsi2_200d,2014-03-17,2014-03-17,45.1759,45.2986,0.2716089270486943,0,strength,2014
GLD,pullback_rsi2_200d,2014-03-20,2014-03-27,127.9078,124.556,-2.6204802474402267,5,stop,2014
XLV,pullback_rsi2_200d,2014-03-24,2014-03-31,47.8421,47.8365,-0.01176560326363596,5,strength,2014
QQQ,pullback_rsi2_200d,2014-03-25,2014-03-31,80.8306,79.7503,-1.3364604442214545,4,strength,2014
IWM,pullback_rsi2_200d,2014-03-25,2014-03-27,100.518,97.3705,-3.131340136890226,2,stop,2014
XLY,pullback_rsi2_200d,2014-03-25,2014-03-27,28.4542,27.7339,-2.5314987806224987,2,stop,2014
XLF,pullback_rsi2_200d,2014-03-28,2014-03-31,14.3049,14.4445,0.9753581939178968,1,strength,2014
MDY,pullback_rsi2_200d,2014-03-28,2014-03-31,211.6455,214.8061,1.4933453787437045,1,strength,2014
IWM,pullback_rsi2_200d,2014-03-31,2014-03-31,98.2714,99.1833,0.92797971899925,0,strength,2014
TLT,pullback_rsi2_200d,2014-04-03,2014-04-04,76.922,77.4395,0.6727092589716488,1,strength,2014
XLK,pullback_rsi2_200d,2014-04-07,2014-04-09,15.4521,15.71,1.6694332216207863,2,strength,2014
QQQ,pullback_rsi2_200d,2014-04-07,2014-04-09,78.2328,79.8868,2.1141379806786986,2,strength,2014
SPY,pullback_rsi2_200d,2014-04-08,2014-04-09,150.0929,152.0937,1.3330461893981793,1,strength,2014
DIA,pullback_rsi2_200d,2014-04-08,2014-04-09,126.8607,128.1693,1.0315712285325018,1,strength,2014
XLF,pullback_rsi2_200d,2014-04-08,2014-04-11,14.1559,13.7656,-2.7576046187378744,3,gap_stop,2014
IWM,pullback_rsi2_200d,2014-04-08,2014-04-09,96.3664,98.2541,1.9588046329463094,1,strength,2014
XLV,pullback_rsi2_200d,2014-04-08,2014-04-09,47.1046,47.583,1.0155842530016557,1,strength,2014
XLI,pullback_rsi2_200d,2014-04-08,2014-04-09,41.6018,42.1129,1.2284263603516088,1,strength,2014
XLY,pullback_rsi2_200d,2014-04-08,2014-04-09,27.651,28.197,1.9745600549301079,1,strength,2014
MDY,pullback_rsi2_200d,2014-04-08,2014-04-09,209.7558,212.7314,1.4186412604043408,1,strength,2014
XLB,pullback_rsi2_200d,2014-04-08,2014-04-09,18.2968,18.5847,1.573552298187475,1,strength,2014
IWM,pullback_rsi2_200d,2014-04-28,2014-04-30,95.683,95.4663,-0.22649868213272528,2,strength,2014
EEM,pullback_rsi2_200d,2014-04-28,2014-04-29,31.1672,31.5159,1.1188034243288625,1,strength,2014
XLB,pullback_rsi2_200d,2014-04-28,2014-04-30,18.5514,18.6355,0.45347683838987685,2,strength,2014
XLF,pullback_rsi2_200d,2014-04-29,2014-04-29,14.1041,14.1794,0.5336913618175121,0,strength,2014
MDY,pullback_rsi2_200d,2014-04-29,2014-04-30,210.5632,211.6084,0.4963790830371906,1,strength,2014
XLF,pullback_rsi2_200d,2014-05-07,2014-05-07,14.0587,14.147,0.628027497425454,0,strength,2014
TLT,pullback_rsi2_200d,2014-05-13,2014-05-13,79.9199,79.9821,0.07781840758898095,0,strength,2014
XLF,pullback_rsi2_200d,2014-05-16,2014-05-21,14.0782,14.1406,0.44314615542098146,3,strength,2014
XLP,pullback_rsi2_200d,2014-05-16,2014-05-21,31.8443,31.9321,0.2757602888170174,3,strength,2014
EFA,pullback_rsi2_200d,2014-05-21,2014-05-21,46.9449,47.0229,0.1660363261015041,0,strength,2014
TLT,pullback_rsi2_200d,2014-06-04,2014-06-12,80.3565,80.5188,0.20207076254494805,6,strength,2014
XLU,pullback_rsi2_200d,2014-06-12,2014-06-13,14.1783,14.3182,0.9868405065624808,1,strength,2014
XLP,pullback_rsi2_200d,2014-06-27,2014-07-01,32.4337,32.4705,0.11361281784805222,2,strength,2014
TLT,pullback_rsi2_200d,2014-07-03,2014-07-08,79.5689,81.1078,1.934031396515845,2,strength,2014
XLU,pullback_rsi2_200d,2014-07-07,2014-07-09,14.4457,14.5492,0.7164360709108308,2,strength,2014
EFA,pullback_rsi2_200d,2014-07-09,2014-07-10,47.8792,47.129,-1.566905374812666,1,gap_stop,2014
IWM,pullback_rsi2_200d,2014-07-11,2014-07-22,98.7687,98.1863,-0.5897131739608596,7,strength,2014
GLD,pullback_rsi2_200d,2014-07-16,2014-07-17,125.145,126.9629,1.4526265213396172,1,strength,2014
XLV,pullback_rsi2_200d,2014-07-18,2014-07-18,49.8808,50.4133,1.0674524437441768,0,strength,2014
XLP,pullback_rsi2_200d,2014-07-18,2014-07-18,32.5937,32.8191,0.6912764270510907,0,strength,2014
MDY,pullback_rsi2_200d,2014-07-18,2014-07-18,219.1074,220.9053,0.8205337670263102,0,strength,2014
GLD,pullback_rsi2_200d,2014-07-25,2014-07-25,124.6045,125.6642,0.8504730534110383,0,strength,2014
SMH,pullback_rsi2_200d,2014-07-28,2014-07-30,21.6868,21.8812,0.8964577389133366,2,strength,2014
DIA,pullback_rsi2_200d,2014-07-28,2014-07-31,133.2871,131.2994,-1.4912291547358736,3,stop,2014
IWM,pullback_rsi2_200d,2014-07-29,2014-07-30,97.2338,97.3818,0.1522505701753385,1,strength,2014
XLI,pullback_rsi2_200d,2014-07-29,2014-07-30,43.2302,42.4035,-1.9124239156540934,1,stop,2014
XLP,pullback_rsi2_200d,2014-07-29,2014-07-30,32.4555,31.9632,-1.516962685472234,1,stop,2014
SPY,pullback_rsi2_200d,2014-07-30,2014-07-31,161.7715,159.2798,-1.5402723725536416,1,stop,2014
MDY,pullback_rsi2_200d,2014-07-30,2014-07-31,219.5124,215.0336,-2.040330115467548,1,stop,2014
XLE,pullback_rsi2_200d,2014-07-31,2014-08-01,30.9759,30.2932,-2.204027822453092,1,stop,2014
XLF,pullback_rsi2_200d,2014-08-01,2014-08-08,14.5372,14.5276,-0.06582208323543393,5,strength,2014
XLK,pullback_rsi2_200d,2014-08-01,2014-08-11,16.8816,16.8306,-0.30244709309835693,6,strength,2014
QQQ,pullback_rsi2_200d,2014-08-01,2014-08-08,86.6593,86.5592,-0.11556898833736673,5,strength,2014
XLI,pullback_rsi2_200d,2014-08-01,2014-08-08,41.7836,42.0792,0.707452062821412,5,strength,2014
XLP,pullback_rsi2_200d,2014-08-01,2014-08-06,31.3424,31.7953,1.445063960858639,3,strength,2014
EEM,pullback_rsi2_200d,2014-08-01,2014-08-04,33.7811,34.1125,0.9809914867729086,1,strength,2014
EFA,pullback_rsi2_200d,2014-08-01,2014-08-06,46.772,45.8128,-2.050739317253414,3,gap_stop,2014
XLB,pullback_rsi2_200d,2014-08-01,2014-08-04,19.1066,19.3512,1.280171016035836,1,strength,2014
XLU,pullback_rsi2_200d,2014-08-01,2014-08-08,13.9832,14.0639,0.5768528363030212,5,strength,2014
SPY,pullback_rsi2_200d,2014-08-04,2014-08-08,157.8592,157.846,-0.008391577639221826,4,strength,2014
DIA,pullback_rsi2_200d,2014-08-04,2014-08-08,129.798,129.9631,0.12721836290090494,4,strength,2014
MDY,pullback_rsi2_200d,2014-08-04,2014-08-08,214.9632,215.7719,0.37621134016352364,4,strength,2014
XLV,pullback_rsi2_200d,2014-08-08,2014-08-11,49.2721,49.6662,0.7998363603676895,1,strength,2014
GLD,pullback_rsi2_200d,2014-08-19,2014-08-21,125.125,122.5973,-2.0201548695444993,2,gap_stop,2014
EFA,pullback_rsi2_200d,2014-09-09,2014-09-16,46.6944,46.5659,-0.2751470836879544,5,strength,2014
XLE,pullback_rsi2_200d,2014-09-11,2014-09-16,29.7227,30.0414,1.0720521627451518,3,strength,2014
TLT,pullback_rsi2_200d,2014-09-11,2014-09-16,83.4961,81.8376,-1.9862549769649074,3,stop,2014
EEM,pullback_rsi2_200d,2014-09-11,2014-09-16,34.0117,33.8594,-0.4478864625372059,3,strength,2014
XLB,pullback_rsi2_200d,2014-09-12,2014-09-16,19.6497,19.6575,0.04007186923706829,2,strength,2014
SMH,pullback_rsi2_200d,2014-09-15,2014-09-16,22.6308,22.6781,0.20873882685439327,1,strength,2014
QQQ,pullback_rsi2_200d,2014-09-16,2014-09-17,89.7027,90.7823,1.203425066897723,1,strength,2014
XLI,pullback_rsi2_200d,2014-09-16,2014-09-16,43.5697,43.773,0.4666463396724829,0,strength,2014
XLY,pullback_rsi2_200d,2014-09-16,2014-09-16,29.732,29.9042,0.5793128439945283,0,strength,2014
TLT,pullback_rsi2_200d,2014-09-18,2014-09-19,81.9893,82.8521,1.0523142502907978,1,strength,2014
XLE,pullback_rsi2_200d,2014-09-23,2014-09-26,29.276,29.1256,-0.5134559571429165,3,strength,2014
EEM,pullback_rsi2_200d,2014-09-23,2014-09-24,32.8204,33.1153,0.8986967359768894,1,strength,2014
MDY,pullback_rsi2_200d,2014-09-23,2014-10-01,218.7512,214.0996,-2.126440503191973,6,stop,2014
SPY,pullback_rsi2_200d,2014-09-24,2014-10-01,162.8484,160.0914,-1.6930263325665384,5,stop,2014
XLI,pullback_rsi2_200d,2014-09-24,2014-10-01,43.3692,42.5633,-1.8583033387799541,5,stop,2014
XLY,pullback_rsi2_200d,2014-09-24,2014-09-26,29.4711,29.5613,0.3061378739684706,2,strength,2014
XLU,pullback_rsi2_200d,2014-09-26,2014-09-29,14.2946,14.3927,0.6865582998688557,1,strength,2014
SMH,pullback_rsi2_200d,2014-10-02,2014-10-08,22.0441,21.3834,-2.9973414451031077,4,stop,2014
DIA,pullback_rsi2_200d,2014-10-02,2014-10-03,132.3885,133.9632,1.1893885173284158,1,strength,2014
XLF,pullback_rsi2_200d,2014-10-02,2014-10-03,14.9565,15.1743,1.456298551393198,1,strength,2014
XLV,pullback_rsi2_200d,2014-10-02,2014-10-03,52.2049,53.0645,1.6466003217476821,1,strength,2014
XLY,pullback_rsi2_200d,2014-10-02,2014-10-03,28.9263,29.3596,1.498144401577295,1,strength,2014
XLB,pullback_rsi2_200d,2014-10-02,2014-10-08,19.1003,18.6332,-2.4455746097149733,4,stop,2014
SPY,pullback_rsi2_200d,2014-10-03,2014-10-03,160.9078,161.2756,0.2286203251434138,0,strength,2014
XLK,pullback_rsi2_200d,2014-10-14,2014-10-15,16.5359,16.0223,-3.105693239374907,1,stop,2014
QQQ,pullback_rsi2_200d,2014-10-14,2014-10-15,85.6929,82.8671,-3.2976066688769734,1,stop,2014
XLV,pullback_rsi2_200d,2014-10-14,2014-10-15,51.0575,49.3789,-3.28757018285043,1,stop,2014
XLP,pullback_rsi2_200d,2014-10-16,2014-10-17,32.09,32.6104,1.621800195524381,1,strength,2014
QQQ,pullback_rsi2_200d,2014-10-17,2014-10-17,85.1982,85.028,-0.19980019980019303,0,strength,2014
XLV,pullback_rsi2_200d,2014-10-17,2014-10-17,50.1824,50.3952,0.42404913797722266,0,strength,2014
XLU,pullback_rsi2_200d,2014-11-17,2014-11-17,15.4372,15.5912,0.9980619149764003,0,strength,2014
XLB,pullback_rsi2_200d,2014-12-01,2014-12-03,19.377,19.5948,1.1238549546514154,2,strength,2014
IWM,pullback_rsi2_200d,2014-12-02,2014-12-03,98.8767,100.7215,1.865822036733733,1,strength,2014
XLI,pullback_rsi2_200d,2014-12-02,2014-12-03,45.7971,46.5322,1.6050962404284164,1,strength,2014
MDY,pullback_rsi2_200d,2014-12-02,2014-12-03,224.2081,226.9226,1.2106758474342394,1,strength,2014
XLK,pullback_rsi2_200d,2014-12-09,2014-12-15,17.9306,17.5607,-2.06272347347346,4,stop,2014
SPY,pullback_rsi2_200d,2014-12-11,2014-12-15,167.6506,164.4342,-1.9185415290041363,2,stop,2014
DIA,pullback_rsi2_200d,2014-12-11,2014-12-12,139.4637,137.0067,-1.7617226404836206,1,stop,2014
QQQ,pullback_rsi2_200d,2014-12-11,2014-12-15,94.9181,92.6692,-2.3693030267288973,2,stop,2014
XLI,pullback_rsi2_200d,2014-12-11,2014-12-17,45.0419,43.8867,-2.5648059558619263,4,stop,2014
XLY,pullback_rsi2_200d,2014-12-11,2014-12-16,30.8421,30.1646,-2.1965979579747663,3,stop,2014
XLP,pullback_rsi2_200d,2014-12-11,2014-12-15,35.3627,34.67,-1.9588346972400195,2,stop,2014
XLF,pullback_rsi2_200d,2014-12-15,2014-12-16,15.8578,15.4855,-2.347347652365883,1,stop,2014
XLV,pullback_rsi2_200d,2014-12-15,2014-12-16,57.1167,55.6533,-2.56215929733854,1,stop,2014
SMH,pullback_rsi2_200d,2014-12-16,2014-12-17,23.6367,23.9284,1.2344347413786316,1,strength,2014
DIA,pullback_rsi2_200d,2014-12-16,2014-12-17,135.8005,137.365,1.1520665238338834,1,strength,2014
MDY,pullback_rsi2_200d,2014-12-16,2014-12-17,218.2331,223.3207,2.331248217083104,1,strength,2014
SPY,pullback_rsi2_200d,2014-12-17,2014-12-17,163.1773,165.6005,1.484989920736468,0,strength,2014
XLK,pullback_rsi2_200d,2014-12-17,2014-12-17,17.4119,17.6512,1.3740228608132732,0,strength,2014
QQQ,pullback_rsi2_200d,2014-12-17,2014-12-18,91.6568,95.3136,3.989703672182965,1,strength,2014
XLP,pullback_rsi2_200d,2014-12-17,2014-12-17,34.8136,35.1459,0.9545643560212591,0,strength,2014
SMH,pullback_rsi2_200d,2015-01-02,2015-01-06,24.3929,23.6458,-3.062635392998758,2,stop,2015
XLK,pullback_rsi2_200d,2015-01-02,2015-01-05,18.2298,17.7694,-2.525332582626816,1,stop,2015
QQQ,pullback_rsi2_200d,2015-01-02,2015-01-05,95.4097,92.9891,-2.5370894006614964,1,stop,2015
XLP,pullback_rsi2_200d,2015-01-05,2015-01-07,35.5875,35.8917,0.8548274170909975,2,strength,2015
SPY,pullback_rsi2_200d,2015-01-06,2015-01-08,167.0959,169.906,1.6817168380063974,2,strength,2015
DIA,pullback_rsi2_200d,2015-01-06,2015-01-08,139.1371,141.7614,1.886153433242721,2,strength,2015
XLF,pullback_rsi2_200d,2015-01-06,2015-01-08,15.8928,16.0183,0.7895602467556273,2,strength,2015
IWM,pullback_rsi2_200d,2015-01-06,2015-01-08,101.515,102.2511,0.7250706839392329,2,strength,2015
XLI,pullback_rsi2_200d,2015-01-06,2015-01-08,45.1152,45.6526,1.1910504481555284,2,strength,2015
XLY,pullback_rsi2_200d,2015-01-06,2015-01-08,31.1288,31.5818,1.4553191733478021,2,strength,2015
MDY,pullback_rsi2_200d,2015-01-06,2015-01-08,225.3765,228.517,1.3934512994352222,2,strength,2015
XLK,pullback_rsi2_200d,2015-01-07,2015-01-08,17.7259,18.0928,2.06952421620088,1,strength,2015
QQQ,pullback_rsi2_200d,2015-01-07,2015-01-08,92.6236,94.797,2.346470455101368,1,strength,2015
DIA,pullback_rsi2_200d,2015-01-15,2015-01-20,138.851,138.8192,-0.022889272495818513,2,strength,2015
XLF,pullback_rsi2_200d,2015-01-15,2015-01-21,15.3742,15.3632,-0.07197989019448459,3,strength,2015
XLY,pullback_rsi2_200d,2015-01-15,2015-01-21,30.8067,30.7011,-0.3427388762537231,3,strength,2015
SPY,pullback_rsi2_200d,2015-01-16,2015-01-16,164.3508,166.3824,1.2361741736296006,0,strength,2015
XLK,pullback_rsi2_200d,2015-01-16,2015-01-20,17.4631,17.8042,1.9534791390510398,1,strength,2015
QQQ,pullback_rsi2_200d,2015-01-16,2015-01-20,91.511,93.2553,1.9061264165338487,1,strength,2015
IWM,pullback_rsi2_200d,2015-01-16,2015-01-16,98.7446,100.5198,1.7977680213505653,0,strength,2015
XLV,pullback_rsi2_200d,2015-01-16,2015-01-16,57.1375,58.1893,1.840783458345685,0,strength,2015
XLI,pullback_rsi2_200d,2015-01-16,2015-01-20,44.2252,44.9191,1.5691743858709195,1,strength,2015
MDY,pullback_rsi2_200d,2015-01-16,2015-01-16,221.6053,224.9436,1.5064237648725998,0,strength,2015
XLK,pullback_rsi2_200d,2015-01-28,2015-02-02,17.8793,17.266,-3.430259202857333,3,stop,2015
SMH,pullback_rsi2_200d,2015-01-29,2015-02-03,23.9734,23.8631,-0.45990200284568017,3,strength,2015
SPY,pullback_rsi2_200d,2015-01-29,2015-02-02,165.682,166.6218,0.567225948545369,2,strength,2015
DIA,pullback_rsi2_200d,2015-01-29,2015-02-02,136.918,137.5255,0.4437338451991568,2,strength,2015
QQQ,pullback_rsi2_200d,2015-01-29,2015-02-02,92.7247,93.5856,0.9284865325710712,2,strength,2015
XLI,pullback_rsi2_200d,2015-01-29,2015-02-02,44.8294,45.131,0.6727432529994637,2,strength,2015
XLP,pullback_rsi2_200d,2015-01-29,2015-02-03,35.912,36.0757,0.4559748037966216,3,strength,2015
TLT,pullback_rsi2_200d,2015-02-09,2015-02-17,96.6896,93.4473,-3.35330862611809,5,gap_stop,2015
XLU,pullback_rsi2_200d,2015-02-10,2015-02-18,15.9625,15.9617,-0.004986926269356928,5,strength,2015
XLU,pullback_rsi2_200d,2015-03-03,2015-03-05,15.3463,15.4538,0.7006526144900382,2,strength,2015
SPY,pullback_rsi2_200d,2015-03-09,2015-03-12,171.7675,170.8963,-0.5072261335658634,3,strength,2015
DIA,pullback_rsi2_200d,2015-03-09,2015-03-12,142.3714,142.4371,0.046174154018752134,3,strength,2015
XLK,pullback_rsi2_200d,2015-03-09,2015-03-11,18.6065,18.1763,-2.312328975234379,2,stop,2015
TLT,pullback_rsi2_200d,2015-03-09,2015-03-10,91.5265,92.5159,1.0809432714049994,1,strength,2015
XLI,pullback_rsi2_200d,2015-03-09,2015-03-12,46.1032,46.1252,0.04768901575571416,3,strength,2015
XLP,pullback_rsi2_200d,2015-03-09,2015-03-11,36.0963,35.3371,-2.1031653258131056,2,stop,2015
MDY,pullback_rsi2_200d,2015-03-09,2015-03-12,235.1559,236.3993,0.5287335138293159,3,strength,2015
XLB,pullback_rsi2_200d,2015-03-09,2015-03-12,20.092,19.9804,-0.5555261710719406,3,strength,2015
SMH,pullback_rsi2_200d,2015-03-10,2015-03-13,24.9998,24.892,-0.4313885884094981,3,strength,2015
QQQ,pullback_rsi2_200d,2015-03-11,2015-03-16,97.3591,97.9171,0.5730993097485371,3,strength,2015
XLY,pullback_rsi2_200d,2015-03-12,2015-03-12,32.8893,33.3608,1.4336363991695356,0,strength,2015
XLB,pullback_rsi2_200d,2015-03-18,2015-03-18,19.4833,19.8375,1.8178020493947677,0,strength,2015
SMH,pullback_rsi2_200d,2015-03-26,2015-03-30,23.6342,24.8786,5.265077780891825,2,strength,2015
SPY,pullback_rsi2_200d,2015-03-26,2015-03-30,170.2254,172.6122,1.4021722455613617,2,strength,2015
DIA,pullback_rsi2_200d,2015-03-26,2015-03-30,140.717,143.0189,1.6358696347512636,2,strength,2015
XLF,pullback_rsi2_200d,2015-03-26,2015-03-30,15.7347,15.9663,1.471895530114531,2,strength,2015
XLK,pullback_rsi2_200d,2015-03-26,2015-03-30,18.0712,18.3819,1.7193350863949242,2,strength,2015
QQQ,pullback_rsi2_200d,2015-03-26,2015-03-30,96.3941,98.1699,1.8421604166855454,2,strength,2015
IWM,pullback_rsi2_200d,2015-03-26,2015-03-30,105.6947,107.7989,1.9909120861550944,2,strength,2015
XLI,pullback_rsi2_200d,2015-03-26,2015-03-30,45.2979,46.1161,1.8063215190157633,2,strength,2015
XLY,pullback_rsi2_200d,2015-03-26,2015-03-30,33.013,33.4375,1.285769303097517,2,strength,2015
MDY,pullback_rsi2_200d,2015-03-26,2015-03-30,236.6162,241.2423,1.9550819722891521,2,strength,2015
XLV,pullback_rsi2_200d,2015-03-27,2015-03-30,60.4215,61.1797,1.2549380899580687,1,strength,2015
EFA,pullback_rsi2_200d,2015-04-01,2015-04-02,46.0473,46.3319,0.6182422786547459,1,strength,2015
DIA,pullback_rsi2_200d,2015-04-20,2015-04-20,143.3349,143.6229,0.20093744261195923,0,strength,2015
QQQ,pullback_rsi2_200d,2015-04-20,2015-04-20,98.1913,98.9701,0.7931411107528152,0,strength,2015
XLI,pullback_rsi2_200d,2015-04-20,2015-04-20,45.9378,46.2144,0.6021670511212607,0,strength,2015
XLY,pullback_rsi2_200d,2015-04-20,2015-04-20,33.4469,33.6054,0.473893402096337,0,strength,2015
MDY,pullback_rsi2_200d,2015-04-20,2015-04-22,241.0736,241.8493,0.32178352288145806,2,strength,2015
TLT,pullback_rsi2_200d,2015-04-23,2015-04-24,94.0133,94.7578,0.7919786034290999,1,strength,2015
XLV,pullback_rsi2_200d,2015-04-28,2015-04-30,60.8618,59.2354,-2.6722631810424002,2,stop,2015
XLP,pullback_rsi2_200d,2015-04-28,2015-05-01,36.2951,36.1411,-0.42419511498044127,3,strength,2015
TLT,pullback_rsi2_200d,2015-04-30,2015-05-05,91.9829,89.5901,-2.6014370848999935,3,stop,2015
SMH,pullback_rsi2_200d,2015-05-01,2015-05-01,24.973,25.4041,1.7262970176271875,0,strength,2015
SPY,pullback_rsi2_200d,2015-05-01,2015-05-01,173.9129,174.6596,0.42931631660181324,0,strength,2015
DIA,pullback_rsi2_200d,2015-05-01,2015-05-01,143.2549,143.5192,0.1844465280888441,0,strength,2015
QQQ,pullback_rsi2_200d,2015-05-01,2015-05-04,99.583,100.4694,0.8901320036217131,1,strength,2015
IWM,pullback_rsi2_200d,2015-05-01,2015-05-07,105.2012,105.1725,-0.027318273283249983,4,strength,2015
XLI,pullback_rsi2_200d,2015-05-01,2015-05-01,45.8475,46.1161,0.5858919104962501,0,strength,2015
XLY,pullback_rsi2_200d,2015-05-01,2015-05-01,33.5089,33.7335,0.6704301319172767,0,strength,2015
EEM,pullback_rsi2_200d,2015-05-01,2015-05-07,33.5965,32.7539,-2.5080480064682553,4,stop,2015
MDY,pullback_rsi2_200d,2015-05-01,2015-05-04,237.7979,239.7247,0.8102859684287145,1,strength,2015
XLK,pullback_rsi2_200d,2015-05-07,2015-05-08,18.5551,18.8912,1.8113375218114847,1,strength,2015
SPY,pullback_rsi2_200d,2015-05-27,2015-05-27,175.4494,176.3007,0.48521748135603726,0,strength,2015
DIA,pullback_rsi2_200d,2015-05-27,2015-06-03,144.8216,144.6202,-0.13905440980191974,5,strength,2015
XLF,pullback_rsi2_200d,2015-05-27,2015-05-27,16.2421,16.3412,0.6099393685969012,0,strength,2015
XLK,pullback_rsi2_200d,2015-05-27,2015-05-27,18.973,19.2205,1.3042549784770152,0,strength,2015
XLI,pullback_rsi2_200d,2015-05-27,2015-06-03,46.3233,46.2144,-0.23513315447662997,5,strength,2015
XLP,pullback_rsi2_200d,2015-05-27,2015-06-05,36.3248,35.6525,-1.8508710750886226,7,gap_stop,2015
EFA,pullback_rsi2_200d,2015-05-27,2015-06-03,47.5997,47.7179,0.2481425141958038,5,strength,2015
XLB,pullback_rsi2_200d,2015-05-27,2015-05-28,20.16,20.3031,0.7096385167481012,1,strength,2015
EEM,pullback_rsi2_200d,2015-05-29,2015-06-04,32.3178,31.5033,-2.520510892618366,4,stop,2015
SMH,pullback_rsi2_200d,2015-06-05,2015-06-10,25.6692,25.5511,-0.4600508517351609,3,strength,2015
XLK,pullback_rsi2_200d,2015-06-08,2015-06-10,18.8894,18.8912,0.009401331325964435,2,strength,2015
XLB,pullback_rsi2_200d,2015-06-08,2015-06-10,19.9723,20.0799,0.5385939618789415,2,strength,2015
SPY,pullback_rsi2_200d,2015-06-09,2015-06-10,173.124,174.8502,0.997131223077341,1,strength,2015
DIA,pullback_rsi2_200d,2015-06-09,2015-06-10,142.4583,143.9647,1.0574196747828335,1,strength,2015
QQQ,pullback_rsi2_200d,2015-06-09,2015-06-10,99.4724,100.7085,1.242704416049234,1,strength,2015
XLV,pullback_rsi2_200d,2015-06-09,2015-06-10,61.6595,62.0753,0.6743404373008799,1,strength,2015
EFA,pullback_rsi2_200d,2015-06-09,2015-06-10,46.4318,47.2985,1.8666190640509672,1,strength,2015
XLY,pullback_rsi2_200d,2015-06-10,2015-06-10,33.7435,33.8793,0.40250890283746177,0,strength,2015
XLB,pullback_rsi2_200d,2015-06-26,2015-06-29,19.9312,19.5167,-2.079408906697844,1,stop,2015
SMH,pullback_rsi2_200d,2015-06-29,2015-07-02,24.6249,24.549,-0.30833779384015214,3,strength,2015
XLK,pullback_rsi2_200d,2015-06-29,2015-07-02,18.4751,18.4073,-0.3669128899664198,3,strength,2015
QQQ,pullback_rsi2_200d,2015-06-29,2015-07-02,99.8213,99.5204,-0.30140165396380647,3,strength,2015
SPY,pullback_rsi2_200d,2015-06-30,2015-07-02,172.9729,172.669,-0.17574503164283772,2,strength,2015
DIA,pullback_rsi2_200d,2015-06-30,2015-07-01,142.1777,142.2143,0.02568325118965653,1,strength,2015
XLF,pullback_rsi2_200d,2015-06-30,2015-07-01,16.2337,16.3465,0.6952668350338254,1,strength,2015
IWM,pullback_rsi2_200d,2015-06-30,2015-07-07,108.3697,105.586,-2.568721082292813,4,stop,2015
XLV,pullback_rsi2_200d,2015-06-30,2015-07-01,62.4722,62.5637,0.14649387786556112,1,strength,2015
XLY,pullback_rsi2_200d,2015-06-30,2015-07-01,34.1572,34.284,0.37117714457066686,1,strength,2015
XLP,pullback_rsi2_200d,2015-06-30,2015-07-01,35.9676,35.9181,-0.13767416174105263,1,strength,2015
EFA,pullback_rsi2_200d,2015-06-30,2015-07-06,46.6148,45.2713,-2.882013997847044,3,gap_stop,2015
MDY,pullback_rsi2_200d,2015-06-30,2015-07-07,239.3913,234.3568,-2.1030642235746244,4,stop,2015
XLF,pullback_rsi2_200d,2015-07-09,2015-07-10,16.2138,16.2739,0.37051415638229557,1,strength,2015
QQQ,pullback_rsi2_200d,2015-07-09,2015-07-10,99.3039,99.2438,-0.060557751628309564,1,strength,2015
IWM,pullback_rsi2_200d,2015-07-09,2015-07-10,107.2384,107.7009,0.4312809077502866,1,strength,2015
MDY,pullback_rsi2_200d,2015-07-22,2015-07-28,236.6192,231.4787,-2.172471060805825,4,stop,2015
DIA,pullback_rsi2_200d,2015-07-24,2015-07-27,142.4978,139.5797,-2.0478210690813126,1,stop,2015
SPY,pullback_rsi2_200d,2015-07-27,2015-07-28,172.7059,174.3514,0.9527860681348699,1,strength,2015
IWM,pullback_rsi2_200d,2015-07-27,2015-07-29,105.3084,105.8008,0.46754654312077815,2,strength,2015
XLV,pullback_rsi2_200d,2015-07-27,2015-07-28,62.2554,63.3458,1.7515437214258966,1,strength,2015
EFA,pullback_rsi2_200d,2015-07-27,2015-07-28,46.1585,46.4132,0.551752943042727,1,strength,2015
XLK,pullback_rsi2_200d,2015-07-28,2015-07-29,18.6298,18.8042,0.9364588611905367,1,strength,2015
XLK,pullback_rsi2_200d,2015-08-05,2015-08-05,18.7226,18.7469,0.12996065483847907,0,strength,2015
XLY,pullback_rsi2_200d,2015-08-07,2015-08-14,34.8322,34.7316,-0.28889227996834466,5,strength,2015
EFA,pullback_rsi2_200d,2015-08-19,2015-08-20,45.5502,44.4842,-2.3402223367451014,1,stop,2015
XLP,pullback_rsi2_200d,2015-08-20,2015-08-21,36.6992,35.9742,-1.9755758049884609,1,stop,2015
XLF,pullback_rsi2_200d,2015-08-21,2015-08-24,16.0219,14.6558,-8.526788006752994,1,gap_stop,2015
QQQ,pullback_rsi2_200d,2015-08-21,2015-08-21,97.5211,94.5174,-3.0800580686574985,0,stop,2015
XLV,pullback_rsi2_200d,2015-08-21,2015-08-24,61.0465,56.0735,-8.146186428873115,1,gap_stop,2015
XLY,pullback_rsi2_200d,2015-08-21,2015-08-24,33.7752,31.0528,-8.06043094232749,1,gap_stop,2015
XLU,pullback_rsi2_200d,2015-10-29,2015-11-03,15.4886,15.5818,0.6017319747299466,3,strength,2015
XLP,pullback_rsi2_200d,2015-11-09,2015-11-13,36.7707,35.8449,-2.5177077062917497,4,stop,2015
DIA,pullback_rsi2_200d,2015-11-13,2015-11-17,140.7532,141.3516,0.4251425427819422,2,strength,2015
XLF,pullback_rsi2_200d,2015-11-13,2015-11-18,15.9606,16.3203,2.253624930411391,3,strength,2015
XLK,pullback_rsi2_200d,2015-11-13,2015-11-18,19.1177,19.3497,1.2136229014601208,3,strength,2015
QQQ,pullback_rsi2_200d,2015-11-13,2015-11-18,103.3144,105.0117,1.6428720176526301,3,strength,2015
XLY,pullback_rsi2_200d,2015-11-16,2015-11-18,34.5133,35.6678,3.3451368723667274,2,strength,2015
SMH,pullback_rsi2_200d,2015-12-14,2015-12-15,24.2769,24.4065,0.5340289070645321,1,strength,2015
XLK,pullback_rsi2_200d,2015-12-14,2015-12-15,18.9934,19.1902,1.0362994948659887,1,strength,2015
QQQ,pullback_rsi2_200d,2015-12-14,2015-12-15,102.731,103.7918,1.0326264602183999,1,strength,2015
XLY,pullback_rsi2_200d,2015-12-14,2015-12-16,34.8209,35.6856,2.4833311272563385,2,strength,2015
XLP,pullback_rsi2_200d,2015-12-14,2015-12-15,37.1764,37.7095,1.433965787481739,1,strength,2015
XLK,pullback_rsi2_200d,2016-01-06,2016-01-08,18.5312,17.9565,-3.1008416047254905,2,stop,2016
QQQ,pullback_rsi2_200d,2016-01-06,2016-01-08,99.766,96.5235,-3.2500695512358013,2,stop,2016
GLD,pullback_rsi2_200d,2016-03-28,2016-03-29,116.8467,118.6412,1.5357800104436548,1,strength,2016
XLU,pullback_rsi2_200d,2016-04-07,2016-04-12,17.5608,17.6846,0.7048206480470887,3,strength,2016
TLT,pullback_rsi2_200d,2016-04-21,2016-04-27,96.8834,96.7501,-0.13761595794942183,4,strength,2016
XLU,pullback_rsi2_200d,2016-04-21,2016-04-26,17.275,17.1539,-0.7014009209157623,3,strength,2016
XLP,pullback_rsi2_200d,2016-04-22,2016-04-27,39.2556,39.7542,1.2701405286607903,3,strength,2016
XLK,pullback_rsi2_200d,2016-04-25,2016-04-29,19.4229,18.9098,-2.6417951743394785,4,gap_stop,2016
QQQ,pullback_rsi2_200d,2016-04-25,2016-04-29,101.2171,98.3965,-2.786707146571299,4,stop,2016
XLY,pullback_rsi2_200d,2016-04-29,2016-05-02,35.7111,36.0256,0.8804707578712545,1,strength,2016
SPY,pullback_rsi2_200d,2016-05-02,2016-05-09,175.5206,174.298,-0.6965717120429482,5,strength,2016
DIA,pullback_rsi2_200d,2016-05-02,2016-05-06,145.8352,144.9389,-0.6145941578971748,4,strength,2016
XLV,pullback_rsi2_200d,2016-05-02,2016-05-09,58.965,58.8893,-0.1283996539435006,5,strength,2016
SMH,pullback_rsi2_200d,2016-05-05,2016-05-10,23.6818,23.8575,0.7417165718659469,3,strength,2016
XLE,pullback_rsi2_200d,2016-05-05,2016-05-10,21.8591,21.6369,-1.0164870277628024,3,strength,2016
XLI,pullback_rsi2_200d,2016-05-05,2016-05-10,46.4757,47.1273,1.4020201559961754,3,strength,2016
XLB,pullback_rsi2_200d,2016-05-05,2016-05-10,18.8878,18.8704,-0.0920660063362666,3,strength,2016
GLD,pullback_rsi2_200d,2016-05-25,2016-06-03,116.7066,118.7611,1.7604241426890876,6,strength,2016
XLF,pullback_rsi2_200d,2016-06-13,2016-06-16,15.4799,15.0573,-2.730175675457569,3,stop,2016
XLY,pullback_rsi2_200d,2016-06-13,2016-06-16,35.2167,35.1374,-0.22527534933945992,3,strength,2016
SPY,pullback_rsi2_200d,2016-06-14,2016-06-20,176.4368,176.8723,0.24682719263928732,4,strength,2016
DIA,pullback_rsi2_200d,2016-06-14,2016-06-16,145.4604,145.5471,0.0595784229130647,2,strength,2016
XLK,pullback_rsi2_200d,2016-06-14,2016-06-21,19.4453,19.5729,0.6560515377908915,5,strength,2016
QQQ,pullback_rsi2_200d,2016-06-14,2016-06-21,100.3693,100.2119,-0.1568939273879022,5,strength,2016
XLI,pullback_rsi2_200d,2016-06-14,2016-06-17,46.7607,46.8741,0.24253131265485894,3,strength,2016
EEM,pullback_rsi2_200d,2016-06-14,2016-06-17,26.293,26.4873,0.7388644228484731,3,strength,2016
MDY,pullback_rsi2_200d,2016-06-15,2016-06-20,238.1771,239.6945,0.6370631992246745,3,strength,2016
XLB,pullback_rsi2_200d,2016-06-15,2016-06-16,19.1856,19.2246,0.20328900036155062,1,strength,2016
XLE,pullback_rsi2_200d,2016-06-16,2016-06-17,21.9452,22.2586,1.427798348490228,1,strength,2016
XLV,pullback_rsi2_200d,2016-06-16,2016-06-22,59.5554,59.5404,-0.025096507172706062,4,strength,2016
TLT,pullback_rsi2_200d,2016-06-24,2016-06-24,103.4659,102.6318,-0.8061566027260381,0,strength,2016
GLD,pullback_rsi2_200d,2016-07-21,2016-07-21,125.7857,127.1727,1.1027006914079873,0,strength,2016
XLE,pullback_rsi2_200d,2016-07-26,2016-07-29,22.1964,22.4216,1.014529824149779,3,strength,2016
XLP,pullback_rsi2_200d,2016-07-28,2016-08-01,41.7189,41.8265,0.25792842312697406,2,strength,2016
DIA,pullback_rsi2_200d,2016-08-03,2016-08-05,150.6792,152.3601,1.1155531892607762,2,strength,2016
XLF,pullback_rsi2_200d,2016-08-03,2016-08-03,15.8059,15.9362,0.8242292595434852,0,strength,2016
XLI,pullback_rsi2_200d,2016-08-03,2016-08-05,48.4006,49.0441,1.3294381010340084,2,strength,2016
XLY,pullback_rsi2_200d,2016-08-03,2016-08-05,36.2032,36.7206,1.4291029873041206,2,strength,2016
XLU,pullback_rsi2_200d,2016-08-05,2016-08-11,18.6674,18.5027,-0.8822939755150916,4,strength,2016
XLU,pullback_rsi2_200d,2016-08-16,2016-08-18,18.237,18.5245,1.576627069918013,2,strength,2016
GLD,pullback_rsi2_200d,2016-08-25,2016-09-02,126.106,126.4434,0.26758947184510884,6,strength,2016
XLV,pullback_rsi2_200d,2016-08-25,2016-09-06,61.9881,61.6107,-0.6087454175001894,7,strength,2016
DIA,pullback_rsi2_200d,2016-08-26,2016-08-29,152.6752,152.5435,-0.08625947859053351,1,strength,2016
XLP,pullback_rsi2_200d,2016-08-26,2016-09-02,41.8184,41.8724,0.12895296417094748,5,strength,2016
SPY,pullback_rsi2_200d,2016-08-29,2016-08-29,185.4035,185.8159,0.22245881439062476,0,strength,2016
TLT,pullback_rsi2_200d,2016-08-29,2016-08-29,105.9511,106.369,0.3945056236458244,0,strength,2016
EFA,pullback_rsi2_200d,2016-08-29,2016-09-01,43.4207,43.7134,0.6741319291964087,3,strength,2016
XLU,pullback_rsi2_200d,2016-08-29,2016-09-02,17.9817,18.0659,0.4682015556211283,4,strength,2016
XLE,pullback_rsi2_200d,2016-09-01,2016-09-02,22.7466,22.9873,1.0582883902033213,1,strength,2016
SMH,pullback_rsi2_200d,2016-09-12,2016-09-14,28.9161,29.5409,2.1606585643109133,2,strength,2016
SPY,pullback_rsi2_200d,2016-09-12,2016-09-15,181.0975,183.195,1.1581999204776539,3,strength,2016
DIA,pullback_rsi2_200d,2016-09-12,2016-09-15,148.9291,150.4224,1.0027272514064212,3,strength,2016
XLF,pullback_rsi2_200d,2016-09-12,2016-09-19,16.1708,16.1077,-0.39057724981431674,5,strength,2016
XLK,pullback_rsi2_200d,2016-09-12,2016-09-14,20.6934,21.0477,1.7123707566491397,2,strength,2016
QQQ,pullback_rsi2_200d,2016-09-12,2016-09-14,106.1477,107.9864,1.7322645483381471,2,strength,2016
IWM,pullback_rsi2_200d,2016-09-12,2016-09-15,106.5832,107.5601,0.9165080916205381,3,strength,2016
TLT,pullback_rsi2_200d,2016-09-12,2016-09-16,103.0519,102.4129,-0.6201649738809767,4,strength,2016
XLV,pullback_rsi2_200d,2016-09-12,2016-09-15,60.21,61.1291,1.5264391569241198,3,strength,2016
XLI,pullback_rsi2_200d,2016-09-12,2016-09-15,47.8781,48.2787,0.8366341584207238,3,strength,2016
XLY,pullback_rsi2_200d,2016-09-12,2016-09-15,35.2379,35.5547,0.89891486052045,3,strength,2016
XLP,pullback_rsi2_200d,2016-09-12,2016-09-15,40.2801,40.7037,1.0517371767066797,3,strength,2016
EEM,pullback_rsi2_200d,2016-09-12,2016-09-15,29.1126,29.4957,1.3160665264010163,3,strength,2016
EFA,pullback_rsi2_200d,2016-09-12,2016-09-20,43.3163,43.2595,-0.13108626469851004,6,strength,2016
MDY,pullback_rsi2_200d,2016-09-12,2016-09-15,245.0968,245.9567,0.35083768999315534,3,strength,2016
XLB,pullback_rsi2_200d,2016-09-12,2016-09-19,19.3307,19.2558,-0.3873048456555783,5,strength,2016
XLU,pullback_rsi2_200d,2016-09-12,2016-09-15,17.6461,17.9094,1.4916775838629937,3,strength,2016
GLD,pullback_rsi2_200d,2016-09-14,2016-09-21,126.2261,127.1427,0.7261795974999208,5,strength,2016
XLF,pullback_rsi2_200d,2016-09-27,2016-09-28,15.8808,16.1077,1.4285496417296928,1,strength,2016
GLD,pullback_rsi2_200d,2016-09-29,2016-10-04,125.9658,123.0368,-2.325227824479059,3,gap_stop,2016
XLV,pullback_rsi2_200d,2016-09-30,2016-10-05,60.8001,61.2385,0.7210682402733593,3,strength,2016
XLU,pullback_rsi2_200d,2016-09-30,2016-10-04,18.1608,17.6011,-3.081767970480953,2,stop,2016
TLT,pullback_rsi2_200d,2016-10-05,2016-10-12,103.0085,100.7713,-2.1718493435132658,5,stop,2016
GLD,pullback_rsi2_200d,2016-10-06,2016-10-13,119.8097,119.91,0.08369634761975497,5,strength,2016
XLV,pullback_rsi2_200d,2016-10-12,2016-10-18,59.8651,59.5674,-0.49737506505965756,4,strength,2016
XLI,pullback_rsi2_200d,2016-10-12,2016-10-14,48.3686,48.3988,0.06245131902207213,2,strength,2016
XLY,pullback_rsi2_200d,2016-10-12,2016-10-19,35.7617,35.749,-0.035532556522643866,5,strength,2016
EFA,pullback_rsi2_200d,2016-10-12,2016-10-18,43.1225,43.2074,0.19705762314947695,4,strength,2016
SMH,pullback_rsi2_200d,2016-10-14,2016-10-18,30.8448,30.9879,0.46405474985011796,2,strength,2016
XLF,pullback_rsi2_200d,2016-10-14,2016-10-18,16.3489,16.2578,-0.5569850465430681,2,strength,2016
EEM,pullback_rsi2_200d,2016-10-14,2016-10-18,29.8523,30.0815,0.7678371816433716,2,strength,2016
XLB,pullback_rsi2_200d,2016-10-14,2016-10-17,19.1048,19.0626,-0.2213392421060334,1,strength,2016
IWM,pullback_rsi2_200d,2016-10-17,2016-10-18,106.7804,106.9205,0.13125607611321755,1,strength,2016
XLE,pullback_rsi2_200d,2016-10-18,2016-10-19,23.5315,23.6786,0.6253564606428341,1,strength,2016
EFA,pullback_rsi2_200d,2016-10-27,2016-11-04,43.2492,42.2178,-2.3846826892158335,6,gap_stop,2016
IWM,pullback_rsi2_200d,2016-10-28,2016-11-03,104.7702,101.8209,-2.815048229634032,4,stop,2016
EEM,pullback_rsi2_200d,2016-10-28,2016-11-03,29.8442,29.0326,-2.719443754422768,4,stop,2016
MDY,pullback_rsi2_200d,2016-10-28,2016-10-31,242.379,243.3204,0.3884071338839057,1,strength,2016
SPY,pullback_rsi2_200d,2016-10-31,2016-11-02,182.4751,179.1562,-1.8188200391547449,2,stop,2016
QQQ,pullback_rsi2_200d,2016-10-31,2016-11-01,110.0562,107.7624,-2.0842521978908124,1,stop,2016
XLY,pullback_rsi2_200d,2016-10-31,2016-11-07,35.3859,35.4733,0.2471199135741564,5,strength,2016
XLE,pullback_rsi2_200d,2016-11-01,2016-11-07,23.1893,23.1765,-0.05544667358949873,4,strength,2016
DIA,pullback_rsi2_200d,2016-11-02,2016-11-07,149.0103,150.9475,1.3000561760186047,3,strength,2016
XLK,pullback_rsi2_200d,2016-11-02,2016-11-04,21.2676,20.8169,-2.119316113861558,2,stop,2016
XLF,pullback_rsi2_200d,2016-11-03,2016-11-07,16.3405,16.6666,1.9952682876559713,2,strength,2016
QQQ,pullback_rsi2_200d,2016-11-03,2016-11-07,107.6778,108.7336,0.9805712910979203,2,strength,2016
XLB,pullback_rsi2_200d,2016-11-03,2016-11-07,19.0348,19.371,1.765983421252204,2,strength,2016
SMH,pullback_rsi2_200d,2016-11-04,2016-11-07,30.3204,31.2109,2.936767453167999,1,strength,2016
SPY,pullback_rsi2_200d,2016-11-04,2016-11-07,179.0301,182.2986,1.8256962313304648,1,strength,2016
MDY,pullback_rsi2_200d,2016-11-04,2016-11-07,238.5191,243.3027,2.0055203446396996,1,strength,2016
EEM,pullback_rsi2_200d,2016-11-07,2016-11-07,29.595,29.8729,0.9389093794630821,0,strength,2016
EEM,pullback_rsi2_200d,2016-11-14,2016-11-17,27.593,27.8829,1.0506000918786729,3,strength,2016
EFA,pullback_rsi2_200d,2016-11-15,2016-11-17,42.1905,42.2773,0.2058202119678887,2,strength,2016
SMH,pullback_rsi2_200d,2016-12-02,2016-12-06,30.8356,31.9526,3.6221892390508437,2,strength,2016
XLK,pullback_rsi2_200d,2016-12-02,2016-12-06,21.0278,21.347,1.517902849340813,2,strength,2016
QQQ,pullback_rsi2_200d,2016-12-02,2016-12-06,108.1928,109.2289,0.9576568637881477,2,strength,2016
XLF,pullback_rsi2_200d,2016-12-30,2017-01-03,19.5549,19.7002,0.7429151521793687,1,strength,2016
XLE,pullback_rsi2_200d,2017-01-03,2017-01-03,25.6657,25.6346,-0.12112764314320401,0,strength,2017
SPY,pullback_rsi2_200d,2017-01-03,2017-01-03,193.9897,193.7742,-0.11109926299017747,0,strength,2017
XLK,pullback_rsi2_200d,2017-01-03,2017-01-03,22.1158,22.126,0.04627127207221804,0,strength,2017
QQQ,pullback_rsi2_200d,2017-01-03,2017-01-04,112.0159,112.6544,0.5700340598700393,1,strength,2017
XLI,pullback_rsi2_200d,2017-01-03,2017-01-03,53.4392,53.2558,-0.34310002696338326,0,strength,2017
XLY,pullback_rsi2_200d,2017-01-03,2017-01-04,37.3717,37.7153,0.9192086704937319,1,strength,2017
XLB,pullback_rsi2_200d,2017-01-03,2017-01-04,20.666,20.993,1.5827136023290889,1,strength,2017
XLE,pullback_rsi2_200d,2017-01-10,2017-01-17,25.2003,25.187,-0.052907548371539104,4,strength,2017
DIA,pullback_rsi2_200d,2017-01-20,2017-01-20,164.8136,164.8424,0.017457320834624035,0,strength,2017
XLE,pullback_rsi2_200d,2017-01-31,2017-02-03,24.5866,24.7024,0.4709115250291829,3,strength,2017
DIA,pullback_rsi2_200d,2017-02-01,2017-02-03,166.1486,166.8575,0.42663097149844287,2,strength,2017
XLI,pullback_rsi2_200d,2017-02-02,2017-02-03,53.8569,54.1322,0.5111568367009545,1,strength,2017
XLY,pullback_rsi2_200d,2017-02-07,2017-02-08,38.3874,38.4926,0.2738954878543254,1,strength,2017
XLB,pullback_rsi2_200d,2017-02-08,2017-02-10,21.3586,21.5642,0.9628677760374238,2,strength,2017
XLE,pullback_rsi2_200d,2017-02-21,2017-02-24,24.4989,23.7969,-2.8654771010477864,3,stop,2017
EEM,pullback_rsi2_200d,2017-03-01,2017-03-01,31.145,31.31,0.5298163898040498,0,strength,2017
IWM,pullback_rsi2_200d,2017-03-08,2017-03-13,122.0706,120.9393,-0.9267735434362212,3,strength,2017
MDY,pullback_rsi2_200d,2017-03-09,2017-03-13,277.2725,277.412,0.050297537080168375,2,strength,2017
XLI,pullback_rsi2_200d,2017-03-10,2017-03-10,56.0907,56.0211,-0.1239595998379528,0,strength,2017
EEM,pullback_rsi2_200d,2017-03-10,2017-03-10,30.8116,30.8474,0.1162704671521464,0,strength,2017
XLB,pullback_rsi2_200d,2017-03-10,2017-03-10,21.6281,21.5684,-0.2763505208934536,0,strength,2017
XLF,pullback_rsi2_200d,2017-03-20,2017-03-21,20.5599,20.0445,-2.506828625542612,1,stop,2017
SPY,pullback_rsi2_200d,2017-03-22,2017-03-28,202.3918,203.3267,0.4619104569520305,4,strength,2017
DIA,pullback_rsi2_200d,2017-03-22,2017-03-28,172.6519,172.9678,0.1829833311737472,4,strength,2017
XLK,pullback_rsi2_200d,2017-03-22,2017-03-27,24.0028,24.0549,0.21745303532749727,3,strength,2017
QQQ,pullback_rsi2_200d,2017-03-22,2017-03-27,122.2061,122.8918,0.5610984609672132,3,strength,2017
IWM,pullback_rsi2_200d,2017-03-22,2017-03-27,118.8962,119.9169,0.8585509041653783,3,strength,2017
XLV,pullback_rsi2_200d,2017-03-22,2017-03-27,63.893,63.6969,-0.30690955136597475,3,strength,2017
XLY,pullback_rsi2_200d,2017-03-22,2017-03-24,39.2789,39.4649,0.4734212653084713,2,strength,2017
MDY,pullback_rsi2_200d,2017-03-22,2017-03-28,273.5161,275.9643,0.8950655130573582,4,strength,2017
XLF,pullback_rsi2_200d,2017-03-23,2017-03-28,19.7932,19.9891,0.9898346890551357,3,strength,2017
XLP,pullback_rsi2_200d,2017-03-27,2017-03-29,42.505,42.6925,0.4411047737665985,2,strength,2017
XLI,pullback_rsi2_200d,2017-03-28,2017-03-28,54.8983,55.5407,1.1703193824225355,0,strength,2017
XLU,pullback_rsi2_200d,2017-03-31,2017-04-04,19.1496,19.2196,0.3657766809558094,2,strength,2017
XLP,pullback_rsi2_200d,2017-04-04,2017-04-07,42.5284,42.5758,0.11134401359567114,3,strength,2017
SMH,pullback_rsi2_200d,2017-04-06,2017-04-07,36.1353,36.2924,0.4349091780687431,1,strength,2017
XLF,pullback_rsi2_200d,2017-04-06,2017-04-17,19.7595,19.5938,-0.8381608945592034,6,strength,2017
IWM,pullback_rsi2_200d,2017-04-06,2017-04-07,119.9786,120.6111,0.5271914562178903,1,strength,2017
XLV,pullback_rsi2_200d,2017-04-06,2017-04-07,63.5502,63.6285,0.12312237977758489,1,strength,2017
EFA,pullback_rsi2_200d,2017-04-06,2017-04-11,46.6115,46.6386,0.05827562646831819,3,strength,2017
MDY,pullback_rsi2_200d,2017-04-06,2017-04-06,275.204,276.7664,0.5677425812550707,0,strength,2017
XLK,pullback_rsi2_200d,2017-04-11,2017-04-17,24.1168,24.0595,-0.23754235468965712,3,strength,2017
EEM,pullback_rsi2_200d,2017-04-11,2017-04-12,31.8769,31.9025,0.0802506079625287,1,strength,2017
SMH,pullback_rsi2_200d,2017-04-12,2017-04-18,35.7814,35.4989,-0.789494147813119,3,strength,2017
QQQ,pullback_rsi2_200d,2017-04-12,2017-04-17,123.693,123.4929,-0.16180066874899035,2,strength,2017
SPY,pullback_rsi2_200d,2017-04-13,2017-04-17,202.2793,202.6787,0.1974714590329718,1,strength,2017
DIA,pullback_rsi2_200d,2017-04-13,2017-04-17,172.1322,172.4826,0.2035762847890199,1,strength,2017
XLB,pullback_rsi2_200d,2017-04-13,2017-04-19,21.5131,21.4619,-0.23838266602599356,3,strength,2017
XLV,pullback_rsi2_200d,2017-04-17,2017-04-17,63.3103,63.4917,0.28643789923967766,0,strength,2017
XLI,pullback_rsi2_200d,2017-04-17,2017-04-19,55.0011,55.1903,0.34410023994504435,2,strength,2017
XLY,pullback_rsi2_200d,2017-04-17,2017-04-17,39.6398,39.8661,0.5708200045161593,0,strength,2017
GLD,pullback_rsi2_200d,2017-04-26,2017-04-28,120.3302,120.6492,0.2651184314361954,2,strength,2017
XLP,pullback_rsi2_200d,2017-05-02,2017-05-04,42.778,42.8638,0.20048511608734554,2,strength,2017
XLY,pullback_rsi2_200d,2017-05-17,2017-05-19,40.6768,40.6913,0.035587522198898824,2,strength,2017
SPY,pullback_rsi2_200d,2017-05-18,2017-05-19,204.0888,205.9102,0.8924870840469445,1,strength,2017
DIA,pullback_rsi2_200d,2017-05-18,2017-05-19,172.8635,174.4876,0.9395474136911774,1,strength,2017
XLF,pullback_rsi2_200d,2017-05-18,2017-05-22,19.4056,19.6863,1.446930145793135,2,strength,2017
IWM,pullback_rsi2_200d,2017-05-18,2017-05-22,120.0054,121.8838,1.5652623871401428,2,strength,2017
XLV,pullback_rsi2_200d,2017-05-18,2017-05-22,63.7901,64.3297,0.8458288763937727,2,strength,2017
XLI,pullback_rsi2_200d,2017-05-18,2017-05-19,55.6777,56.5494,1.5656259618541446,1,strength,2017
MDY,pullback_rsi2_200d,2017-05-18,2017-05-19,274.5699,277.7202,1.147344925437821,1,strength,2017
EEM,pullback_rsi2_200d,2017-05-19,2017-05-19,33.243,33.3957,0.4593509481183533,0,strength,2017
IWM,pullback_rsi2_200d,2017-05-31,2017-06-01,122.0298,123.6638,1.3390915423017624,1,strength,2017
XLF,pullback_rsi2_200d,2017-06-01,2017-06-01,19.7005,19.7957,0.48318558577249426,0,strength,2017
XLK,pullback_rsi2_200d,2017-06-12,2017-06-19,25.2891,25.6282,1.3409351177604334,5,strength,2017
QQQ,pullback_rsi2_200d,2017-06-12,2017-06-19,130.6292,132.2868,1.2689303228407889,5,strength,2017
XLY,pullback_rsi2_200d,2017-06-13,2017-06-13,41.3575,41.4345,0.1860378441415511,0,strength,2017
EFA,pullback_rsi2_200d,2017-06-13,2017-06-13,50.0689,50.044,-0.049659271355440016,0,strength,2017
GLD,pullback_rsi2_200d,2017-06-15,2017-06-22,119.3392,118.8011,-0.45093561499509605,5,strength,2017
XLP,pullback_rsi2_200d,2017-06-23,2017-06-26,43.5873,43.6963,0.25005984450994223,1,strength,2017
XLU,pullback_rsi2_200d,2017-06-23,2017-06-26,20.1462,20.17,0.11792814105899829,1,strength,2017
SMH,pullback_rsi2_200d,2017-06-28,2017-07-05,38.3828,37.8245,-1.4546140266677776,4,strength,2017
SPY,pullback_rsi2_200d,2017-06-28,2017-06-28,210.9739,211.412,0.2076338044104009,0,strength,2017
QQQ,pullback_rsi2_200d,2017-06-28,2017-07-07,130.7397,129.7439,-0.7617215370351205,6,strength,2017
XLU,pullback_rsi2_200d,2017-06-29,2017-07-12,19.6746,19.5261,-0.7548064147315459,8,strength,2017
TLT,pullback_rsi2_200d,2017-06-30,2017-07-06,97.1413,95.5276,-1.6611443678257398,3,stop,2017
XLY,pullback_rsi2_200d,2017-07-07,2017-07-10,40.5993,40.8794,0.6900411789894312,1,strength,2017
XLP,pullback_rsi2_200d,2017-07-07,2017-07-13,42.9035,42.5825,-0.7482371747395633,4,strength,2017
EFA,pullback_rsi2_200d,2017-07-07,2017-07-10,49.4864,49.6549,0.34049254199630674,1,strength,2017
TLT,pullback_rsi2_200d,2017-07-10,2017-07-12,95.5381,96.193,0.6855223900454233,2,strength,2017
XLI,pullback_rsi2_200d,2017-07-25,2017-07-27,59.3574,58.3373,-1.7185119163197649,2,stop,2017
XLV,pullback_rsi2_200d,2017-07-28,2017-08-07,68.465,68.3797,-0.12456257837322182,6,strength,2017
IWM,pullback_rsi2_200d,2017-08-01,2017-08-03,127.3305,124.5855,-2.155815227018254,2,stop,2017
XLB,pullback_rsi2_200d,2017-08-01,2017-08-07,22.9348,22.7805,-0.672683753502179,4,strength,2017
MDY,pullback_rsi2_200d,2017-08-04,2017-08-10,284.986,279.6759,-1.8632658697944393,4,stop,2017
IWM,pullback_rsi2_200d,2017-08-10,2017-08-14,123.8466,123.8315,-0.012154823156229622,2,strength,2017
SMH,pullback_rsi2_200d,2017-08-11,2017-08-14,38.7137,39.8382,2.904519815132045,1,strength,2017
SPY,pullback_rsi2_200d,2017-08-11,2017-08-14,212.2963,214.0601,0.830842683547095,1,strength,2017
XLF,pullback_rsi2_200d,2017-08-11,2017-08-14,21.0023,21.1629,0.7648432026274632,1,strength,2017
XLK,pullback_rsi2_200d,2017-08-11,2017-08-14,26.0139,26.5149,1.9262315971366961,1,strength,2017
QQQ,pullback_rsi2_200d,2017-08-11,2017-08-14,133.2688,135.5548,1.7153459797407677,1,strength,2017
XLV,pullback_rsi2_200d,2017-08-11,2017-08-14,67.4585,67.9333,0.7037468056432683,1,strength,2017
XLI,pullback_rsi2_200d,2017-08-11,2017-08-14,58.385,58.8867,0.8592513198767193,1,strength,2017
XLY,pullback_rsi2_200d,2017-08-11,2017-08-14,40.865,41.387,1.2774085261923807,1,strength,2017
EEM,pullback_rsi2_200d,2017-08-11,2017-08-15,35.0228,35.3931,1.057321803360134,2,strength,2017
EFA,pullback_rsi2_200d,2017-08-11,2017-08-15,50.5427,50.7091,0.3291935967261628,2,strength,2017
XLB,pullback_rsi2_200d,2017-08-11,2017-08-14,22.3412,22.5177,0.7897762318419543,1,strength,2017
XLF,pullback_rsi2_200d,2017-08-18,2017-08-22,20.7147,20.9519,1.145023895624231,2,strength,2017
DIA,pullback_rsi2_200d,2017-08-21,2017-08-22,183.1302,184.6472,0.8283984616834106,1,strength,2017
XLV,pullback_rsi2_200d,2017-08-21,2017-08-22,67.037,68.0792,1.5546575391458983,1,strength,2017
XLI,pullback_rsi2_200d,2017-08-21,2017-08-22,57.8429,58.4229,1.0028228002961326,1,strength,2017
XLP,pullback_rsi2_200d,2017-08-25,2017-08-30,42.99,42.8962,-0.21806219283397876,3,strength,2017
XLF,pullback_rsi2_200d,2017-09-06,2017-09-11,20.5794,20.6986,0.5796032002118201,3,strength,2017
TLT,pullback_rsi2_200d,2017-09-14,2017-09-15,98.6758,98.8605,0.18719242508959955,1,strength,2017
GLD,pullback_rsi2_200d,2017-09-19,2017-09-25,124.6145,124.4055,-0.1677325684215636,4,strength,2017
XLP,pullback_rsi2_200d,2017-09-21,2017-09-26,43.1254,42.9682,-0.3645111313125171,3,strength,2017
XLU,pullback_rsi2_200d,2017-09-21,2017-09-25,20.4253,20.3807,-0.21838076847037202,2,strength,2017
QQQ,pullback_rsi2_200d,2017-09-22,2017-09-27,136.1897,136.3518,0.11901403456300308,3,strength,2017
XLK,pullback_rsi2_200d,2017-09-26,2017-09-27,26.7227,26.8941,0.6413241632792444,1,strength,2017
XLV,pullback_rsi2_200d,2017-09-26,2017-09-29,70.4265,70.4237,-0.004037060744510601,3,strength,2017
EEM,pullback_rsi2_200d,2017-09-26,2017-09-29,36.5178,36.5345,0.04578922791429463,3,strength,2017
TLT,pullback_rsi2_200d,2017-09-29,2017-10-04,97.4187,97.1475,-0.27835036563015336,3,strength,2017
GLD,pullback_rsi2_200d,2017-10-03,2017-10-06,120.8407,120.9689,0.10607775121891372,3,strength,2017
TLT,pullback_rsi2_200d,2017-10-06,2017-10-10,96.4656,96.9679,0.5206552397959863,2,strength,2017
XLV,pullback_rsi2_200d,2017-10-17,2017-10-17,70.9964,71.6559,0.9289145330438897,0,strength,2017
XLE,pullback_rsi2_200d,2017-10-20,2017-10-27,23.4604,22.9815,-2.0415465929994103,5,stop,2017
TLT,pullback_rsi2_200d,2017-10-23,2017-10-27,97.1463,96.2338,-0.9392814524743165,4,strength,2017
GLD,pullback_rsi2_200d,2017-10-27,2017-10-30,120.5004,121.0089,0.42198208594432796,1,strength,2017
QQQ,pullback_rsi2_200d,2017-10-27,2017-10-27,141.3252,142.7513,1.0090577916986199,0,strength,2017
XLV,pullback_rsi2_200d,2017-10-27,2017-11-03,70.6856,70.3203,-0.5167243145867695,5,strength,2017
EEM,pullback_rsi2_200d,2017-10-27,2017-10-27,37.3511,37.6189,0.7169955144894935,0,strength,2017
XLI,pullback_rsi2_200d,2017-11-01,2017-11-02,62.0233,62.0288,0.008820337066062223,1,strength,2017
XLF,pullback_rsi2_200d,2017-11-08,2017-11-15,22.3639,22.1921,-0.7683547816758285,5,strength,2017
IWM,pullback_rsi2_200d,2017-11-08,2017-11-16,131.6699,132.4014,0.5555017635556769,6,strength,2017
XLI,pullback_rsi2_200d,2017-11-10,2017-11-16,61.2107,61.1574,-0.08709323664175539,4,strength,2017
XLB,pullback_rsi2_200d,2017-11-10,2017-11-16,24.3778,24.4214,0.17868713501583144,4,strength,2017
TLT,pullback_rsi2_200d,2017-11-13,2017-11-15,97.8539,99.0356,1.2076537885813865,2,strength,2017
EFA,pullback_rsi2_200d,2017-11-14,2017-11-16,52.7089,52.8328,0.23503681216021644,2,strength,2017
XLE,pullback_rsi2_200d,2017-11-15,2017-11-21,23.3704,23.2858,-0.3623683080657525,4,strength,2017
EEM,pullback_rsi2_200d,2017-11-15,2017-11-16,37.2939,37.9858,1.8552341557504848,1,strength,2017
SPY,pullback_rsi2_200d,2017-11-16,2017-11-16,225.1531,225.663,0.22650002385535828,0,strength,2017
DIA,pullback_rsi2_200d,2017-11-16,2017-11-16,198.7217,198.9089,0.09420706326903616,0,strength,2017
XLV,pullback_rsi2_200d,2017-11-16,2017-11-16,69.7963,70.2772,0.6890700245651971,0,strength,2017
MDY,pullback_rsi2_200d,2017-11-16,2017-11-16,298.3602,299.6742,0.44042783279210074,0,strength,2017
SMH,pullback_rsi2_200d,2017-11-30,2017-12-01,46.2837,44.7109,-3.397969327888717,1,stop,2017
TLT,pullback_rsi2_200d,2017-11-30,2017-12-01,98.2537,99.23,0.9936445702219299,1,strength,2017
GLD,pullback_rsi2_200d,2017-12-01,2017-12-07,121.0609,118.7888,-1.8768751967460973,4,stop,2017
EEM,pullback_rsi2_200d,2017-12-01,2017-12-08,37.5635,37.4559,-0.28662503595956457,5,strength,2017
SMH,pullback_rsi2_200d,2017-12-05,2017-12-07,44.5279,45.1591,1.4175149480388116,2,strength,2017
EFA,pullback_rsi2_200d,2017-12-06,2017-12-08,53.0687,53.3522,0.534328094379255,2,strength,2017
XLU,pullback_rsi2_200d,2017-12-06,2017-12-08,21.0868,21.1964,0.5198660042211811,2,strength,2017
MDY,pullback_rsi2_200d,2017-12-15,2017-12-15,307.4771,308.3032,0.2686509138201121,0,strength,2017
TLT,pullback_rsi2_200d,2017-12-20,2017-12-26,97.6687,98.3319,0.6790578912456047,3,strength,2017
XLU,pullback_rsi2_200d,2017-12-20,2017-12-26,20.4814,19.967,-2.5119044850029915,3,stop,2017
XLP,pullback_rsi2_200d,2018-01-03,2018-01-05,45.119,45.2674,0.3289066285154574,2,strength,2018
TLT,pullback_rsi2_200d,2018-01-10,2018-01-12,96.6943,97.8447,1.1897434168093524,2,strength,2018
XLE,pullback_rsi2_200d,2018-01-31,2018-02-02,26.1285,25.3881,-2.8334215928000894,2,stop,2018
MDY,pullback_rsi2_200d,2018-01-31,2018-02-02,321.9638,315.9697,-1.8617281104056915,2,stop,2018
IWM,pullback_rsi2_200d,2018-02-01,2018-02-05,140.3427,137.0372,-2.355258870887733,2,stop,2018
XLP,pullback_rsi2_200d,2018-02-02,2018-02-05,45.6449,44.7108,-2.0463354772368714,1,gap_stop,2018
XLB,pullback_rsi2_200d,2018-02-02,2018-02-02,26.0768,25.4983,-2.218408896098245,0,stop,2018
SMH,pullback_rsi2_200d,2018-02-05,2018-02-06,47.4567,45.3195,-4.503564346180211,1,gap_stop,2018
SPY,pullback_rsi2_200d,2018-02-05,2018-02-05,240.303,235.5625,-1.972728117873701,0,stop,2018
DIA,pullback_rsi2_200d,2018-02-05,2018-02-05,215.117,210.4158,-2.1854322405711946,0,stop,2018
XLK,pullback_rsi2_200d,2018-02-05,2018-02-05,30.3424,29.5579,-2.585338898596501,0,stop,2018
QQQ,pullback_rsi2_200d,2018-02-05,2018-02-05,154.5479,150.7603,-2.450795835930508,0,stop,2018
XLV,pullback_rsi2_200d,2018-02-05,2018-02-05,74.9469,73.0425,-2.541090605210139,0,stop,2018
XLI,pullback_rsi2_200d,2018-02-05,2018-02-05,67.0709,65.4703,-2.386456389975511,0,stop,2018
XLY,pullback_rsi2_200d,2018-02-05,2018-02-05,48.315,47.1513,-2.408547901134317,0,stop,2018
EEM,pullback_rsi2_200d,2018-02-05,2018-02-05,40.6208,39.5124,-2.7286147826934393,0,stop,2018
EFA,pullback_rsi2_200d,2018-02-05,2018-02-05,55.4185,54.3971,-1.8429391043131016,0,stop,2018
XLE,pullback_rsi2_200d,2018-02-06,2018-02-09,23.7699,22.7584,-4.255522946707968,3,stop,2018
XLF,pullback_rsi2_200d,2018-02-06,2018-02-12,23.2443,23.9047,2.8410885164684707,4,strength,2018
MDY,pullback_rsi2_200d,2018-02-06,2018-02-12,296.7609,300.9032,1.395833331281593,4,strength,2018
XLB,pullback_rsi2_200d,2018-02-06,2018-02-12,24.1975,25.1185,3.806153721779326,4,strength,2018
GLD,pullback_rsi2_200d,2018-02-08,2018-02-12,125.0449,125.2446,0.1597142687992381,2,strength,2018
SPY,pullback_rsi2_200d,2018-02-09,2018-02-12,229.1864,232.7102,1.5375250622748693,1,strength,2018
IWM,pullback_rsi2_200d,2018-02-09,2018-02-12,132.2589,133.2538,0.7522261204692571,1,strength,2018
XLV,pullback_rsi2_200d,2018-02-09,2018-02-12,70.8121,71.6914,1.2417861705052546,1,strength,2018
GLD,pullback_rsi2_200d,2018-03-02,2018-03-02,125.7957,125.2646,-0.42215982838931243,0,strength,2018
SPY,pullback_rsi2_200d,2018-03-02,2018-03-05,233.5802,238.7179,2.199513199331804,1,strength,2018
XLF,pullback_rsi2_200d,2018-03-02,2018-03-05,24.0379,24.5604,2.1738625930916244,1,strength,2018
XLV,pullback_rsi2_200d,2018-03-02,2018-03-05,71.3842,73.0151,2.2846372414677685,1,strength,2018
XLI,pullback_rsi2_200d,2018-03-02,2018-03-06,64.7504,66.243,2.3052089599962633,2,strength,2018
XLY,pullback_rsi2_200d,2018-03-02,2018-03-05,46.9769,48.0205,2.221450592953622,1,strength,2018
EFA,pullback_rsi2_200d,2018-03-02,2018-03-06,53.2602,54.196,1.7570706166879724,2,strength,2018
XLB,pullback_rsi2_200d,2018-03-02,2018-03-05,24.7761,25.1775,1.6202937810265272,1,strength,2018
DIA,pullback_rsi2_200d,2018-03-05,2018-03-06,208.5024,212.3526,1.8466278124014357,1,strength,2018
GLD,pullback_rsi2_200d,2018-03-16,2018-03-21,124.9648,126.3535,1.11126222390594,3,strength,2018
XLB,pullback_rsi2_200d,2018-03-16,2018-03-21,25.0276,24.9184,-0.43645945224450866,3,strength,2018
SPY,pullback_rsi2_200d,2018-03-20,2018-03-23,239.0508,231.7643,-3.0481051176119323,3,stop,2018
XLF,pullback_rsi2_200d,2018-03-20,2018-03-22,24.6393,23.7196,-3.7324677445983,2,stop,2018
XLK,pullback_rsi2_200d,2018-03-20,2018-03-23,31.4971,30.3613,-3.605860364376634,3,stop,2018
QQQ,pullback_rsi2_200d,2018-03-20,2018-03-23,158.6907,153.0294,-3.5674792056066273,3,stop,2018
XLV,pullback_rsi2_200d,2018-03-20,2018-03-22,73.2443,70.8892,-3.215391242303023,2,stop,2018
XLY,pullback_rsi2_200d,2018-03-20,2018-03-23,48.1564,46.6584,-3.1108715488266547,3,stop,2018
EEM,pullback_rsi2_200d,2018-03-20,2018-03-20,40.712,40.7383,0.0644925794177853,0,strength,2018
EFA,pullback_rsi2_200d,2018-03-20,2018-03-23,54.0106,52.732,-2.367299370486753,3,stop,2018
SMH,pullback_rsi2_200d,2018-03-23,2018-03-26,50.0906,50.3581,0.5339545138323576,1,strength,2018
DIA,pullback_rsi2_200d,2018-03-23,2018-03-29,205.5767,206.3799,0.3907281891707859,4,strength,2018
XLI,pullback_rsi2_200d,2018-03-23,2018-03-29,64.5139,64.6985,0.28620305578797023,4,strength,2018
MDY,pullback_rsi2_200d,2018-03-23,2018-03-29,308.0903,308.3952,0.09896363302652755,4,strength,2018
XLF,pullback_rsi2_200d,2018-03-26,2018-03-29,23.4317,23.5644,0.5662306029519337,3,strength,2018
IWM,pullback_rsi2_200d,2018-03-26,2018-03-29,137.3788,136.8699,-0.3704436060045335,3,strength,2018
EEM,pullback_rsi2_200d,2018-03-26,2018-03-26,39.891,40.0678,0.44340562086992996,0,strength,2018
SMH,pullback_rsi2_200d,2018-04-20,2018-04-26,46.6176,45.9336,-1.4672617895718498,4,strength,2018
GLD,pullback_rsi2_200d,2018-04-23,2018-05-01,125.7456,123.3439,-1.9099863476712886,6,stop,2018
EEM,pullback_rsi2_200d,2018-04-24,2018-04-26,39.1943,38.876,-0.8121997909545375,2,strength,2018
SPY,pullback_rsi2_200d,2018-04-25,2018-04-26,231.9659,234.4963,1.0908309429846108,1,strength,2018
DIA,pullback_rsi2_200d,2018-04-25,2018-04-26,205.9525,207.9617,0.9755639219899415,1,strength,2018
XLK,pullback_rsi2_200d,2018-04-25,2018-04-26,30.0439,30.4873,1.475822870389898,1,strength,2018
QQQ,pullback_rsi2_200d,2018-04-25,2018-04-26,150.6883,153.4662,1.8434954230535094,1,strength,2018
XLI,pullback_rsi2_200d,2018-04-25,2018-05-03,64.1212,61.4911,-4.101709175766777,6,stop,2018
XLY,pullback_rsi2_200d,2018-04-25,2018-04-26,46.9162,47.8662,2.02496738905924,1,strength,2018
XLF,pullback_rsi2_200d,2018-05-01,2018-05-04,23.4574,23.308,-0.6370342181238886,3,strength,2018
MDY,pullback_rsi2_200d,2018-05-01,2018-05-04,307.3399,311.5178,1.3593790530749494,3,strength,2018
DIA,pullback_rsi2_200d,2018-05-03,2018-05-04,203.9211,207.4485,1.7297595196535287,1,strength,2018
EFA,pullback_rsi2_200d,2018-05-25,2018-05-29,54.2813,53.3292,-1.7540822886665586,1,stop,2018
XLE,pullback_rsi2_200d,2018-05-29,2018-05-30,25.9636,26.8222,3.3066933630338413,1,strength,2018
SPY,pullback_rsi2_200d,2018-05-30,2018-05-30,238.6625,240.0436,0.5786728488557769,0,strength,2018
DIA,pullback_rsi2_200d,2018-05-30,2018-06-01,210.728,211.3277,0.2845986791606858,2,strength,2018
XLF,pullback_rsi2_200d,2018-06-15,2018-06-26,23.4816,22.7665,-3.045531288269676,7,stop,2018
XLI,pullback_rsi2_200d,2018-06-15,2018-06-19,65.5436,63.9134,-2.487251955477221,2,stop,2018
XLE,pullback_rsi2_200d,2018-06-18,2018-06-20,26.132,26.464,1.2705949175543463,2,strength,2018
SMH,pullback_rsi2_200d,2018-06-20,2018-06-25,50.6314,48.8972,-3.425093950528646,3,gap_stop,2018
DIA,pullback_rsi2_200d,2018-06-20,2018-06-25,213.4445,208.6098,-2.2650735506281605,3,stop,2018
XLK,pullback_rsi2_200d,2018-06-25,2018-06-28,32.6164,31.7819,-2.5587318499542544,3,gap_stop,2018
SPY,pullback_rsi2_200d,2018-06-26,2018-06-29,240.7446,239.9452,-0.3320559786323729,3,strength,2018
QQQ,pullback_rsi2_200d,2018-06-26,2018-06-29,163.6252,162.966,-0.40287079215894916,3,strength,2018
IWM,pullback_rsi2_200d,2018-06-26,2018-07-02,149.2478,148.6521,-0.3991542813405302,4,strength,2018
XLY,pullback_rsi2_200d,2018-06-26,2018-06-29,50.7189,50.6129,-0.20892629079599656,3,strength,2018
MDY,pullback_rsi2_200d,2018-06-26,2018-07-02,323.5291,321.317,-0.6837294285516049,4,strength,2018
XLV,pullback_rsi2_200d,2018-06-28,2018-07-02,72.3544,72.9505,0.8238298154378265,2,strength,2018
TLT,pullback_rsi2_200d,2018-07-19,2018-07-19,97.1553,97.3274,0.17711276726084524,0,strength,2018
XLE,pullback_rsi2_200d,2018-07-24,2018-07-24,26.4534,26.6156,0.6131011660361674,0,strength,2018
XLK,pullback_rsi2_200d,2018-07-31,2018-08-02,32.9508,33.5849,1.9242309816143388,2,strength,2018
QQQ,pullback_rsi2_200d,2018-07-31,2018-08-02,167.2402,170.4473,1.9177065345195254,2,strength,2018
XLY,pullback_rsi2_200d,2018-07-31,2018-08-02,51.5355,51.6224,0.16857897434001679,2,strength,2018
XLE,pullback_rsi2_200d,2018-08-06,2018-08-07,26.6547,26.82,0.6202029003006926,1,strength,2018
SMH,pullback_rsi2_200d,2018-08-13,2018-08-17,49.2748,47.6,-3.398862237339262,4,stop,2018
XLI,pullback_rsi2_200d,2018-08-13,2018-08-16,66.043,66.2958,0.3827876326772728,3,strength,2018
XLP,pullback_rsi2_200d,2018-08-13,2018-08-14,43.0593,43.1989,0.3241980131990063,1,strength,2018
SPY,pullback_rsi2_200d,2018-08-14,2018-08-16,250.7417,251.249,0.20232940529008037,2,strength,2018
DIA,pullback_rsi2_200d,2018-08-14,2018-08-16,217.8526,220.1527,1.0558056027626161,2,strength,2018
XLF,pullback_rsi2_200d,2018-08-14,2018-08-16,23.9117,24.13,0.9130718380926828,2,strength,2018
MDY,pullback_rsi2_200d,2018-08-14,2018-08-14,328.5616,330.1223,0.47501271140444334,0,strength,2018
XLE,pullback_rsi2_200d,2018-08-16,2018-08-20,25.5244,25.7695,0.9603348923863386,2,strength,2018
XLP,pullback_rsi2_200d,2018-08-29,2018-09-05,43.5922,43.7791,0.42865296313023826,4,strength,2018
TLT,pullback_rsi2_200d,2018-09-05,2018-09-13,95.9573,95.2538,-0.733133101904837,6,strength,2018
SMH,pullback_rsi2_200d,2018-09-07,2018-09-12,49.3681,47.6994,-3.380046728774999,3,stop,2018
XLE,pullback_rsi2_200d,2018-09-07,2018-09-11,25.6233,25.8964,1.0659416351471052,2,strength,2018
XLK,pullback_rsi2_200d,2018-09-07,2018-09-11,34.0654,34.5026,1.2832534242300353,2,strength,2018
QQQ,pullback_rsi2_200d,2018-09-07,2018-09-11,171.7113,173.8557,1.2488389642666853,2,strength,2018
XLF,pullback_rsi2_200d,2018-09-13,2018-09-14,24.2041,24.233,0.11940889692874102,1,strength,2018
XLY,pullback_rsi2_200d,2018-09-18,2018-09-18,53.6188,54.1507,0.9920028976350359,0,strength,2018
XLU,pullback_rsi2_200d,2018-09-20,2018-09-26,20.7277,20.1868,-2.609515674385965,4,stop,2018
XLF,pullback_rsi2_200d,2018-09-27,2018-10-03,24.1905,24.0991,-0.3780148721990839,4,strength,2018
MDY,pullback_rsi2_200d,2018-09-27,2018-10-04,333.0771,326.9622,-1.835877218112758,5,stop,2018
IWM,pullback_rsi2_200d,2018-10-03,2018-10-05,150.1402,146.6096,-2.351573502789761,2,stop,2018
XLY,pullback_rsi2_200d,2018-10-03,2018-10-04,53.9141,52.7727,-2.117023955125774,1,stop,2018
SPY,pullback_rsi2_200d,2018-10-05,2018-10-08,257.9039,253.8731,-1.562907525290691,1,stop,2018
QQQ,pullback_rsi2_200d,2018-10-05,2018-10-08,173.793,169.3477,-2.557778935962951,1,stop,2018
XLK,pullback_rsi2_200d,2018-10-08,2018-10-10,34.1436,33.2147,-2.72080662596611,2,stop,2018
XLY,pullback_rsi2_200d,2018-10-08,2018-10-10,52.0386,50.7599,-2.457166341415662,2,stop,2018
MDY,pullback_rsi2_200d,2018-10-08,2018-10-10,324.4564,317.5052,-2.1424172241282124,2,stop,2018
IWM,pullback_rsi2_200d,2018-10-09,2018-10-10,146.9044,143.0004,-2.657509571992056,1,stop,2018
SPY,pullback_rsi2_200d,2018-10-10,2018-10-10,255.3577,251.0037,-1.7050680831302012,0,stop,2018
XLI,pullback_rsi2_200d,2018-10-10,2018-10-10,68.4662,66.8763,-2.322138928169526,0,stop,2018
DIA,pullback_rsi2_200d,2018-10-11,2018-10-11,220.4638,215.4043,-2.2949158599897324,0,stop,2018
QQQ,pullback_rsi2_200d,2018-10-11,2018-10-16,162.9858,168.557,3.4182122019984496,3,strength,2018
XLV,pullback_rsi2_200d,2018-10-11,2018-10-11,80.5777,78.8095,-2.194416321789061,0,stop,2018
XLE,pullback_rsi2_200d,2018-10-12,2018-10-22,26.148,25.2146,-3.5697478993252263,6,stop,2018
XLV,pullback_rsi2_200d,2018-10-24,2018-10-24,79.0876,76.6153,-3.1260293667226935,0,stop,2018
DIA,pullback_rsi2_200d,2018-11-14,2018-11-16,220.8498,220.0925,-0.3428916869460341,2,strength,2018
XLU,pullback_rsi2_200d,2018-11-16,2018-11-16,21.6029,21.5597,-0.19980019980019303,0,strength,2018
XLP,pullback_rsi2_200d,2018-11-21,2018-11-27,44.7295,44.916,0.41703190405351087,3,strength,2018
XLV,pullback_rsi2_200d,2018-12-10,2018-12-12,79.4207,80.4516,1.2981177659394882,2,strength,2018
XLP,pullback_rsi2_200d,2018-12-10,2018-12-11,44.7457,44.77,0.05410966578771603,1,strength,2018
GLD,pullback_rsi2_200d,2019-03-01,2019-03-04,123.6035,121.4384,-1.751605812713597,1,gap_stop,2019
TLT,pullback_rsi2_200d,2019-03-04,2019-03-05,96.8999,97.1521,0.26026507955276834,1,strength,2019
SMH,pullback_rsi2_200d,2019-03-07,2019-03-11,48.2255,48.8878,1.3733983408371175,2,strength,2019
DIA,pullback_rsi2_200d,2019-03-07,2019-03-11,223.9458,223.8121,-0.05970645040832556,2,strength,2019
XLV,pullback_rsi2_200d,2019-03-07,2019-03-11,79.3937,79.4548,0.07689265324912764,2,strength,2019
XLI,pullback_rsi2_200d,2019-03-07,2019-03-11,66.152,66.2143,0.09421678252232724,2,strength,2019
SPY,pullback_rsi2_200d,2019-03-08,2019-03-11,244.4108,248.8376,1.811219403330333,1,strength,2019
XLK,pullback_rsi2_200d,2019-03-08,2019-03-11,32.2841,33.3078,3.1711944094064304,1,strength,2019
XLY,pullback_rsi2_200d,2019-03-08,2019-03-11,50.6774,51.2429,1.1158876329788292,1,strength,2019
XLP,pullback_rsi2_200d,2019-03-08,2019-03-11,44.0885,44.5573,1.0632463852483287,1,strength,2019
EEM,pullback_rsi2_200d,2019-03-25,2019-03-28,35.8743,35.921,0.13019812977270728,3,strength,2019
EFA,pullback_rsi2_200d,2019-03-25,2019-03-28,51.2423,51.4025,0.3127059826654843,3,strength,2019
GLD,pullback_rsi2_200d,2019-03-29,2019-04-04,122.7626,121.9879,-0.6310949187412485,4,strength,2019
XLV,pullback_rsi2_200d,2019-04-12,2019-04-16,80.4141,78.5389,-2.3319544764838773,2,stop,2019
TLT,pullback_rsi2_200d,2019-04-15,2019-04-18,99.9545,99.8523,-0.1022416802784476,3,strength,2019
GLD,pullback_rsi2_200d,2019-04-17,2019-04-24,120.5805,120.3495,-0.19151350544674983,4,strength,2019
XLU,pullback_rsi2_200d,2019-04-18,2019-04-23,22.9557,22.9099,-0.19979591022050158,2,strength,2019
EEM,pullback_rsi2_200d,2019-04-25,2019-04-29,36.8572,37.181,0.8785032951122984,2,strength,2019
XLB,pullback_rsi2_200d,2019-04-26,2019-04-30,24.4826,24.8006,1.2989412061297223,2,strength,2019
XLY,pullback_rsi2_200d,2019-05-02,2019-05-03,55.6321,56.19,1.002833296333705,1,strength,2019
DIA,pullback_rsi2_200d,2019-05-03,2019-05-03,231.491,231.5966,0.04562019570732989,0,strength,2019
DIA,pullback_rsi2_200d,2019-05-08,2019-05-13,227.1908,222.3383,-2.1358987060322576,3,stop,2019
XLK,pullback_rsi2_200d,2019-05-08,2019-05-13,35.8253,34.69,-3.168948902497004,3,gap_stop,2019
EEM,pullback_rsi2_200d,2019-05-08,2019-05-09,36.0777,35.0379,-2.8821037608286137,1,stop,2019
SMH,pullback_rsi2_200d,2019-05-09,2019-05-13,52.3828,50.1824,-4.200704725305215,2,stop,2019
XLF,pullback_rsi2_200d,2019-05-09,2019-05-16,23.6181,23.597,-0.08906241902761902,5,strength,2019
XLU,pullback_rsi2_200d,2019-05-09,2019-05-10,22.7998,23.1334,1.4632437443138135,1,strength,2019
SPY,pullback_rsi2_200d,2019-05-10,2019-05-15,256.892,255.876,-0.39551845733613034,3,strength,2019
QQQ,pullback_rsi2_200d,2019-05-10,2019-05-13,176.2829,171.2163,-2.8741425124578446,1,stop,2019
XLI,pullback_rsi2_200d,2019-05-10,2019-05-16,67.2371,67.2717,0.05146619119222873,4,strength,2019
XLY,pullback_rsi2_200d,2019-05-10,2019-05-13,54.7695,53.4114,-2.479663898548057,1,stop,2019
MDY,pullback_rsi2_200d,2019-05-10,2019-05-13,320.3335,311.6852,-2.6997921502695643,1,stop,2019
GLD,pullback_rsi2_200d,2019-05-20,2019-05-23,120.6305,121.0488,0.34677464680732406,3,strength,2019
SMH,pullback_rsi2_200d,2019-05-21,2019-05-29,49.1425,46.3415,-5.699774807434677,5,gap_stop,2019
QQQ,pullback_rsi2_200d,2019-05-29,2019-06-03,168.8911,163.1155,-3.419747667629014,3,stop,2019
XLI,pullback_rsi2_200d,2019-05-29,2019-06-04,64.8406,66.0358,1.8433906760496388,4,strength,2019
XLY,pullback_rsi2_200d,2019-05-29,2019-06-04,52.5333,52.8635,0.6284648311842167,4,strength,2019
XLP,pullback_rsi2_200d,2019-05-29,2019-06-03,46.4999,46.3658,-0.28832038037850394,3,strength,2019
SPY,pullback_rsi2_200d,2019-05-30,2019-06-04,251.0368,251.8098,0.30794727899643437,3,strength,2019
XLK,pullback_rsi2_200d,2019-05-30,2019-05-30,34.196,34.2589,0.18388692659123684,0,strength,2019
XLU,pullback_rsi2_200d,2019-05-30,2019-06-03,23.2277,23.4806,1.088931312918029,2,strength,2019
XLK,pullback_rsi2_200d,2019-06-04,2019-06-04,33.5857,34.2027,1.837222068130484,0,strength,2019
XLU,pullback_rsi2_200d,2019-06-27,2019-07-02,23.9896,24.2554,1.1082687326236629,3,strength,2019
XLB,pullback_rsi2_200d,2019-07-10,2019-07-12,25.2425,25.3484,0.4195337242584696,2,strength,2019
XLI,pullback_rsi2_200d,2019-07-11,2019-07-11,68.4512,68.7966,0.5046729931660776,0,strength,2019
TLT,pullback_rsi2_200d,2019-07-12,2019-07-17,106.4151,107.8945,1.3902929243013062,3,strength,2019
XLV,pullback_rsi2_200d,2019-07-15,2019-07-18,82.0885,82.1282,0.04840589187762312,3,strength,2019
EEM,pullback_rsi2_200d,2019-07-31,2019-07-31,36.0881,35.3871,-1.9423588559613236,0,stop,2019
SPY,pullback_rsi2_200d,2019-08-01,2019-08-02,268.9688,264.0382,-1.83316570864952,1,stop,2019
DIA,pullback_rsi2_200d,2019-08-01,2019-08-02,236.7747,232.7275,-1.709297924210551,1,stop,2019
XLK,pullback_rsi2_200d,2019-08-01,2019-08-02,38.1241,37.1204,-2.632827637192503,1,stop,2019
QQQ,pullback_rsi2_200d,2019-08-01,2019-08-02,183.697,179.0697,-2.5190193339190037,1,stop,2019
XLY,pullback_rsi2_200d,2019-08-01,2019-08-02,56.8964,55.6854,-2.128436785452581,1,stop,2019
EFA,pullback_rsi2_200d,2019-08-01,2019-08-02,52.5677,51.6842,-1.6806475970398194,1,stop,2019
SMH,pullback_rsi2_200d,2019-08-02,2019-08-05,54.0695,51.5891,-4.587496706685634,1,stop,2019
XLF,pullback_rsi2_200d,2019-08-02,2019-08-05,24.2039,23.5567,-2.67375268170168,1,stop,2019
XLI,pullback_rsi2_200d,2019-08-02,2019-08-05,68.0485,66.1605,-2.77445791142259,1,stop,2019
IWM,pullback_rsi2_200d,2019-08-05,2019-08-08,137.445,139.6981,1.639248304451968,3,strength,2019
MDY,pullback_rsi2_200d,2019-08-05,2019-08-08,315.0034,322.0966,2.2518096407114774,3,strength,2019
XLB,pullback_rsi2_200d,2019-08-05,2019-08-07,24.7291,24.7969,0.27435850179704513,2,strength,2019
SPY,pullback_rsi2_200d,2019-08-06,2019-08-08,258.4035,264.8415,2.491459513096439,2,strength,2019
DIA,pullback_rsi2_200d,2019-08-06,2019-08-08,227.7289,232.1791,1.9541509890781628,2,strength,2019
XLK,pullback_rsi2_200d,2019-08-06,2019-08-08,36.1734,37.3331,3.2061706806701507,2,strength,2019
QQQ,pullback_rsi2_200d,2019-08-06,2019-08-08,175.0318,180.2941,3.006500938998302,2,strength,2019
XLY,pullback_rsi2_200d,2019-08-06,2019-08-08,54.4362,56.0597,2.982517177463029,2,strength,2019
XLP,pullback_rsi2_200d,2019-08-06,2019-08-07,48.1263,48.8598,1.5241547266937383,1,strength,2019
SMH,pullback_rsi2_200d,2019-08-26,2019-08-29,52.915,53.9094,1.8791861553203892,3,strength,2019
QQQ,pullback_rsi2_200d,2019-08-26,2019-08-28,176.7015,177.2583,0.3150940586084561,2,strength,2019
XLB,pullback_rsi2_200d,2019-08-26,2019-08-28,24.1068,24.1455,0.16044605924523392,2,strength,2019
TLT,pullback_rsi2_200d,2019-09-06,2019-09-10,119.4275,116.0997,-2.786425519346003,2,stop,2019
GLD,pullback_rsi2_200d,2019-09-11,2019-09-12,140.4803,141.1787,0.49711653665500677,1,strength,2019
TLT,pullback_rsi2_200d,2019-09-12,2019-09-13,116.3361,113.0497,-2.824963264598812,1,stop,2019
XLY,pullback_rsi2_200d,2019-09-23,2019-09-30,56.6698,56.8533,0.3238446026044395,5,strength,2019
QQQ,pullback_rsi2_200d,2019-09-25,2019-09-30,180.5579,181.1855,0.347625392828399,3,strength,2019
XLV,pullback_rsi2_200d,2019-09-26,2019-09-30,80.6826,80.1657,-0.6407567746585796,2,strength,2019
GLD,pullback_rsi2_200d,2019-10-01,2019-10-02,138.2081,141.1187,2.1059964344948057,1,strength,2019
XLF,pullback_rsi2_200d,2019-10-02,2019-10-03,24.0448,23.308,-3.064386674380981,1,stop,2019
XLI,pullback_rsi2_200d,2019-10-02,2019-10-07,67.5726,67.5364,-0.053610669325221405,3,strength,2019
SPY,pullback_rsi2_200d,2019-10-03,2019-10-04,261.322,266.726,2.0679674294735495,1,strength,2019
DIA,pullback_rsi2_200d,2019-10-03,2019-10-04,230.4328,234.699,1.8513672574176354,1,strength,2019
XLY,pullback_rsi2_200d,2019-10-03,2019-10-04,55.4049,56.1562,1.3559750777406343,1,strength,2019
XLP,pullback_rsi2_200d,2019-10-03,2019-10-04,50.4515,51.2437,1.5702401901653174,1,strength,2019
EFA,pullback_rsi2_200d,2019-10-03,2019-10-07,51.5331,52.1049,1.10962484802688,2,strength,2019
MDY,pullback_rsi2_200d,2019-10-03,2019-10-04,314.0637,319.0527,1.5885262505957343,1,strength,2019
XLB,pullback_rsi2_200d,2019-10-03,2019-10-10,24.3461,24.555,0.8578733465126831,5,strength,2019
TLT,pullback_rsi2_200d,2019-10-14,2019-10-23,116.5232,114.6465,-1.6106161468221858,7,strength,2019
XLU,pullback_rsi2_200d,2019-10-15,2019-10-17,25.8163,25.789,-0.1056127715995614,2,strength,2019
TLT,pullback_rsi2_200d,2019-10-29,2019-10-30,113.3441,114.5479,1.062052297088334,1,strength,2019
XLU,pullback_rsi2_200d,2019-10-29,2019-10-30,25.6904,25.9066,0.8417684456458963,1,strength,2019
XLP,pullback_rsi2_200d,2019-11-05,2019-11-06,50.5769,50.9182,0.6747826923122702,1,strength,2019
GLD,pullback_rsi2_200d,2019-11-06,2019-11-11,140.2601,137.2044,-2.1786007159697918,3,stop,2019
XLU,pullback_rsi2_200d,2019-11-06,2019-11-11,25.4832,24.8904,-2.3262860885262637,3,stop,2019
XLY,pullback_rsi2_200d,2019-11-14,2019-11-14,56.9766,57.0653,0.15568452465928306,0,strength,2019
EEM,pullback_rsi2_200d,2019-11-14,2019-11-15,36.4723,36.7488,0.7580295363765366,1,strength,2019
XLB,pullback_rsi2_200d,2019-11-21,2019-11-25,25.938,26.0651,0.4900980883895567,2,strength,2019
SMH,pullback_rsi2_200d,2019-11-22,2019-11-25,62.5601,63.5115,1.5207684605573757,1,strength,2019
XLY,pullback_rsi2_200d,2019-11-22,2019-11-25,56.6179,57.1689,0.9732390077248354,1,strength,2019
EFA,pullback_rsi2_200d,2019-11-22,2019-11-25,55.4433,55.7065,0.47471800666534225,1,strength,2019
MDY,pullback_rsi2_200d,2019-11-22,2019-11-25,334.2497,337.5502,0.9874384896829014,1,strength,2019
GLD,pullback_rsi2_200d,2019-11-25,2019-11-29,137.4573,137.7221,0.1926512637333122,3,strength,2019
XLI,pullback_rsi2_200d,2019-12-03,2019-12-06,71.8184,72.815,1.3876745127630707,3,strength,2019
EEM,pullback_rsi2_200d,2019-12-03,2019-12-05,35.9942,36.4846,1.3625294977795965,2,strength,2019
SMH,pullback_rsi2_200d,2019-12-04,2019-12-05,62.2417,62.6058,0.584888279402862,1,strength,2019
SPY,pullback_rsi2_200d,2019-12-04,2019-12-05,282.1054,282.7378,0.22416301379017955,1,strength,2019
DIA,pullback_rsi2_200d,2019-12-04,2019-12-06,245.8183,248.6042,1.1333034694232635,2,strength,2019
XLF,pullback_rsi2_200d,2019-12-04,2019-12-05,26.1015,26.3929,1.1164407923831776,1,strength,2019
XLK,pullback_rsi2_200d,2019-12-04,2019-12-06,40.9749,41.3977,1.0320012492368802,2,strength,2019
QQQ,pullback_rsi2_200d,2019-12-04,2019-12-06,194.654,196.7217,1.062241667532815,2,strength,2019
EFA,pullback_rsi2_200d,2019-12-04,2019-12-04,55.3944,55.4463,0.09372532069982231,0,strength,2019
XLB,pullback_rsi2_200d,2019-12-04,2019-12-05,25.9992,25.9647,-0.13267082782707496,1,strength,2019
TLT,pullback_rsi2_200d,2020-01-02,2020-01-02,113.232,113.1876,-0.039290170849937134,0,strength,2020
XLP,pullback_rsi2_200d,2020-01-06,2020-01-09,52.5172,52.7573,0.457091756283301,3,strength,2020
XLB,pullback_rsi2_200d,2020-01-06,2020-01-09,26.1865,26.2527,0.25269252695687694,3,strength,2020
XLE,pullback_rsi2_200d,2020-01-16,2020-01-21,22.894,22.2623,-2.759152042634694,2,stop,2020
XLF,pullback_rsi2_200d,2020-01-27,2020-01-30,26.4295,27.0939,2.5138039001236345,3,strength,2020
IWM,pullback_rsi2_200d,2020-01-27,2020-02-04,150.5141,151.9843,0.9768054252992098,6,strength,2020
XLV,pullback_rsi2_200d,2020-01-27,2020-01-31,91.173,89.3124,-2.0407204929698497,4,stop,2020
XLY,pullback_rsi2_200d,2020-01-27,2020-01-31,58.353,59.2241,1.492830110912724,4,strength,2020
XLB,pullback_rsi2_200d,2020-01-27,2020-01-31,25.8039,25.2137,-2.287451494546222,4,stop,2020
SMH,pullback_rsi2_200d,2020-01-28,2020-01-31,69.0836,66.5763,-3.629435476735976,3,stop,2020
SPY,pullback_rsi2_200d,2020-01-28,2020-01-30,296.5948,298.3879,0.6045869061535925,2,strength,2020
DIA,pullback_rsi2_200d,2020-01-28,2020-01-30,254.8963,256.4489,0.60910113765551,2,strength,2020
QQQ,pullback_rsi2_200d,2020-01-28,2020-01-29,211.6503,213.3144,0.7862192584512373,1,strength,2020
EEM,pullback_rsi2_200d,2020-01-28,2020-01-31,37.6874,36.4735,-3.2209491499241905,3,stop,2020
EFA,pullback_rsi2_200d,2020-01-28,2020-01-31,56.315,55.3623,-1.6918005093304989,3,stop,2020
MDY,pullback_rsi2_200d,2020-01-28,2020-01-31,345.4461,338.0533,-2.1400740507833804,3,stop,2020
EFA,pullback_rsi2_200d,2020-02-19,2020-02-24,56.8422,53.8593,-5.247653033156963,3,gap_stop,2020
DIA,pullback_rsi2_200d,2020-02-24,2020-02-25,250.3382,244.7159,-2.2458845033106134,1,stop,2020
SMH,pullback_rsi2_200d,2020-02-25,2020-02-27,67.7574,63.531,-6.237521173003968,2,gap_stop,2020
SPY,pullback_rsi2_200d,2020-02-25,2020-02-25,295.5729,288.0674,-2.5392881998621553,0,stop,2020
XLF,pullback_rsi2_200d,2020-02-25,2020-02-25,26.4207,25.6256,-3.009371737569644,0,stop,2020
XLK,pullback_rsi2_200d,2020-02-25,2020-02-25,45.6134,43.7946,-3.987597739317428,0,stop,2020
QQQ,pullback_rsi2_200d,2020-02-25,2020-02-25,215.1291,207.9242,-3.3490995745261487,0,stop,2020
IWM,pullback_rsi2_200d,2020-02-25,2020-02-25,150.2091,145.6264,-3.05087000362676,0,stop,2020
XLV,pullback_rsi2_200d,2020-02-25,2020-02-25,90.5515,88.1001,-2.7072302667958903,0,stop,2020
XLI,pullback_rsi2_200d,2020-02-25,2020-02-25,73.5675,71.5033,-2.8059428850227386,0,stop,2020
XLY,pullback_rsi2_200d,2020-02-25,2020-02-25,60.1003,58.3422,-2.9253686105497945,0,stop,2020
XLP,pullback_rsi2_200d,2020-02-25,2020-02-25,53.2845,52.2364,-1.9668508087023029,0,stop,2020
EEM,pullback_rsi2_200d,2020-02-25,2020-02-27,36.8677,35.5476,-3.5806803675740073,2,stop,2020
MDY,pullback_rsi2_200d,2020-02-25,2020-02-25,342.3436,333.0266,-2.7215227267612496,0,stop,2020
XLB,pullback_rsi2_200d,2020-02-25,2020-02-25,25.7907,25.0432,-2.8984554755609793,0,stop,2020
XLU,pullback_rsi2_200d,2020-02-26,2020-02-27,27.8603,27.2105,-2.332101647541407,1,stop,2020
SPY,pullback_rsi2_200d,2020-02-27,2020-02-28,278.7112,262.8925,-5.67566072504746,1,gap_stop,2020
XLF,pullback_rsi2_200d,2020-02-27,2020-02-28,24.7882,23.3752,-5.700595146965027,1,gap_stop,2020
XLV,pullback_rsi2_200d,2020-02-27,2020-02-28,86.5342,82.1183,-5.103077110865062,1,gap_stop,2020
XLY,pullback_rsi2_200d,2020-02-27,2020-02-28,56.35,53.3074,-5.39946125661408,1,gap_stop,2020
XLP,pullback_rsi2_200d,2020-02-27,2020-02-27,51.5308,50.2892,-2.4094291541754465,0,stop,2020
XLK,pullback_rsi2_200d,2020-02-28,2020-03-02,39.9325,44.2398,10.786395635562517,1,strength,2020
QQQ,pullback_rsi2_200d,2020-02-28,2020-03-02,191.4143,208.1308,8.73316815206393,1,strength,2020
GLD,pullback_rsi2_200d,2020-03-02,2020-03-03,150.15,153.7361,2.3883512422635977,1,strength,2020
TLT,pullback_rsi2_200d,2020-05-07,2020-05-12,136.1896,136.5906,0.29447370105413206,3,strength,2020
GLD,pullback_rsi2_200d,2020-06-04,2020-06-09,161.3011,161.0987,-0.1254826081673266,3,strength,2020
TLT,pullback_rsi2_200d,2020-06-04,2020-06-05,132.4961,128.5866,-2.950674661413355,1,stop,2020
SPY,pullback_rsi2_200d,2020-06-12,2020-06-16,282.9015,286.6596,1.3284188939457486,2,strength,2020
XLV,pullback_rsi2_200d,2020-06-12,2020-06-16,89.6062,90.5382,1.0401214214499355,2,strength,2020
XLY,pullback_rsi2_200d,2020-06-12,2020-06-16,60.6394,61.3492,1.170662491486807,2,strength,2020
XLY,pullback_rsi2_200d,2020-06-29,2020-06-30,59.283,60.7877,2.538095545511143,1,strength,2020
GLD,pullback_rsi2_200d,2020-08-12,2020-08-17,182.7926,186.3135,1.9261661493152893,3,strength,2020
TLT,pullback_rsi2_200d,2020-08-12,2020-08-18,138.4646,137.404,-0.7659813552499006,4,strength,2020
MDY,pullback_rsi2_200d,2020-08-24,2020-08-24,327.566,329.6604,0.6393624120680563,0,strength,2020
TLT,pullback_rsi2_200d,2020-08-28,2020-09-01,135.1806,136.8079,1.2038139561650452,2,strength,2020
SMH,pullback_rsi2_200d,2020-09-09,2020-09-14,80.9375,81.724,0.9716812103173877,3,strength,2020
SPY,pullback_rsi2_200d,2020-09-09,2020-09-14,311.1653,311.3808,0.06924480667382937,3,strength,2020
DIA,pullback_rsi2_200d,2020-09-09,2020-09-14,251.1726,252.8702,0.6758597866156624,3,strength,2020
XLK,pullback_rsi2_200d,2020-09-09,2020-09-14,55.2223,55.0166,-0.37257310088023576,3,strength,2020
QQQ,pullback_rsi2_200d,2020-09-09,2020-09-14,266.6422,265.646,-0.3736032061946726,3,strength,2020
IWM,pullback_rsi2_200d,2020-09-09,2020-09-14,140.9755,142.2268,0.8876106295579778,3,strength,2020
XLV,pullback_rsi2_200d,2020-09-09,2020-09-14,95.2031,96.2375,1.0865325317187091,3,strength,2020
XLY,pullback_rsi2_200d,2020-09-09,2020-09-14,69.9139,70.2645,0.5014135088410532,3,strength,2020
XLP,pullback_rsi2_200d,2020-09-09,2020-09-14,55.1438,55.4941,0.6353704097993518,3,strength,2020
EEM,pullback_rsi2_200d,2020-09-09,2020-09-11,38.5989,38.4518,-0.38121568588149746,2,strength,2020
MDY,pullback_rsi2_200d,2020-09-09,2020-09-14,319.023,321.7773,0.8633489126452565,3,strength,2020
SPY,pullback_rsi2_200d,2020-09-21,2020-09-25,301.4436,303.64,0.728628782752816,4,strength,2020
XLK,pullback_rsi2_200d,2020-09-21,2020-09-22,52.456,54.6078,4.102089921403529,1,strength,2020
XLY,pullback_rsi2_200d,2020-09-21,2020-09-25,67.5298,68.6493,1.6578881854818928,4,strength,2020
XLP,pullback_rsi2_200d,2020-09-21,2020-09-25,54.0537,54.083,0.05415452657140385,4,strength,2020
GLD,pullback_rsi2_200d,2020-09-22,2020-09-24,179.8096,173.6959,-3.4001036062415557,2,stop,2020
DIA,pullback_rsi2_200d,2020-09-22,2020-09-25,245.9609,245.4967,-0.18872308596421528,3,strength,2020
IWM,pullback_rsi2_200d,2020-09-22,2020-09-25,138.3874,136.5482,-1.3290046224614493,3,strength,2020
XLV,pullback_rsi2_200d,2020-09-22,2020-09-25,94.0029,93.8242,-0.19010262435494862,3,strength,2020
XLI,pullback_rsi2_200d,2020-09-22,2020-09-25,69.6681,70.1249,0.6555530991222858,3,strength,2020
EEM,pullback_rsi2_200d,2020-09-22,2020-09-24,38.5463,37.2001,-3.492397232691369,2,gap_stop,2020
EFA,pullback_rsi2_200d,2020-09-22,2020-09-28,53.0372,53.3898,0.6648780767666507,4,strength,2020
MDY,pullback_rsi2_200d,2020-09-22,2020-09-25,311.7223,309.1181,-0.8354198758475206,3,strength,2020
XLB,pullback_rsi2_200d,2020-09-22,2020-09-28,28.2903,28.3275,0.13151022071791196,4,strength,2020
TLT,pullback_rsi2_200d,2020-10-01,2020-10-05,136.0933,133.4259,-1.9599678514488295,2,stop,2020
XLK,pullback_rsi2_200d,2020-10-26,2020-10-28,56.1111,53.6708,-4.349068224746766,2,stop,2020
SMH,pullback_rsi2_200d,2020-10-27,2020-10-28,87.5397,83.6779,-4.411476058572883,1,stop,2020
DIA,pullback_rsi2_200d,2020-10-27,2020-10-28,250.8443,242.2357,-3.431848764164025,1,stop,2020
QQQ,pullback_rsi2_200d,2020-10-27,2020-10-30,272.311,260.0168,-4.514753677616001,3,stop,2020
XLP,pullback_rsi2_200d,2020-10-27,2020-10-28,55.5237,53.9491,-2.835953252772061,1,stop,2020
XLI,pullback_rsi2_200d,2020-10-28,2020-11-02,69.659,71.4359,2.550896811400105,3,strength,2020
XLB,pullback_rsi2_200d,2020-10-28,2020-11-02,27.8073,29.1353,4.775759762455767,3,strength,2020
GLD,pullback_rsi2_200d,2020-10-29,2020-11-02,175.195,177.7321,1.4481400897016217,2,strength,2020
SPY,pullback_rsi2_200d,2020-10-29,2020-11-03,302.5635,310.3829,2.5843892340888797,3,strength,2020
IWM,pullback_rsi2_200d,2020-10-29,2020-11-02,142.765,145.3244,1.7927014657771023,2,strength,2020
XLV,pullback_rsi2_200d,2020-10-29,2020-11-02,93.501,94.2523,0.803439124974048,2,strength,2020
XLY,pullback_rsi2_200d,2020-10-29,2020-11-03,69.6184,70.1948,0.8279543457597294,3,strength,2020
EFA,pullback_rsi2_200d,2020-10-29,2020-11-02,51.3495,51.8556,0.9855945463196791,2,strength,2020
MDY,pullback_rsi2_200d,2020-10-29,2020-11-02,323.0909,329.9783,2.1317179260648356,2,strength,2020
XLU,pullback_rsi2_200d,2020-10-29,2020-11-02,26.3135,26.7562,1.6823210786886866,2,strength,2020
XLP,pullback_rsi2_200d,2020-10-30,2020-11-02,53.5036,54.2632,1.419707748312038,1,strength,2020
XLU,pullback_rsi2_200d,2020-11-20,2020-11-24,26.671,26.9577,1.074844028894728,2,strength,2020
GLD,pullback_rsi2_200d,2020-11-24,2020-12-01,169.4693,170.0098,0.3189424978759181,4,strength,2020
XLU,pullback_rsi2_200d,2020-12-01,2020-12-02,26.6248,26.7352,0.4149808192092541,1,strength,2020
XLY,pullback_rsi2_200d,2020-12-14,2020-12-15,75.3825,75.6707,0.38236404762708176,1,strength,2020
XLF,pullback_rsi2_200d,2020-12-15,2020-12-15,25.6675,25.8511,0.7154757946038703,0,strength,2020
XLB,pullback_rsi2_200d,2020-12-15,2020-12-15,31.6041,31.8087,0.6475178863549758,0,strength,2020
XLE,pullback_rsi2_200d,2020-12-22,2020-12-30,15.5504,15.5886,0.2461035034015513,5,strength,2020
EEM,pullback_rsi2_200d,2020-12-23,2020-12-28,44.5893,44.456,-0.29893714639561697,2,strength,2020
SMH,pullback_rsi2_200d,2020-12-24,2020-12-24,103.5338,104.1363,0.5819359789633216,0,strength,2020
XLU,pullback_rsi2_200d,2020-12-24,2020-12-24,25.8319,25.9073,0.2917444377561029,0,strength,2020
GLD,pullback_rsi2_200d,2021-01-11,2021-01-20,172.3121,175.2146,1.6844257238705973,6,strength,2021
XLP,pullback_rsi2_200d,2021-01-19,2021-01-25,57.0808,56.8543,-0.3968326140168843,4,strength,2021
XLF,pullback_rsi2_200d,2021-01-26,2021-01-27,27.5255,26.5656,-3.4874443359394602,1,stop,2021
XLI,pullback_rsi2_200d,2021-01-26,2021-01-27,81.791,79.1052,-3.283737566724254,1,gap_stop,2021
XLB,pullback_rsi2_200d,2021-01-26,2021-01-27,33.4609,32.2278,-3.685106584586495,1,gap_stop,2021
XLE,pullback_rsi2_200d,2021-01-27,2021-02-02,16.38,16.3269,-0.32429219270628806,4,strength,2021
SMH,pullback_rsi2_200d,2021-01-28,2021-02-01,112.2554,114.1297,1.6696213614760813,2,strength,2021
SPY,pullback_rsi2_200d,2021-01-28,2021-02-02,349.8155,353.9309,1.1764422496725269,3,strength,2021
DIA,pullback_rsi2_200d,2021-01-28,2021-02-02,277.4952,278.6117,0.40235677752042953,3,strength,2021
XLV,pullback_rsi2_200d,2021-01-28,2021-02-02,105.6613,105.8983,0.22429425415586568,3,strength,2021
XLY,pullback_rsi2_200d,2021-01-28,2021-02-01,78.807,79.4333,0.7946979788407083,2,strength,2021
EFA,pullback_rsi2_200d,2021-01-28,2021-02-02,62.1231,62.2937,0.2745289924456884,3,strength,2021
MDY,pullback_rsi2_200d,2021-01-28,2021-02-01,408.1822,407.8636,-0.07803335172968939,2,strength,2021
XLK,pullback_rsi2_200d,2021-02-01,2021-02-01,62.6424,63.3319,1.1006752437310086,0,strength,2021
IWM,pullback_rsi2_200d,2021-02-01,2021-02-01,195.144,197.0368,0.9699780262037994,0,strength,2021
XLU,pullback_rsi2_200d,2021-02-17,2021-02-22,26.2899,25.4269,-3.282974789637161,3,stop,2021
XLV,pullback_rsi2_200d,2021-02-22,2021-02-24,104.3327,104.9289,0.571506678174849,2,strength,2021
XLP,pullback_rsi2_200d,2021-02-22,2021-02-26,56.1446,54.7884,-2.4155727464940657,4,stop,2021
XLK,pullback_rsi2_200d,2021-02-23,2021-02-24,62.8249,64.5539,2.7521285174223253,1,strength,2021
QQQ,pullback_rsi2_200d,2021-02-23,2021-03-01,307.2079,312.9678,1.8749258967745819,4,strength,2021
XLY,pullback_rsi2_200d,2021-02-23,2021-03-01,78.0984,78.8169,0.9200121029516728,4,strength,2021
EEM,pullback_rsi2_200d,2021-02-26,2021-03-01,47.9477,48.7893,1.7552613836280262,1,strength,2021
EFA,pullback_rsi2_200d,2021-03-01,2021-03-01,63.1861,63.4808,0.46642274924553195,0,strength,2021
SMH,pullback_rsi2_200d,2021-03-05,2021-03-09,110.4247,110.9989,0.51999113026584,2,strength,2021
XLV,pullback_rsi2_200d,2021-03-05,2021-03-05,102.1243,103.356,1.2060884275676198,0,strength,2021
XLY,pullback_rsi2_200d,2021-03-05,2021-03-09,75.1822,77.8659,3.569524486646225,2,strength,2021
XLE,pullback_rsi2_200d,2021-03-19,2021-03-24,20.2298,20.2098,-0.09856168539297272,3,strength,2021
XLF,pullback_rsi2_200d,2021-03-24,2021-03-25,30.5366,30.877,1.1149419525427806,1,strength,2021
IWM,pullback_rsi2_200d,2021-03-24,2021-03-26,206.1025,206.7804,0.32894368413851627,2,strength,2021
EFA,pullback_rsi2_200d,2021-03-24,2021-03-26,63.4645,64.4911,1.6176481829119016,2,strength,2021
MDY,pullback_rsi2_200d,2021-03-24,2021-03-25,437.5425,439.2803,0.39715228510806,1,strength,2021
XLB,pullback_rsi2_200d,2021-03-24,2021-03-25,34.5003,35.026,1.52359017847985,1,strength,2021
EEM,pullback_rsi2_200d,2021-03-25,2021-03-26,45.6881,47.1091,3.110098650726134,1,strength,2021
XLE,pullback_rsi2_200d,2021-04-13,2021-04-14,19.7134,20.2758,2.8529905469184103,1,strength,2021
SMH,pullback_rsi2_200d,2021-04-21,2021-04-21,118.1217,120.7306,2.2086304542518143,0,strength,2021
XLE,pullback_rsi2_200d,2021-04-21,2021-04-26,19.193,19.7276,2.785407860413902,3,strength,2021
IWM,pullback_rsi2_200d,2021-04-21,2021-04-21,203.8228,208.552,2.3202654980422066,0,strength,2021
XLP,pullback_rsi2_200d,2021-04-27,2021-04-29,59.9168,60.4668,0.9179645736290931,2,strength,2021
XLU,pullback_rsi2_200d,2021-04-29,2021-04-29,28.0287,28.2285,0.7130042055340846,0,strength,2021
XLK,pullback_rsi2_200d,2021-05-03,2021-05-04,67.5817,65.3858,-3.249168787489287,1,stop,2021
EFA,pullback_rsi2_200d,2021-05-03,2021-05-03,66.434,66.4864,0.07900825458027061,0,strength,2021
SMH,pullback_rsi2_200d,2021-05-05,2021-05-06,116.4415,116.4172,-0.02083466616581431,1,strength,2021
QQQ,pullback_rsi2_200d,2021-05-05,2021-05-07,322.3936,323.6377,0.38590901525850096,2,strength,2021
XLY,pullback_rsi2_200d,2021-05-05,2021-05-07,85.1047,85.016,-0.1042150670794384,2,strength,2021
EEM,pullback_rsi2_200d,2021-05-05,2021-05-06,47.5224,47.8696,0.7306590198610685,1,strength,2021
XLK,pullback_rsi2_200d,2021-05-06,2021-05-07,65.6425,66.7647,1.7095895717768705,1,strength,2021
XLU,pullback_rsi2_200d,2021-05-06,2021-05-10,27.9945,28.446,1.6128195541233792,2,strength,2021
SMH,pullback_rsi2_200d,2021-05-13,2021-05-14,110.4198,113.0877,2.4161210724672033,1,strength,2021
SPY,pullback_rsi2_200d,2021-05-13,2021-05-14,379.5987,387.6908,2.1317577519670783,1,strength,2021
DIA,pullback_rsi2_200d,2021-05-13,2021-05-14,307.3035,313.9487,2.1624060034747927,1,strength,2021
XLK,pullback_rsi2_200d,2021-05-13,2021-05-14,63.8766,65.3,2.228498018371905,1,strength,2021
QQQ,pullback_rsi2_200d,2021-05-13,2021-05-14,310.4293,316.0746,1.818561744565983,1,strength,2021
IWM,pullback_rsi2_200d,2021-05-13,2021-05-14,200.3383,207.1647,3.407437206789332,1,strength,2021
XLV,pullback_rsi2_200d,2021-05-13,2021-05-14,112.1335,113.286,1.0277617964331132,1,strength,2021
XLI,pullback_rsi2_200d,2021-05-13,2021-05-14,93.8768,96.7088,3.0167187420748753,1,strength,2021
XLY,pullback_rsi2_200d,2021-05-13,2021-05-14,80.4814,81.723,1.5427329931878564,1,strength,2021
EEM,pullback_rsi2_200d,2021-05-13,2021-05-14,46.2907,46.8261,1.1566028811082152,1,strength,2021
EFA,pullback_rsi2_200d,2021-05-13,2021-05-14,65.5397,66.9832,2.202389209954103,1,strength,2021
MDY,pullback_rsi2_200d,2021-05-13,2021-05-14,452.2287,466.2637,3.103517314126125,1,strength,2021
XLV,pullback_rsi2_200d,2021-05-28,2021-06-02,113.6415,111.2501,-2.104312510042372,2,stop,2021
XLU,pullback_rsi2_200d,2021-05-28,2021-06-02,27.8578,27.7595,-0.35287675974620125,2,strength,2021
XLY,pullback_rsi2_200d,2021-06-04,2021-06-08,81.8242,82.5223,0.8531683769697151,2,strength,2021
XLP,pullback_rsi2_200d,2021-06-10,2021-06-11,61.5204,61.7019,0.295041226316628,1,strength,2021
XLF,pullback_rsi2_200d,2021-06-11,2021-06-17,34.1845,33.1226,-3.1062877889489138,4,stop,2021
XLI,pullback_rsi2_200d,2021-06-11,2021-06-15,95.9494,95.5545,-0.4115167433492717,2,strength,2021
XLB,pullback_rsi2_200d,2021-06-11,2021-06-16,39.0002,37.8558,-2.9341249221217947,3,stop,2021
GLD,pullback_rsi2_200d,2021-06-16,2021-06-17,174.0839,166.853,-4.153703375181383,1,gap_stop,2021
DIA,pullback_rsi2_200d,2021-06-16,2021-06-17,314.4478,308.5279,-1.8826385961535186,1,stop,2021
XLP,pullback_rsi2_200d,2021-06-17,2021-06-22,60.8319,60.6145,-0.3574313651894978,3,strength,2021
EEM,pullback_rsi2_200d,2021-06-17,2021-06-23,48.5404,48.4434,-0.1997915070042544,4,strength,2021
XLI,pullback_rsi2_200d,2021-06-18,2021-06-21,92.2761,94.004,1.8725693705945234,1,strength,2021
MDY,pullback_rsi2_200d,2021-06-18,2021-06-22,450.6848,457.6107,1.5367469184447202,2,strength,2021
XLB,pullback_rsi2_200d,2021-06-18,2021-06-22,36.6577,37.2726,1.6773667597885789,2,strength,2021
XLE,pullback_rsi2_200d,2021-06-21,2021-06-21,21.8174,22.515,3.1974885878767845,0,strength,2021
SPY,pullback_rsi2_200d,2021-06-21,2021-06-21,389.9436,392.9553,0.7723413054851802,0,strength,2021
DIA,pullback_rsi2_200d,2021-06-21,2021-06-21,307.4325,310.0397,0.8480301307678628,0,strength,2021
XLF,pullback_rsi2_200d,2021-06-21,2021-06-23,32.53,33.0147,1.4898432841581988,2,strength,2021
IWM,pullback_rsi2_200d,2021-06-21,2021-06-22,210.7413,213.9438,1.5195953384172567,1,strength,2021
EFA,pullback_rsi2_200d,2021-06-21,2021-06-24,67.445,68.1125,0.9896080827271669,3,strength,2021
EEM,pullback_rsi2_200d,2021-07-06,2021-07-08,48.1666,46.7114,-3.0211973892746657,2,gap_stop,2021
XLE,pullback_rsi2_200d,2021-07-08,2021-07-12,21.3334,21.9737,3.001274880811855,2,strength,2021
IWM,pullback_rsi2_200d,2021-07-08,2021-07-09,206.2829,212.5075,3.0175006369961066,1,strength,2021
SMH,pullback_rsi2_200d,2021-07-09,2021-07-12,123.3761,126.1877,2.2789017281197976,1,strength,2021
XLF,pullback_rsi2_200d,2021-07-09,2021-07-09,33.2276,33.6284,1.2062200574946225,0,strength,2021
MDY,pullback_rsi2_200d,2021-07-09,2021-07-09,458.7433,463.1915,0.9696436182166535,0,strength,2021
XLE,pullback_rsi2_200d,2021-07-15,2021-07-19,20.9704,19.5794,-6.633388099560156,2,gap_stop,2021
IWM,pullback_rsi2_200d,2021-07-15,2021-07-19,204.8908,197.0032,-3.849651786772279,2,stop,2021
SMH,pullback_rsi2_200d,2021-07-16,2021-07-19,123.1819,117.8615,-4.319128741529932,1,gap_stop,2021
XLY,pullback_rsi2_200d,2021-07-19,2021-07-20,84.1214,85.9091,2.1251044879854186,1,strength,2021
EFA,pullback_rsi2_200d,2021-07-19,2021-07-21,65.9229,67.114,1.8068462538030294,2,strength,2021
MDY,pullback_rsi2_200d,2021-07-19,2021-07-20,440.9128,452.4244,2.6108433367312056,1,strength,2021
XLB,pullback_rsi2_200d,2021-07-19,2021-07-21,36.1097,36.7026,1.6418174556479093,2,strength,2021
SPY,pullback_rsi2_200d,2021-07-20,2021-07-21,398.2515,405.7376,1.879757419095296,1,strength,2021
DIA,pullback_rsi2_200d,2021-07-20,2021-07-21,312.2298,318.6568,2.058413437950035,1,strength,2021
XLF,pullback_rsi2_200d,2021-07-20,2021-07-21,32.1904,33.5277,4.154185567324298,1,strength,2021
XLK,pullback_rsi2_200d,2021-07-20,2021-07-21,71.8127,73.0692,1.7497433072396262,1,strength,2021
QQQ,pullback_rsi2_200d,2021-07-20,2021-07-21,345.4802,350.5392,1.4643259984405521,1,strength,2021
XLI,pullback_rsi2_200d,2021-07-20,2021-07-20,92.8928,95.0138,2.283236168701941,0,strength,2021
EEM,pullback_rsi2_200d,2021-07-20,2021-07-22,46.6803,47.342,1.4175562265129171,2,strength,2021
TLT,pullback_rsi2_200d,2021-08-09,2021-08-13,125.6014,125.6889,0.06966582507863528,4,strength,2021
XLE,pullback_rsi2_200d,2021-08-17,2021-08-19,20.0442,19.0034,-5.192438876657201,2,stop,2021
IWM,pullback_rsi2_200d,2021-08-17,2021-08-20,203.7903,202.313,-0.7249252031110265,3,strength,2021
SMH,pullback_rsi2_200d,2021-08-18,2021-08-23,124.3911,127.8259,2.7612868016262615,3,strength,2021
XLY,pullback_rsi2_200d,2021-08-18,2021-08-20,84.717,85.1421,0.5018397243925943,2,strength,2021
MDY,pullback_rsi2_200d,2021-08-18,2021-08-23,461.2003,462.6466,0.3135788164394082,3,strength,2021
SPY,pullback_rsi2_200d,2021-08-19,2021-08-20,408.159,413.9635,1.422115420996617,1,strength,2021
DIA,pullback_rsi2_200d,2021-08-19,2021-08-23,318.6893,324.2235,1.7365515076974702,2,strength,2021
QQQ,pullback_rsi2_200d,2021-08-19,2021-08-20,349.9392,356.5212,1.8808795814775792,1,strength,2021
XLI,pullback_rsi2_200d,2021-08-19,2021-08-23,94.9626,95.8474,0.9317652269994925,2,strength,2021
EFA,pullback_rsi2_200d,2021-08-19,2021-08-23,67.4621,68.4368,1.4447736699510827,2,strength,2021
XLB,pullback_rsi2_200d,2021-08-20,2021-08-23,37.7688,38.2272,1.2136193078357893,1,strength,2021
TLT,pullback_rsi2_200d,2021-08-26,2021-08-27,125.4488,126.4589,0.8051897403735353,1,strength,2021
XLP,pullback_rsi2_200d,2021-08-27,2021-08-30,62.806,63.1182,0.497101500745023,1,strength,2021
XLF,pullback_rsi2_200d,2021-09-08,2021-09-13,34.6504,34.8193,0.48754834507669376,3,strength,2021
DIA,pullback_rsi2_200d,2021-09-09,2021-09-15,322.2163,319.9763,-0.6951725187857027,4,strength,2021
MDY,pullback_rsi2_200d,2021-09-09,2021-09-15,466.4818,463.4733,-0.6449236392627733,4,strength,2021
XLB,pullback_rsi2_200d,2021-09-09,2021-09-15,37.9682,37.9783,0.026559590186714388,4,strength,2021
XLV,pullback_rsi2_200d,2021-09-10,2021-09-13,124.5252,121.8001,-2.1883365221126883,1,stop,2021
SPY,pullback_rsi2_200d,2021-09-13,2021-09-15,419.7321,418.1838,-0.36888174458461487,2,strength,2021
XLK,pullback_rsi2_200d,2021-09-13,2021-09-15,76.0789,75.9414,-0.18085165139094528,2,strength,2021
IWM,pullback_rsi2_200d,2021-09-13,2021-09-16,209.9512,208.5743,-0.6558548010435317,3,strength,2021
XLI,pullback_rsi2_200d,2021-09-13,2021-09-15,95.3617,94.5876,-0.8117640175689944,2,strength,2021
XLV,pullback_rsi2_200d,2021-09-15,2021-09-15,122.0144,122.7195,0.5778939482856682,0,strength,2021
XLU,pullback_rsi2_200d,2021-09-16,2021-09-20,29.2798,28.4727,-2.756530129722534,2,gap_stop,2021
EFA,pullback_rsi2_200d,2021-09-20,2021-09-23,67.3338,69.1793,2.740724985230103,3,strength,2021
XLB,pullback_rsi2_200d,2021-09-20,2021-09-23,36.0035,36.8903,2.46305477735147,3,strength,2021
SMH,pullback_rsi2_200d,2021-09-21,2021-09-22,129.223,130.7289,1.1653711459371552,1,strength,2021
SPY,pullback_rsi2_200d,2021-09-21,2021-09-23,409.7107,415.1211,1.32052687111468,2,strength,2021
DIA,pullback_rsi2_200d,2021-09-21,2021-09-23,314.4709,319.496,1.5979806655717521,2,strength,2021
XLF,pullback_rsi2_200d,2021-09-21,2021-09-22,33.9062,34.142,0.6956595323640125,1,strength,2021
XLK,pullback_rsi2_200d,2021-09-21,2021-09-22,74.0348,74.4749,0.594363022609512,1,strength,2021
QQQ,pullback_rsi2_200d,2021-09-21,2021-09-23,357.4851,362.012,1.266312173864148,2,strength,2021
XLI,pullback_rsi2_200d,2021-09-21,2021-09-23,92.5037,93.527,1.1062204113692964,2,strength,2021
XLY,pullback_rsi2_200d,2021-09-21,2021-09-22,86.9314,87.545,0.7058914848320885,1,strength,2021
XLP,pullback_rsi2_200d,2021-09-21,2021-09-23,62.1471,62.1814,0.0553037499677389,2,strength,2021
MDY,pullback_rsi2_200d,2021-09-21,2021-09-22,455.4925,457.4651,0.43305688652177654,1,strength,2021
XLU,pullback_rsi2_200d,2021-09-22,2021-09-28,28.5644,27.7168,-2.9671666111111716,4,stop,2021
TLT,pullback_rsi2_200d,2021-09-27,2021-10-01,123.987,123.2941,-0.5588531532164098,4,strength,2021
SMH,pullback_rsi2_200d,2021-09-29,2021-10-04,126.5812,121.3998,-4.09330935209079,3,stop,2021
XLK,pullback_rsi2_200d,2021-09-29,2021-10-01,73.0207,73.0483,0.037834811441217475,2,strength,2021
QQQ,pullback_rsi2_200d,2021-09-29,2021-10-04,351.2511,340.7606,-2.9866097770028355,3,stop,2021
XLV,pullback_rsi2_200d,2021-09-29,2021-10-04,118.9798,115.7598,-2.706306804903902,3,stop,2021
XLP,pullback_rsi2_200d,2021-09-29,2021-10-06,61.4409,61.5032,0.10127917170057454,5,strength,2021
EFA,pullback_rsi2_200d,2021-09-29,2021-10-06,67.3082,65.4156,-2.8117808586534787,5,gap_stop,2021
SPY,pullback_rsi2_200d,2021-10-01,2021-10-05,404.5018,405.6793,0.2911028380724101,2,strength,2021
DIA,pullback_rsi2_200d,2021-10-01,2021-10-05,313.1997,315.4237,0.7100764344307953,2,strength,2021
XLI,pullback_rsi2_200d,2021-10-01,2021-10-05,91.6843,92.6906,1.0976000999327162,2,strength,2021
XLY,pullback_rsi2_200d,2021-10-01,2021-10-06,86.7582,86.7289,-0.033805225487626434,3,strength,2021
MDY,pullback_rsi2_200d,2021-10-01,2021-10-01,455.7098,460.3385,1.0157134163699455,0,strength,2021
EFA,pullback_rsi2_200d,2021-11-11,2021-11-12,69.3178,69.4524,0.1941842776936431,1,strength,2021
TLT,pullback_rsi2_200d,2021-11-16,2021-11-18,123.9877,124.6913,0.5674620981874323,2,strength,2021
XLF,pullback_rsi2_200d,2021-11-18,2021-11-22,36.5888,36.4053,-0.5015273440367451,2,strength,2021
IWM,pullback_rsi2_200d,2021-11-19,2021-11-26,220.0784,211.8143,-3.7550699181643665,4,gap_stop,2021
XLE,pullback_rsi2_200d,2021-11-22,2021-11-23,23.0538,24.171,4.845943684573495,1,strength,2021
DIA,pullback_rsi2_200d,2021-11-22,2021-11-23,330.027,329.8651,-0.04904256494293602,1,strength,2021
XLP,pullback_rsi2_200d,2021-11-22,2021-11-22,63.674,63.9696,0.4642479195793747,0,strength,2021
EFA,pullback_rsi2_200d,2021-11-22,2021-11-24,68.608,67.131,-2.152767374314102,2,gap_stop,2021
GLD,pullback_rsi2_200d,2021-11-23,2021-12-03,167.4473,166.4634,-0.5875902596485072,7,strength,2021
XLV,pullback_rsi2_200d,2021-11-23,2021-11-29,122.046,122.3383,0.23955869901211013,3,strength,2021
SPY,pullback_rsi2_200d,2021-11-29,2021-11-30,435.5587,426.5489,-2.0685748975613594,1,stop,2021
DIA,pullback_rsi2_200d,2021-11-29,2021-11-30,325.5125,318.6728,-2.1012224386161793,1,stop,2021
QQQ,pullback_rsi2_200d,2021-11-29,2021-11-29,385.0176,387.9365,0.7581414681991472,0,strength,2021
XLI,pullback_rsi2_200d,2021-11-29,2021-11-30,97.0851,94.6705,-2.487190248491178,1,stop,2021
XLY,pullback_rsi2_200d,2021-11-29,2021-12-03,99.4526,95.8032,-3.6694736746020307,4,stop,2021
MDY,pullback_rsi2_200d,2021-11-29,2021-11-30,484.0464,469.9861,-2.904750283051627,1,stop,2021
XLB,pullback_rsi2_200d,2021-11-29,2021-11-30,39.6367,38.5698,-2.6916875351253977,1,stop,2021
XLU,pullback_rsi2_200d,2021-11-29,2021-11-29,29.1891,29.3343,0.4973790003121703,0,strength,2021
XLF,pullback_rsi2_200d,2021-12-01,2021-12-02,35.6116,35.5681,-0.12227558944309935,1,strength,2021
XLV,pullback_rsi2_200d,2021-12-01,2021-12-06,120.7491,121.2105,0.3821040365275863,3,strength,2021
XLP,pullback_rsi2_200d,2021-12-01,2021-12-03,62.4648,63.0447,0.9283805792200006,2,strength,2021
XLB,pullback_rsi2_200d,2021-12-02,2021-12-02,38.2754,38.8486,1.4977651230134725,0,strength,2021
TLT,pullback_rsi2_200d,2021-12-09,2021-12-13,127.2485,128.4569,0.9496596596922924,2,strength,2021
XLE,pullback_rsi2_200d,2021-12-16,2021-12-20,23.493,22.1725,-5.620819884504047,2,stop,2021
DIA,pullback_rsi2_200d,2021-12-21,2021-12-22,325.7155,329.8923,1.2823697935993028,1,strength,2021
XLY,pullback_rsi2_200d,2021-12-21,2021-12-21,93.411,94.6283,1.3031287980353357,0,strength,2021
TLT,pullback_rsi2_200d,2021-12-30,2021-12-31,125.609,126.1583,0.4372592206449699,1,strength,2021
SPY,pullback_rsi2_200d,2022-01-06,2022-01-10,440.6869,429.2422,-2.5970236334735275,2,stop,2022
XLK,pullback_rsi2_200d,2022-01-06,2022-01-11,80.7887,81.0957,0.379958863825669,3,strength,2022
QQQ,pullback_rsi2_200d,2022-01-06,2022-01-11,372.3926,374.9527,0.6874799999307957,3,strength,2022
XLV,pullback_rsi2_200d,2022-01-06,2022-01-11,126.2532,126.9661,0.5646376779422146,3,strength,2022
XLU,pullback_rsi2_200d,2022-01-07,2022-01-13,30.4898,30.4944,0.01486052832844198,4,strength,2022
XLY,pullback_rsi2_200d,2022-01-10,2022-01-12,94.837,96.8735,2.1474270998874223,2,strength,2022
XLB,pullback_rsi2_200d,2022-01-11,2022-01-12,40.5056,41.2193,1.761949155784981,1,strength,2022
DIA,pullback_rsi2_200d,2022-01-18,2022-01-20,328.6474,320.534,-2.4687153685384433,2,stop,2022
SPY,pullback_rsi2_200d,2022-01-19,2022-01-20,431.4944,418.8502,-2.930322073972691,1,stop,2022
XLV,pullback_rsi2_200d,2022-01-19,2022-01-24,123.1566,119.0684,-3.31951087406378,3,gap_stop,2022
XLI,pullback_rsi2_200d,2022-01-19,2022-01-21,98.059,95.0946,-3.023022128018138,2,stop,2022
XLY,pullback_rsi2_200d,2022-01-19,2022-01-21,93.2858,89.0045,-4.589348600425169,2,stop,2022
XLP,pullback_rsi2_200d,2022-01-19,2022-01-24,67.5942,66.0274,-2.3180110385416675,3,stop,2022
XLB,pullback_rsi2_200d,2022-01-19,2022-01-21,40.3958,39.0575,-3.312945122491895,2,stop,2022
XLU,pullback_rsi2_200d,2022-01-19,2022-01-24,29.9913,29.0736,-3.0600073113576154,3,stop,2022
XLF,pullback_rsi2_200d,2022-01-20,2022-01-24,36.4584,34.7031,-4.8145610378427905,2,gap_stop,2022
XLK,pullback_rsi2_200d,2022-01-20,2022-01-24,77.8665,73.2783,-5.892407555776313,2,gap_stop,2022
QQQ,pullback_rsi2_200d,2022-01-20,2022-01-21,360.0937,344.1861,-4.417625308221207,1,stop,2022
SMH,pullback_rsi2_200d,2022-01-21,2022-01-28,134.2601,124.5783,-7.211262966474818,5,stop,2022
XLP,pullback_rsi2_200d,2022-01-26,2022-01-28,66.3323,67.1221,1.190785481984391,2,strength,2022
XLU,pullback_rsi2_200d,2022-01-26,2022-01-28,29.4011,29.6565,0.8688432293035175,2,strength,2022
XLU,pullback_rsi2_200d,2022-02-11,2022-02-24,29.4185,28.1946,-4.16034120202492,8,gap_stop,2022
XLP,pullback_rsi2_200d,2022-02-14,2022-02-16,66.8743,66.794,-0.12021293364808949,2,strength,2022
XLE,pullback_rsi2_200d,2022-02-23,2022-02-25,28.8065,29.4064,2.0825508013389893,2,strength,2022
XLF,pullback_rsi2_200d,2022-02-23,2022-02-24,36.4121,34.2686,-5.886725846516905,1,gap_stop,2022
XLP,pullback_rsi2_200d,2022-02-25,2022-02-25,65.7368,67.3261,2.4176477935767826,0,strength,2022
XLP,pullback_rsi2_200d,2022-03-09,2022-03-15,65.4169,65.1265,-0.4438393588370615,4,strength,2022
GLD,pullback_rsi2_200d,2022-03-16,2022-03-21,179.3091,180.4893,0.6581891568548714,3,strength,2022
XLE,pullback_rsi2_200d,2022-03-16,2022-03-17,30.8384,31.5709,2.3751312370147604,1,strength,2022
XLE,pullback_rsi2_200d,2022-04-25,2022-04-28,31.8719,33.2434,4.303355333151537,3,strength,2022
XLV,pullback_rsi2_200d,2022-04-25,2022-04-28,124.3243,124.4949,0.13718347602251768,3,strength,2022
XLB,pullback_rsi2_200d,2022-04-25,2022-04-28,38.9633,39.7747,2.0825745038970167,3,strength,2022
GLD,pullback_rsi2_200d,2022-04-26,2022-04-29,178.1279,176.7331,-0.7830625742137665,3,strength,2022
XLU,pullback_rsi2_200d,2022-04-26,2022-04-28,32.3442,32.2708,-0.22698366702811335,2,strength,2022
GLD,pullback_rsi2_200d,2022-05-03,2022-05-04,174.0639,175.6242,0.8964028467620011,1,strength,2022
XLU,pullback_rsi2_200d,2022-05-03,2022-05-04,31.1601,31.7964,2.041767478142953,1,strength,2022
XLB,pullback_rsi2_200d,2023-05-12,2023-05-15,36.8178,36.9553,0.3736873980395794,1,strength,2023
EEM,pullback_rsi2_200d,2023-05-15,2023-05-15,36.0295,36.2344,0.5686798952232897,0,strength,2023
GLD,pullback_rsi2_200d,2023-05-17,2023-05-23,184.4943,183.2466,-0.6763053503247352,4,strength,2023
DIA,pullback_rsi2_200d,2023-05-17,2023-05-17,315.0136,316.7222,0.5423674367413867,0,strength,2023
XLV,pullback_rsi2_200d,2023-05-17,2023-05-19,124.2685,124.2378,-0.02468143769343012,2,strength,2023
XLP,pullback_rsi2_200d,2023-05-19,2023-05-23,69.6553,68.1813,-2.1162371163859772,2,gap_stop,2023
SPY,pullback_rsi2_200d,2023-05-25,2023-05-26,398.4793,402.7459,1.0707188865293205,1,strength,2023
DIA,pullback_rsi2_200d,2023-05-25,2023-05-26,311.8272,313.8317,0.6428435057485915,1,strength,2023
XLI,pullback_rsi2_200d,2023-05-25,2023-05-26,92.9642,93.7124,0.8047682541767687,1,strength,2023
XLP,pullback_rsi2_200d,2023-05-25,2023-06-02,66.9618,67.3035,0.5102598465941188,5,strength,2023
EFA,pullback_rsi2_200d,2023-05-25,2023-06-01,63.9781,64.0378,0.0932860892912668,4,strength,2023
GLD,pullback_rsi2_200d,2023-05-26,2023-05-30,181.191,181.858,0.36809155804362614,1,strength,2023
GLD,pullback_rsi2_200d,2023-06-23,2023-06-29,179.7796,175.6542,-2.2947176098939925,4,gap_stop,2023
IWM,pullback_rsi2_200d,2023-06-26,2023-06-27,174.3431,176.8105,1.4152288657386602,1,strength,2023
EEM,pullback_rsi2_200d,2023-06-26,2023-06-27,36.6567,36.9276,0.7390650729178327,1,strength,2023
EFA,pullback_rsi2_200d,2023-06-26,2023-06-27,64.7318,65.1662,0.6710675622294104,1,strength,2023
MDY,pullback_rsi2_200d,2023-06-26,2023-06-27,443.6324,452.7094,2.0460619139431424,1,strength,2023
SMH,pullback_rsi2_200d,2023-06-27,2023-06-27,145.5929,149.3231,2.562086920549156,0,strength,2023
IWM,pullback_rsi2_200d,2023-07-07,2023-07-10,176.7973,181.1594,2.467277503020582,1,strength,2023
EFA,pullback_rsi2_200d,2023-07-07,2023-07-11,64.1761,65.2299,1.6420594503405717,2,strength,2023
DIA,pullback_rsi2_200d,2023-07-10,2023-07-11,321.4187,325.7581,1.350088009804029,1,strength,2023
XLP,pullback_rsi2_200d,2023-07-10,2023-07-13,67.8798,68.1677,0.4242094965623666,3,strength,2023
XLY,pullback_rsi2_200d,2023-07-28,2023-07-28,83.8744,84.2088,0.39877946901245576,0,strength,2023
SMH,pullback_rsi2_200d,2023-08-03,2023-08-07,150.5799,153.6596,2.0451842185667646,2,strength,2023
QQQ,pullback_rsi2_200d,2023-08-03,2023-08-14,365.9227,363.6303,-0.6264536578930224,7,strength,2023
EFA,pullback_rsi2_200d,2023-08-03,2023-08-07,65.2238,66.1664,1.445178564527727,2,strength,2023
SPY,pullback_rsi2_200d,2023-08-04,2023-08-07,434.6573,433.7791,-0.20202733196448275,1,strength,2023
XLK,pullback_rsi2_200d,2023-08-04,2023-08-10,84.8532,82.0358,-3.3203196534381973,4,stop,2023
XLV,pullback_rsi2_200d,2023-08-04,2023-08-07,126.522,127.2383,0.5660834859230857,1,strength,2023
XLB,pullback_rsi2_200d,2023-08-04,2023-08-14,39.7717,38.7151,-2.6565989053615624,6,stop,2023
XLF,pullback_rsi2_200d,2023-08-07,2023-08-07,33.5362,33.7264,0.5672393336946469,0,strength,2023
XLI,pullback_rsi2_200d,2023-08-07,2023-08-07,104.1594,104.8315,0.6452619243332736,0,strength,2023
XLP,pullback_rsi2_200d,2023-08-07,2023-08-07,69.0054,69.3003,0.4273720847073337,0,strength,2023
IWM,pullback_rsi2_200d,2023-08-09,2023-08-16,186.3531,180.3754,-3.2077511346314758,5,stop,2023
EEM,pullback_rsi2_200d,2023-08-09,2023-08-14,37.5141,36.4412,-2.8601204018273263,3,stop,2023
GLD,pullback_rsi2_200d,2023-08-10,2023-08-17,178.3982,175.1926,-1.7968730604083216,5,stop,2023
SMH,pullback_rsi2_200d,2023-08-10,2023-08-14,149.2566,148.4854,-0.5167481993219925,2,strength,2023
XLK,pullback_rsi2_200d,2023-08-14,2023-08-14,81.811,83.0334,1.4941646260355324,0,strength,2023
XLF,pullback_rsi2_200d,2023-08-16,2023-08-23,32.6006,32.3449,-0.78429666099048,5,strength,2023
XLI,pullback_rsi2_200d,2023-08-16,2023-08-23,102.9035,102.3248,-0.5623948189328543,5,strength,2023
EFA,pullback_rsi2_200d,2023-08-16,2023-08-23,64.4038,64.3115,-0.14332296979839843,5,strength,2023
MDY,pullback_rsi2_200d,2023-08-16,2023-08-18,463.4349,449.4043,-3.027524810824056,2,gap_stop,2023
XLB,pullback_rsi2_200d,2023-08-16,2023-08-23,38.4677,38.1456,-0.8371867992266746,5,strength,2023
SPY,pullback_rsi2_200d,2023-08-17,2023-08-21,425.4379,422.8363,-0.6115117834071038,2,strength,2023
DIA,pullback_rsi2_200d,2023-08-17,2023-08-23,332.6745,328.5755,-1.2321262376525532,4,strength,2023
XLY,pullback_rsi2_200d,2023-08-17,2023-08-18,81.2272,78.4986,-3.3591421275773192,1,stop,2023
QQQ,pullback_rsi2_200d,2023-08-18,2023-08-21,349.5126,357.2974,2.2273546571176306,1,strength,2023
IWM,pullback_rsi2_200d,2023-08-18,2023-08-23,176.0533,179.1537,1.7610198219637274,3,strength,2023
XLV,pullback_rsi2_200d,2023-08-18,2023-08-23,126.8171,126.9248,0.08488649687823369,3,strength,2023
XLE,pullback_rsi2_200d,2023-08-25,2023-08-25,39.6768,39.7427,0.1661449670144588,0,strength,2023
EFA,pullback_rsi2_200d,2023-09-07,2023-09-11,64.2307,64.6661,0.6778709099554359,2,strength,2023
XLI,pullback_rsi2_200d,2023-09-08,2023-09-14,101.8106,101.0427,-0.7542486104889945,4,strength,2023
MDY,pullback_rsi2_200d,2023-09-08,2023-09-14,455.1992,457.7297,0.5559136365873352,4,strength,2023
SMH,pullback_rsi2_200d,2023-09-11,2023-09-13,150.2936,148.3967,-1.2621442565995844,2,strength,2023
IWM,pullback_rsi2_200d,2023-09-11,2023-09-14,179.0003,178.9223,-0.04355962466964236,3,strength,2023
SMH,pullback_rsi2_200d,2023-09-21,2023-09-27,139.8059,139.9405,0.0962787847738733,4,strength,2023
SPY,pullback_rsi2_200d,2023-09-21,2023-09-26,421.6546,412.7412,-2.113902408185775,3,stop,2023
XLK,pullback_rsi2_200d,2023-09-21,2023-09-29,81.0613,80.4478,-0.7567794928168614,6,strength,2023
QQQ,pullback_rsi2_200d,2023-09-21,2023-09-28,355.4767,352.0231,-0.9715275536216317,5,strength,2023
XLY,pullback_rsi2_200d,2023-09-21,2023-09-26,80.7209,77.9774,-3.3987547353048098,3,stop,2023
MDY,pullback_rsi2_200d,2023-09-21,2023-09-27,447.0654,435.3336,-2.624183127397095,4,stop,2023
XLE,pullback_rsi2_200d,2023-09-22,2023-09-25,41.1421,41.3341,0.46680892488344394,1,strength,2023
DIA,pullback_rsi2_200d,2023-09-22,2023-09-27,326.1407,319.6188,-1.9997255926839097,3,stop,2023
XLF,pullback_rsi2_200d,2023-09-22,2023-09-27,32.5738,31.7707,-2.4654447947513924,3,stop,2023
XLI,pullback_rsi2_200d,2023-09-22,2023-09-28,98.1344,97.9095,-0.22916575496529923,4,strength,2023
XLY,pullback_rsi2_200d,2023-09-28,2023-09-28,77.1981,78.1914,1.2866434589465126,0,strength,2023
SPY,pullback_rsi2_200d,2023-10-04,2023-10-06,408.464,414.8627,1.5665158169892113,2,strength,2023
XLE,pullback_rsi2_200d,2023-10-05,2023-10-09,38.7101,40.4931,4.606003291127525,2,strength,2023
SMH,pullback_rsi2_200d,2023-10-20,2023-10-24,142.4229,142.1876,-0.16519373371424173,2,strength,2023
SPY,pullback_rsi2_200d,2023-10-20,2023-10-26,412.248,400.6581,-2.811401944863756,4,stop,2023
QQQ,pullback_rsi2_200d,2023-10-20,2023-10-24,354.1565,353.1245,-0.2913985336183256,2,strength,2023
XLK,pullback_rsi2_200d,2023-10-23,2023-10-30,80.1122,79.9179,-0.24263082220308263,5,strength,2023
XLE,pullback_rsi2_200d,2023-10-24,2023-10-27,40.7711,39.062,-4.192044310289855,3,stop,2023
QQQ,pullback_rsi2_200d,2023-10-27,2023-10-31,341.3187,345.0025,1.0792874095620464,2,strength,2023
GLD,pullback_rsi2_200d,2023-11-09,2023-11-14,181.161,181.9379,0.4288447860816058,3,strength,2023
XLE,pullback_rsi2_200d,2023-11-30,2023-11-30,38.8109,38.6602,-0.38823112303253415,0,strength,2023
SMH,pullback_rsi2_200d,2023-12-07,2023-12-07,156.8903,158.7747,1.2010655950783544,0,strength,2023
EEM,pullback_rsi2_200d,2023-12-07,2023-12-11,36.4609,36.4997,0.1063400638464218,2,strength,2023
GLD,pullback_rsi2_200d,2023-12-12,2023-12-13,184.0238,187.4424,1.8576607312393634,1,strength,2023
XLK,pullback_rsi2_200d,2024-01-03,2024-01-08,91.5301,92.8276,1.4175927977505554,3,strength,2024
SMH,pullback_rsi2_200d,2024-01-04,2024-01-08,163.2108,170.4995,4.465812330029562,2,strength,2024
QQQ,pullback_rsi2_200d,2024-01-04,2024-01-08,391.5768,399.1833,1.9425212207095255,2,strength,2024
IWM,pullback_rsi2_200d,2024-01-04,2024-01-08,189.0736,191.2921,1.173312134082094,2,strength,2024
XLI,pullback_rsi2_200d,2024-01-04,2024-01-08,107.7787,108.3361,0.517165512591311,2,strength,2024
XLY,pullback_rsi2_200d,2024-01-04,2024-01-08,84.7326,85.8792,1.3531692673350415,2,strength,2024
MDY,pullback_rsi2_200d,2024-01-04,2024-01-08,479.9005,486.7337,1.423881204297528,2,strength,2024
SPY,pullback_rsi2_200d,2024-01-05,2024-01-08,454.2541,460.2414,1.318051424986999,1,strength,2024
TLT,pullback_rsi2_200d,2024-01-08,2024-01-11,86.939,87.1981,0.2979701579088667,3,strength,2024
GLD,pullback_rsi2_200d,2024-01-09,2024-01-12,188.8687,189.5203,0.3450143581197107,3,strength,2024
EEM,pullback_rsi2_200d,2024-01-11,2024-01-12,37.141,37.1521,0.029865716633170614,1,strength,2024
XLB,pullback_rsi2_200d,2024-01-12,2024-01-17,40.0849,38.9552,-2.8183123243699204,2,gap_stop,2024
XLF,pullback_rsi2_200d,2024-01-17,2024-01-19,35.6741,36.478,2.25341365561631,2,strength,2024
IWM,pullback_rsi2_200d,2024-01-17,2024-01-19,183.296,187.1109,2.081295162560459,2,strength,2024
XLI,pullback_rsi2_200d,2024-01-17,2024-01-18,106.6464,107.9111,1.1859456549894176,1,strength,2024
MDY,pullback_rsi2_200d,2024-01-17,2024-01-19,475.5835,485.3654,2.056837786579435,2,strength,2024
SPY,pullback_rsi2_200d,2024-01-18,2024-01-18,460.5895,462.0742,0.3223460443354975,0,strength,2024
DIA,pullback_rsi2_200d,2024-01-18,2024-01-19,358.0539,363.6603,1.5658168247644655,1,strength,2024
XLY,pullback_rsi2_200d,2024-01-18,2024-01-19,84.8257,85.5514,0.8555317507928262,1,strength,2024
EFA,pullback_rsi2_200d,2024-01-18,2024-01-22,67.7301,68.2761,0.8060867968423757,2,strength,2024
XLP,pullback_rsi2_200d,2024-01-23,2024-01-23,67.4633,67.7022,0.35403208639575023,0,strength,2024
XLV,pullback_rsi2_200d,2024-01-26,2024-01-29,133.8794,134.3881,0.3799412396922719,1,strength,2024
XLY,pullback_rsi2_200d,2024-01-26,2024-01-29,84.1248,85.209,1.2887891519273387,1,strength,2024
GLD,pullback_rsi2_200d,2024-02-13,2024-02-16,185.5354,186.1537,0.33325197142928253,3,strength,2024
XLK,pullback_rsi2_200d,2024-02-21,2024-02-22,97.8578,101.2034,3.41887239400378,1,strength,2024
QQQ,pullback_rsi2_200d,2024-02-22,2024-02-22,429.1601,431.8317,0.6225120027474773,0,strength,2024
DIA,pullback_rsi2_200d,2024-03-06,2024-03-11,374.4975,373.6818,-0.21779594458708473,3,strength,2024
XLY,pullback_rsi2_200d,2024-03-07,2024-03-12,88.2764,88.7213,0.5039350123376973,3,strength,2024
XLV,pullback_rsi2_200d,2024-03-18,2024-03-19,140.1347,140.1913,0.040392417083845444,1,strength,2024
XLY,pullback_rsi2_200d,2024-03-18,2024-03-19,88.1494,88.5224,0.4231094135219937,1,strength,2024
XLV,pullback_rsi2_200d,2024-04-03,2024-04-05,139.1808,136.2431,-2.1106774521911897,2,stop,2024
XLY,pullback_rsi2_200d,2024-04-03,2024-04-08,87.8399,88.5076,0.7601379469614145,3,strength,2024
EFA,pullback_rsi2_200d,2024-04-03,2024-04-08,72.7117,73.0635,0.48391488730257226,3,strength,2024
XLP,pullback_rsi2_200d,2024-04-04,2024-04-09,70.5811,70.1766,-0.5730750065461199,3,strength,2024
SPY,pullback_rsi2_200d,2024-04-05,2024-04-05,501.4475,504.3074,0.5703351896390263,0,strength,2024
DIA,pullback_rsi2_200d,2024-04-05,2024-04-09,373.3276,374.9828,0.4433562748492603,2,strength,2024
XLF,pullback_rsi2_200d,2024-04-05,2024-04-08,39.9871,40.303,0.7899823199259082,1,strength,2024
XLK,pullback_rsi2_200d,2024-04-05,2024-04-08,101.1934,101.5873,0.38929020190014985,1,strength,2024
QQQ,pullback_rsi2_200d,2024-04-05,2024-04-08,431.9925,434.8999,0.6730284834723488,1,strength,2024
DIA,pullback_rsi2_200d,2024-04-11,2024-04-15,372.4773,364.5486,-2.12863629647313,2,stop,2024
XLF,pullback_rsi2_200d,2024-04-12,2024-04-18,39.0101,38.4495,-1.4370995056950275,4,strength,2024
XLV,pullback_rsi2_200d,2024-04-15,2024-04-19,135.0181,133.6232,-1.0331318249124921,4,strength,2024
XLI,pullback_rsi2_200d,2024-04-15,2024-04-15,120.9462,117.9337,-2.4907848093818075,0,stop,2024
XLP,pullback_rsi2_200d,2024-04-15,2024-04-18,69.61,69.3674,-0.3485069775689076,3,strength,2024
EFA,pullback_rsi2_200d,2024-04-15,2024-04-16,72.0843,70.3292,-2.4348925715786063,1,gap_stop,2024
MDY,pullback_rsi2_200d,2024-04-15,2024-04-16,519.9615,505.3048,-2.8188219716502205,1,stop,2024
XLB,pullback_rsi2_200d,2024-04-15,2024-04-16,43.6017,42.4727,-2.589318665839413,1,stop,2024
XLU,pullback_rsi2_200d,2024-04-15,2024-04-16,30.3305,29.3805,-3.132119034755021,1,stop,2024
SPY,pullback_rsi2_200d,2024-04-16,2024-04-22,492.1682,486.1071,-1.2315110640502502,4,strength,2024
IWM,pullback_rsi2_200d,2024-04-16,2024-04-22,189.8956,190.3838,0.25707689742080486,4,strength,2024
XLY,pullback_rsi2_200d,2024-04-16,2024-04-23,85.1088,84.5857,-0.614535967196328,5,strength,2024
XLE,pullback_rsi2_200d,2024-04-17,2024-04-19,43.9099,44.1804,0.6159779146840849,2,strength,2024
XLI,pullback_rsi2_200d,2024-04-17,2024-04-22,118.8492,117.6041,-1.0476536586850327,3,strength,2024
EEM,pullback_rsi2_200d,2024-04-17,2024-04-22,37.9387,38.043,0.2748508135525407,3,strength,2024
XLK,pullback_rsi2_200d,2024-04-18,2024-04-19,98.1279,94.6558,-3.5383879849839706,1,stop,2024
QQQ,pullback_rsi2_200d,2024-04-18,2024-04-19,421.8153,408.1818,-3.232103186936297,1,stop,2024
EFA,pullback_rsi2_200d,2024-04-18,2024-04-22,70.3593,70.9,0.7684874312813283,2,strength,2024
MDY,pullback_rsi2_200d,2024-04-18,2024-04-22,505.7487,508.9479,0.6325722507976694,2,strength,2024
SMH,pullback_rsi2_200d,2024-04-19,2024-04-23,205.3746,206.0351,0.3216077400554962,2,strength,2024
XLB,pullback_rsi2_200d,2024-04-24,2024-04-25,42.1816,42.6,0.9920832217597431,1,strength,2024
GLD,pullback_rsi2_200d,2024-04-25,2024-04-26,214.6845,216.4034,0.8006652229492817,1,strength,2024
GLD,pullback_rsi2_200d,2024-05-01,2024-05-06,213.173,214.9848,0.8499343320055308,3,strength,2024
XLF,pullback_rsi2_200d,2024-05-01,2024-05-03,39.0101,39.1446,0.34460458777947345,2,strength,2024
XLE,pullback_rsi2_200d,2024-05-02,2024-05-06,43.1874,43.4035,0.5003622084714721,2,strength,2024
XLE,pullback_rsi2_200d,2024-05-23,2024-05-28,43.1361,42.943,-0.4478616115227152,2,strength,2024
GLD,pullback_rsi2_200d,2024-05-24,2024-05-30,217.177,216.3534,-0.379197396538844,3,strength,2024
IWM,pullback_rsi2_200d,2024-05-24,2024-05-30,200.0346,198.9135,-0.5604207895459901,3,strength,2024
XLI,pullback_rsi2_200d,2024-05-24,2024-05-29,120.6744,118.0624,-2.1644815366174908,2,stop,2024
XLY,pullback_rsi2_200d,2024-05-24,2024-05-30,85.9537,85.7868,-0.1940850472260669,3,strength,2024
MDY,pullback_rsi2_200d,2024-05-24,2024-05-31,529.1867,530.9974,0.3421652228868144,4,strength,2024
XLB,pullback_rsi2_200d,2024-05-24,2024-05-31,43.6545,43.8258,0.3924851096088533,4,strength,2024
DIA,pullback_rsi2_200d,2024-05-28,2024-05-30,377.4299,368.5203,-2.3606028481526153,2,gap_stop,2024
XLV,pullback_rsi2_200d,2024-05-29,2024-05-31,136.2997,138.191,1.3876623268699095,2,strength,2024
XLP,pullback_rsi2_200d,2024-05-30,2024-05-31,71.8162,72.7736,1.3331477707166917,1,strength,2024
EEM,pullback_rsi2_200d,2024-05-30,2024-06-05,39.9235,40.0996,0.44115479344544184,4,strength,2024
SPY,pullback_rsi2_200d,2024-05-31,2024-05-31,510.3466,513.0039,0.5206901999569302,0,strength,2024
XLU,pullback_rsi2_200d,2024-06-07,2024-06-20,32.8925,32.6863,-0.6268726377257727,8,strength,2024
XLF,pullback_rsi2_200d,2024-06-12,2024-06-17,39.9194,39.5886,-0.8285492923333804,3,strength,2024
EFA,pullback_rsi2_200d,2024-06-12,2024-06-12,75.2571,74.7883,-0.6230037884603079,0,strength,2024
XLP,pullback_rsi2_200d,2024-06-13,2024-06-17,72.2971,73.0936,1.1017089529462565,2,strength,2024
XLE,pullback_rsi2_200d,2024-06-14,2024-06-18,41.2996,41.2357,-0.15475457710417695,2,strength,2024
DIA,pullback_rsi2_200d,2024-06-17,2024-06-17,373.0148,375.4873,0.6628430844155098,0,strength,2024
XLB,pullback_rsi2_200d,2024-06-17,2024-06-17,42.5366,42.9208,0.9033327279230896,0,strength,2024
SMH,pullback_rsi2_200d,2024-06-25,2024-06-28,256.8374,258.4858,0.6417738692839015,3,strength,2024
XLP,pullback_rsi2_200d,2024-07-01,2024-07-05,73.1279,73.361,0.31877554250445694,3,strength,2024
XLV,pullback_rsi2_200d,2024-07-02,2024-07-09,139.6971,139.9393,0.17340717868208344,4,strength,2024
XLI,pullback_rsi2_200d,2024-07-02,2024-07-03,117.2702,118.2803,0.8613735347058338,1,strength,2024
XLB,pullback_rsi2_200d,2024-07-02,2024-07-03,41.8137,42.2208,0.9737864065074264,1,strength,2024
XLU,pullback_rsi2_200d,2024-07-02,2024-07-03,32.084,32.3031,0.6829964836377211,1,strength,2024
XLE,pullback_rsi2_200d,2024-07-09,2024-07-11,41.6594,42.3406,1.635011382119278,2,strength,2024
SMH,pullback_rsi2_200d,2024-07-18,2024-07-23,257.4435,252.6954,-1.8443326181968533,3,strength,2024
XLK,pullback_rsi2_200d,2024-07-18,2024-07-22,112.1607,111.5813,-0.516605067202669,2,strength,2024
QQQ,pullback_rsi2_200d,2024-07-18,2024-07-23,480.9714,475.1563,-1.2090382622411466,3,strength,2024
EEM,pullback_rsi2_200d,2024-07-19,2024-07-24,41.1267,40.2695,-2.0842791158284135,3,stop,2024
SPY,pullback_rsi2_200d,2024-07-22,2024-07-23,540.7515,540.4325,-0.05900127236677655,1,strength,2024
EFA,pullback_rsi2_200d,2024-07-22,2024-07-25,75.3135,73.2895,-2.687342379474289,3,gap_stop,2024
XLE,pullback_rsi2_200d,2024-07-24,2024-07-25,42.5569,43.0956,1.2657453976398614,1,strength,2024
TLT,pullback_rsi2_200d,2024-07-24,2024-07-26,85.3178,85.5152,0.2313823830184525,2,strength,2024
SPY,pullback_rsi2_200d,2024-07-25,2024-07-29,529.3596,531.6297,0.4288427587807453,2,strength,2024
QQQ,pullback_rsi2_200d,2024-07-25,2024-07-31,459.3662,465.7148,1.3820294822487256,4,strength,2024
XLY,pullback_rsi2_200d,2024-07-25,2024-07-29,89.235,91.2135,2.217156079316185,2,strength,2024
GLD,pullback_rsi2_200d,2024-07-26,2024-07-30,220.18,222.2975,0.9617212588167279,2,strength,2024
SMH,pullback_rsi2_200d,2024-07-26,2024-07-31,240.6435,244.8922,1.7655559147937705,3,strength,2024
XLK,pullback_rsi2_200d,2024-07-26,2024-07-31,107.0328,107.9787,0.8837302947145798,3,strength,2024
EEM,pullback_rsi2_200d,2024-07-26,2024-07-31,40.4286,40.9872,1.381724342281987,3,strength,2024
XLE,pullback_rsi2_200d,2024-08-05,2024-08-08,40.6445,41.8341,2.9268972001160742,3,strength,2024
DIA,pullback_rsi2_200d,2024-08-05,2024-08-08,375.2596,382.2612,1.8658002031162635,3,strength,2024
XLF,pullback_rsi2_200d,2024-08-05,2024-08-08,39.9512,40.9181,2.420148066361527,3,strength,2024
IWM,pullback_rsi2_200d,2024-08-05,2024-08-08,193.8442,202.245,4.333824414131393,3,strength,2024
XLY,pullback_rsi2_200d,2024-08-05,2024-08-08,82.2397,85.3671,3.8027303706035243,3,strength,2024
MDY,pullback_rsi2_200d,2024-08-05,2024-08-08,502.0595,523.8619,4.342583536009226,3,strength,2024
SPY,pullback_rsi2_200d,2024-08-06,2024-08-08,507.7197,517.8597,1.9971682433800542,2,strength,2024
QQQ,pullback_rsi2_200d,2024-08-06,2024-08-08,433.1249,442.9763,2.274491938526624,2,strength,2024
XLV,pullback_rsi2_200d,2024-08-06,2024-08-08,142.6089,144.081,1.0322921842908173,2,strength,2024
XLI,pullback_rsi2_200d,2024-08-06,2024-08-08,118.1762,120.8081,2.2271310028630253,2,strength,2024
EEM,pullback_rsi2_200d,2024-08-06,2024-08-08,38.5162,39.9184,3.6405885781039427,2,strength,2024
EFA,pullback_rsi2_200d,2024-08-06,2024-08-08,70.123,72.2029,2.9661400977555985,2,strength,2024
XLB,pullback_rsi2_200d,2024-08-06,2024-08-08,42.3777,42.6394,0.6175794293686643,2,strength,2024
GLD,pullback_rsi2_200d,2024-08-07,2024-08-08,222.1619,223.786,0.7310172258202963,1,strength,2024
TLT,pullback_rsi2_200d,2024-09-03,2024-09-03,90.4906,90.4857,-0.00543486473052468,0,strength,2024
EEM,pullback_rsi2_200d,2024-09-04,2024-09-11,40.5434,40.3478,-0.48225501388100556,5,strength,2024
IWM,pullback_rsi2_200d,2024-09-06,2024-09-12,207.5866,206.8591,-0.3504740679812879,4,strength,2024
MDY,pullback_rsi2_200d,2024-09-06,2024-09-11,534.1311,528.1848,-1.1132625585046019,3,strength,2024
SPY,pullback_rsi2_200d,2024-09-09,2024-09-10,532.5865,535.5626,0.5588026088614528,1,strength,2024
DIA,pullback_rsi2_200d,2024-09-09,2024-09-09,395.8113,396.6593,0.21423796639232773,0,strength,2024
QQQ,pullback_rsi2_200d,2024-09-09,2024-09-10,448.8063,453.4459,1.0337664520203793,1,strength,2024
XLV,pullback_rsi2_200d,2024-09-09,2024-09-10,149.303,150.3563,0.7054666230367657,1,strength,2024
XLI,pullback_rsi2_200d,2024-09-09,2024-09-09,123.6802,124.2692,0.476225582810863,0,strength,2024
EFA,pullback_rsi2_200d,2024-09-09,2024-09-11,75.473,75.5752,0.13531039423368973,2,strength,2024
XLB,pullback_rsi2_200d,2024-09-09,2024-09-11,43.5828,43.7892,0.4735543072186932,2,strength,2024
TLT,pullback_rsi2_200d,2024-09-23,2024-09-27,91.3625,91.2448,-0.12887567326591576,4,strength,2024
XLF,pullback_rsi2_200d,2024-09-26,2024-09-27,43.7802,43.9164,0.3112050588603754,1,strength,2024
XLV,pullback_rsi2_200d,2024-09-26,2024-09-30,148.0636,149.2504,0.8015453578169351,2,strength,2024
XLP,pullback_rsi2_200d,2024-10-03,2024-10-09,78.0146,77.7253,-0.3708284034875442,4,strength,2024
IWM,pullback_rsi2_200d,2024-10-04,2024-10-04,215.5288,214.9608,-0.2635147672068072,0,strength,2024
XLV,pullback_rsi2_200d,2024-10-04,2024-10-08,147.3451,147.0894,-0.17350977717210947,2,strength,2024
EFA,pullback_rsi2_200d,2024-10-04,2024-10-11,77.0874,77.0927,0.006796037099854324,5,strength,2024
TLT,pullback_rsi2_200d,2024-10-07,2024-10-15,88.3823,88.1407,-0.27337694647519006,6,strength,2024
GLD,pullback_rsi2_200d,2024-10-10,2024-10-11,242.0118,245.2245,1.327520924281722,1,strength,2024
XLU,pullback_rsi2_200d,2024-10-10,2024-10-11,37.5635,37.6643,0.26833355506710177,1,strength,2024
XLE,pullback_rsi2_200d,2024-10-16,2024-10-30,42.7757,41.6264,-2.686769956725865,10,time,2024
EEM,pullback_rsi2_200d,2024-10-16,2024-10-18,43.5172,43.8215,0.6992837504992133,2,strength,2024
DIA,pullback_rsi2_200d,2024-10-24,2024-11-05,413.6577,410.8659,-0.6749084534653615,8,strength,2024
IWM,pullback_rsi2_200d,2024-10-24,2024-10-28,216.6492,218.2076,0.7193023813164556,2,strength,2024
XLV,pullback_rsi2_200d,2024-10-24,2024-10-30,146.0343,141.6144,-3.0265641878190364,4,gap_stop,2024
XLI,pullback_rsi2_200d,2024-10-24,2024-10-31,133.3957,130.1631,-2.423373741793111,5,stop,2024
XLY,pullback_rsi2_200d,2024-10-24,2024-10-24,97.8199,98.55,0.7463588380838049,0,strength,2024
EFA,pullback_rsi2_200d,2024-10-24,2024-10-28,75.3979,75.4253,0.036255274329421994,2,strength,2024
MDY,pullback_rsi2_200d,2024-10-24,2024-10-28,560.6626,561.1865,0.09344797057533327,2,strength,2024
XLB,pullback_rsi2_200d,2024-10-24,2024-10-30,46.2613,45.734,-1.1399308959883503,4,strength,2024
XLP,pullback_rsi2_200d,2024-10-28,2024-11-04,77.7185,76.6006,-1.4384022388058137,5,strength,2024
EEM,pullback_rsi2_200d,2024-10-28,2024-10-28,43.2399,43.2489,0.020895674317378266,0,strength,2024
EEM,pullback_rsi2_200d,2024-10-31,2024-11-04,42.647,42.6954,0.1134767875194509,2,strength,2024
SPY,pullback_rsi2_200d,2024-11-01,2024-11-05,560.3794,564.5262,0.7400056921455844,2,strength,2024
XLK,pullback_rsi2_200d,2024-11-01,2024-11-05,110.2122,112.1723,1.7784463838023568,2,strength,2024
QQQ,pullback_rsi2_200d,2024-11-01,2024-11-05,481.6175,487.2983,1.1795218924023798,2,strength,2024
XLV,pullback_rsi2_200d,2024-11-01,2024-11-05,143.1602,143.2715,0.07772857754324569,2,strength,2024
XLY,pullback_rsi2_200d,2024-11-01,2024-11-01,98.91,98.5057,-0.40884664299397633,0,strength,2024
EFA,pullback_rsi2_200d,2024-11-01,2024-11-05,74.7597,75.1536,0.5269318180089133,2,strength,2024
MDY,pullback_rsi2_200d,2024-11-01,2024-11-05,557.1226,564.3868,1.3038812176735748,2,strength,2024
GLD,pullback_rsi2_200d,2024-11-07,2024-11-11,248.5383,242.3912,-2.4733090447858763,2,stop,2024
GLD,pullback_rsi2_200d,2024-11-13,2024-11-18,241.5513,240.8489,-0.29078758533991333,3,strength,2024
EEM,pullback_rsi2_200d,2024-11-13,2024-11-18,41.6143,41.4548,-0.38325758814127253,3,strength,2024
XLB,pullback_rsi2_200d,2024-11-13,2024-11-20,44.8039,44.6709,-0.2968753082750353,5,strength,2024
SMH,pullback_rsi2_200d,2024-11-14,2024-11-18,247.9357,235.6665,-4.9485611249341925,2,stop,2024
XLK,pullback_rsi2_200d,2024-11-18,2024-11-20,113.2985,114.2685,0.8561880703912061,2,strength,2024
QQQ,pullback_rsi2_200d,2024-11-18,2024-11-20,494.1466,498.149,0.809956096433373,2,strength,2024
SMH,pullback_rsi2_200d,2024-11-29,2024-11-29,238.438,240.0735,0.6859286038668477,0,strength,2024
XLE,pullback_rsi2_200d,2024-12-05,2024-12-12,43.8559,42.3668,-3.3952811015302564,5,stop,2024
XLB,pullback_rsi2_200d,2024-12-05,2024-12-10,45.0315,43.9429,-2.4174010045311167,3,stop,2024
XLF,pullback_rsi2_200d,2024-12-10,2024-12-18,48.4876,47.2591,-2.533634314786559,6,stop,2024
XLI,pullback_rsi2_200d,2024-12-10,2024-12-17,136.015,132.7004,-2.436946445546151,5,stop,2024
XLU,pullback_rsi2_200d,2024-12-10,2024-12-18,37.4111,36.24,-3.1303965954295188,6,stop,2024
SMH,pullback_rsi2_200d,2024-12-11,2024-12-11,242.0642,243.6627,0.6603723180022891,0,strength,2024
MDY,pullback_rsi2_200d,2024-12-11,2024-12-17,594.5531,579.4491,-2.540390020625849,4,stop,2024
DIA,pullback_rsi2_200d,2024-12-12,2024-12-17,431.6335,423.3418,-1.9209993246330548,3,stop,2024
IWM,pullback_rsi2_200d,2024-12-16,2024-12-18,228.9151,221.722,-3.142264535291339,2,stop,2024
XLP,pullback_rsi2_200d,2024-12-18,2024-12-20,77.5084,75.8726,-2.1104529608016342,2,stop,2024
GLD,pullback_rsi2_200d,2024-12-19,2024-12-20,239.9097,241.8579,0.8120714538860208,1,strength,2024
SPY,pullback_rsi2_200d,2024-12-19,2024-12-23,580.0356,584.0957,0.6999623359229545,2,strength,2024
DIA,pullback_rsi2_200d,2024-12-19,2024-12-23,417.021,418.7376,0.41162830737953016,2,strength,2024
XLK,pullback_rsi2_200d,2024-12-19,2024-12-23,116.2162,117.8924,1.4422931201207412,2,strength,2024
XLI,pullback_rsi2_200d,2024-12-19,2024-12-23,130.063,130.4955,0.3325300980066892,2,strength,2024
MDY,pullback_rsi2_200d,2024-12-19,2024-12-24,563.2907,565.4202,0.3780359852580739,3,strength,2024
QQQ,pullback_rsi2_200d,2024-12-20,2024-12-23,506.3582,518.487,2.3953129909129123,1,strength,2024
IWM,pullback_rsi2_200d,2024-12-20,2024-12-24,215.4885,219.7703,1.9870363453847961,2,strength,2024
XLI,pullback_rsi2_200d,2024-12-31,2025-01-03,129.9808,130.1034,0.09431210266201973,2,strength,2024
SMH,pullback_rsi2_200d,2025-01-02,2025-01-03,244.0053,250.8476,2.8041667743617493,1,strength,2025
SPY,pullback_rsi2_200d,2025-01-02,2025-01-03,580.049,581.4045,0.23368839455211177,1,strength,2025
XLK,pullback_rsi2_200d,2025-01-02,2025-01-03,116.2876,116.7436,0.39212718590107,1,strength,2025
QQQ,pullback_rsi2_200d,2025-01-02,2025-01-03,511.0099,514.2331,0.6307415812732975,1,strength,2025
XLY,pullback_rsi2_200d,2025-01-02,2025-01-03,110.9244,111.413,0.4405000254807723,1,strength,2025
DIA,pullback_rsi2_200d,2025-01-03,2025-01-03,416.6019,417.0485,0.10720465217026742,0,strength,2025
DIA,pullback_rsi2_200d,2025-01-13,2025-01-14,409.6659,415.0861,1.323077738299383,1,strength,2025
XLF,pullback_rsi2_200d,2025-01-13,2025-01-14,46.081,47.1318,2.2803622657391553,1,strength,2025
XLK,pullback_rsi2_200d,2025-01-13,2025-01-15,111.6928,115.0302,2.987946137066322,2,strength,2025
IWM,pullback_rsi2_200d,2025-01-13,2025-01-14,211.4468,216.1598,2.228908120753159,1,strength,2025
QQQ,pullback_rsi2_200d,2025-01-14,2025-01-15,505.4855,512.3688,1.3617205672611377,1,strength,2025
XLU,pullback_rsi2_200d,2025-01-14,2025-01-14,36.0069,36.2656,0.7184873515619028,0,strength,2025
XLK,pullback_rsi2_200d,2025-01-28,2025-02-04,113.6826,114.3815,0.614779055244119,5,strength,2025
QQQ,pullback_rsi2_200d,2025-01-28,2025-01-30,511.924,518.6656,1.316907461471284,2,strength,2025
MDY,pullback_rsi2_200d,2025-02-13,2025-02-13,572.1327,573.956,0.3186903540420394,0,strength,2025
XLY,pullback_rsi2_200d,2025-02-21,2025-02-21,111.1122,107.6397,-3.1251629136961223,0,stop,2025
SPY,pullback_rsi2_200d,2025-02-24,2025-02-27,592.4788,579.0132,-2.272754452137049,3,stop,2025
DIA,pullback_rsi2_200d,2025-02-24,2025-02-28,427.1615,428.7925,0.3818398074710183,4,strength,2025
XLF,pullback_rsi2_200d,2025-02-24,2025-02-27,49.9081,49.9451,0.07422117429538577,3,strength,2025
XLK,pullback_rsi2_200d,2025-02-24,2025-02-25,116.9922,112.6852,-3.6813863804608604,1,stop,2025
QQQ,pullback_rsi2_200d,2025-02-24,2025-02-25,524.5031,508.3552,-3.0786969437750833,1,stop,2025
IWM,pullback_rsi2_200d,2025-02-24,2025-02-28,215.6758,208.0422,-3.5393726610156717,4,stop,2025
XLI,pullback_rsi2_200d,2025-02-24,2025-02-28,132.957,133.6423,0.5153792013605996,4,strength,2025
MDY,pullback_rsi2_200d,2025-02-24,2025-02-28,559.7216,555.7645,-0.7069731791243705,4,strength,2025
XLY,pullback_rsi2_200d,2025-02-25,2025-02-28,107.4697,106.5201,-0.8836560396252691,3,strength,2025
GLD,pullback_rsi2_200d,2025-02-28,2025-03-03,262.8226,266.4733,1.3890332405004369,1,strength,2025
QQQ,pullback_rsi2_200d,2025-02-28,2025-03-05,496.9306,497.8019,0.17534199311923793,3,strength,2025
XLU,pullback_rsi2_200d,2025-02-28,2025-03-03,37.7115,38.0147,0.8040486802778357,1,strength,2025
EEM,pullback_rsi2_200d,2025-03-04,2025-03-05,41.7918,43.1639,3.2832338122452898,1,strength,2025
XLU,pullback_rsi2_200d,2025-03-07,2025-03-10,36.5159,37.4444,2.5429018098449774,1,strength,2025
XLF,pullback_rsi2_200d,2025-03-11,2025-03-14,46.9326,47.3956,0.986570205882531,3,strength,2025
XLP,pullback_rsi2_200d,2025-03-12,2025-03-17,77.6346,77.4699,-0.2121602994245575,3,strength,2025
XLU,pullback_rsi2_200d,2025-03-26,2025-03-28,37.2006,37.633,1.1623580388408605,2,strength,2025
EFA,pullback_rsi2_200d,2025-04-01,2025-04-04,77.8048,73.3482,-5.727973497254446,3,gap_stop,2025
GLD,pullback_rsi2_200d,2025-05-02,2025-05-05,300.4702,306.5731,2.03113046588288,1,strength,2025
XLP,pullback_rsi2_200d,2025-05-12,2025-05-15,78.3264,78.334,0.009729110132572494,3,strength,2025
XLF,pullback_rsi2_200d,2025-05-27,2025-05-27,49.5491,49.9304,0.7697134152839569,0,strength,2025
XLY,pullback_rsi2_200d,2025-06-06,2025-06-09,105.3025,105.7795,0.4530680455328895,1,strength,2025
XLP,pullback_rsi2_200d,2025-06-06,2025-06-10,79.139,78.9326,-0.26079530318624533,2,strength,2025
XLF,pullback_rsi2_200d,2025-06-16,2025-06-20,49.4312,49.3716,-0.12046506464229445,3,strength,2025
XLI,pullback_rsi2_200d,2025-06-16,2025-06-23,141.3855,141.8875,0.3550723484675,4,strength,2025
GLD,pullback_rsi2_200d,2025-06-30,2025-07-01,302.6924,307.2424,1.5031870876160092,1,strength,2025
XLP,pullback_rsi2_200d,2025-07-10,2025-07-17,78.7566,78.8422,0.10875841708974932,5,strength,2025
EFA,pullback_rsi2_200d,2025-07-16,2025-07-17,85.153,85.5914,0.5148362243134308,1,strength,2025
GLD,pullback_rsi2_200d,2025-07-29,2025-08-01,306.1058,308.8009,0.8804431974280602,3,strength,2025
EEM,pullback_rsi2_200d,2025-07-31,2025-08-05,47.8419,47.854,0.02548978230285659,3,strength,2025
EFA,pullback_rsi2_200d,2025-07-31,2025-08-04,85.2692,85.4369,0.19668578317788565,2,strength,2025
XLB,pullback_rsi2_200d,2025-07-31,2025-08-05,43.1577,43.41,0.5845108725434089,3,strength,2025
DIA,pullback_rsi2_200d,2025-08-01,2025-08-05,431.8032,434.2777,0.5730686543181207,2,strength,2025
XLF,pullback_rsi2_200d,2025-08-01,2025-08-06,50.9806,51.105,0.24400718536807808,3,strength,2025
IWM,pullback_rsi2_200d,2025-08-01,2025-08-04,214.2113,217.2538,1.4202962323931478,1,strength,2025
MDY,pullback_rsi2_200d,2025-08-01,2025-08-12,562.4021,574.8811,2.2188734874497795,7,strength,2025
SPY,pullback_rsi2_200d,2025-08-04,2025-08-04,619.4321,623.6288,0.6775011154203758,0,strength,2025
XLK,pullback_rsi2_200d,2025-08-04,2025-08-04,129.1967,130.3299,0.8770906143094281,0,strength,2025
QQQ,pullback_rsi2_200d,2025-08-04,2025-08-04,556.9268,560.8348,0.7017109382583708,0,strength,2025
XLI,pullback_rsi2_200d,2025-08-04,2025-08-06,148.4965,148.8606,0.24520728209516118,2,strength,2025
XLY,pullback_rsi2_200d,2025-08-04,2025-08-06,108.1436,110.7577,2.417239686383943,2,strength,2025
XLU,pullback_rsi2_200d,2025-08-19,2025-08-19,41.5247,41.8305,0.7364153905966342,0,strength,2025
GLD,pullback_rsi2_200d,2025-08-20,2025-08-20,307.8475,308.0516,0.06629151789678822,0,strength,2025
XLK,pullback_rsi2_200d,2025-08-20,2025-08-22,129.9286,130.3945,0.3585589546349688,2,strength,2025
QQQ,pullback_rsi2_200d,2025-08-20,2025-08-22,566.1716,568.6592,0.43938139593653336,2,strength,2025
SMH,pullback_rsi2_200d,2025-08-21,2025-08-22,287.1742,292.4364,1.8324163552003947,1,strength,2025
SPY,pullback_rsi2_200d,2025-08-22,2025-08-22,631.4016,637.5999,0.9816634835440485,0,strength,2025
XLP,pullback_rsi2_200d,2025-08-26,2025-08-29,78.8442,78.5215,-0.40940116924123027,3,strength,2025
XLU,pullback_rsi2_200d,2025-09-02,2025-09-10,40.9014,41.121,0.5368281030436073,6,strength,2025
SMH,pullback_rsi2_200d,2025-09-03,2025-09-05,286.7551,292.0779,1.8562248613000154,2,strength,2025
XLI,pullback_rsi2_200d,2025-09-03,2025-09-04,148.7534,149.4129,0.4433480462754824,1,strength,2025
EFA,pullback_rsi2_200d,2025-09-03,2025-09-04,87.5437,88.2671,0.8263492792000449,1,strength,2025
XLB,pullback_rsi2_200d,2025-09-24,2025-09-29,44.3108,43.9561,-0.8004728156675855,3,strength,2025
MDY,pullback_rsi2_200d,2025-09-25,2025-09-26,585.1388,591.0122,1.0037528452415012,1,strength,2025
XLF,pullback_rsi2_200d,2025-09-26,2025-09-26,53.1164,53.1583,0.07892224496295341,0,strength,2025
XLI,pullback_rsi2_200d,2025-09-26,2025-09-26,150.8962,151.1097,0.14148962738502746,0,strength,2025
EFA,pullback_rsi2_200d,2025-09-26,2025-09-29,89.3439,89.8222,0.5353747988017687,1,strength,2025
XLE,pullback_rsi2_200d,2025-10-03,2025-10-06,43.5132,43.651,0.31666215619885474,1,strength,2025
XLE,pullback_rsi2_200d,2025-10-10,2025-10-20,42.6419,42.4492,-0.4518426608438819,6,strength,2025
SPY,pullback_rsi2_200d,2025-10-13,2025-10-15,655.8768,659.0447,0.4829988702974797,2,strength,2025
DIA,pullback_rsi2_200d,2025-10-13,2025-10-14,453.565,457.0843,0.7759101784883482,1,strength,2025
XLF,pullback_rsi2_200d,2025-10-13,2025-10-14,51.9692,52.5464,1.1106133343502966,1,strength,2025
QQQ,pullback_rsi2_200d,2025-10-13,2025-10-15,598.095,599.4282,0.22291440592905332,2,strength,2025
IWM,pullback_rsi2_200d,2025-10-13,2025-10-13,240.263,242.3411,0.8649341022903378,0,strength,2025
XLI,pullback_rsi2_200d,2025-10-13,2025-10-14,149.8443,151.7634,1.2806776256039987,1,strength,2025
XLY,pullback_rsi2_200d,2025-10-13,2025-10-14,114.8519,116.3602,1.313302394077187,1,strength,2025
EEM,pullback_rsi2_200d,2025-10-13,2025-10-15,52.466,52.7531,0.5472072830372099,2,strength,2025
EFA,pullback_rsi2_200d,2025-10-13,2025-10-15,89.673,90.6529,1.092808279370483,2,strength,2025
MDY,pullback_rsi2_200d,2025-10-13,2025-10-14,580.4742,588.734,1.4229555958568119,1,strength,2025
XLB,pullback_rsi2_200d,2025-10-13,2025-10-14,43.4761,43.9216,1.0246049135788082,1,strength,2025
GLD,pullback_rsi2_200d,2025-10-28,2025-10-30,362.1718,369.7599,2.095156818798194,2,strength,2025
XLV,pullback_rsi2_200d,2025-10-30,2025-11-04,142.278,143.1181,0.5905075533872095,3,strength,2025
XLB,pullback_rsi2_200d,2025-10-30,2025-11-03,42.844,41.5538,-3.011318429996679,2,stop,2025
TLT,pullback_rsi2_200d,2025-10-31,2025-11-05,87.9898,86.5067,-1.6854916103780537,3,stop,2025
XLY,pullback_rsi2_200d,2025-10-31,2025-10-31,119.5882,119.1308,-0.38248661015483076,0,strength,2025
MDY,pullback_rsi2_200d,2025-10-31,2025-11-05,586.2405,585.812,-0.0730820677769195,3,strength,2025
XLU,pullback_rsi2_200d,2025-11-03,2025-11-07,43.6424,43.8781,0.5400523308988436,4,strength,2025
IWM,pullback_rsi2_200d,2025-11-05,2025-11-05,240.3922,242.6088,0.9221006719160707,0,strength,2025
XLI,pullback_rsi2_200d,2025-11-05,2025-11-07,151.0451,151.8525,0.534558488640946,2,strength,2025
EFA,pullback_rsi2_200d,2025-11-05,2025-11-07,90.6699,91.0876,0.4607109182042324,2,strength,2025
XLK,pullback_rsi2_200d,2025-11-07,2025-11-10,142.9227,147.0353,2.8775187937702063,1,strength,2025
IWM,pullback_rsi2_200d,2025-11-14,2025-11-21,231.828,233.6057,0.7668149680790881,5,strength,2025
XLI,pullback_rsi2_200d,2025-11-14,2025-11-24,149.9932,148.5546,-0.959117240770635,6,strength,2025
XLY,pullback_rsi2_200d,2025-11-14,2025-11-20,114.1056,109.8438,-3.734913614275248,4,stop,2025
SPY,pullback_rsi2_200d,2025-11-18,2025-11-24,657.3163,662.5719,0.7995637836817338,4,strength,2025
DIA,pullback_rsi2_200d,2025-11-18,2025-11-21,457.6192,457.6757,0.012327220417263085,3,strength,2025
XLF,pullback_rsi2_200d,2025-11-18,2025-11-21,50.7132,50.9968,0.5592235136296253,3,strength,2025
QQQ,pullback_rsi2_200d,2025-11-18,2025-11-24,598.0351,602.3546,0.7222862245164441,4,strength,2025
EEM,pullback_rsi2_200d,2025-11-18,2025-11-21,52.898,51.4472,-2.7425730509313517,3,stop,2025
EFA,pullback_rsi2_200d,2025-11-18,2025-11-21,89.8278,89.4938,-0.37184461105261857,3,strength,2025
MDY,pullback_rsi2_200d,2025-11-18,2025-11-21,567.9689,576.7887,1.5528641025721823,3,strength,2025
SMH,pullback_rsi2_200d,2025-11-19,2025-11-24,334.1052,337.73,1.0849195254637678,3,strength,2025
XLK,pullback_rsi2_200d,2025-11-19,2025-11-24,139.114,139.1644,0.036247937833078225,3,strength,2025
TLT,pullback_rsi2_200d,2025-12-08,2025-12-10,86.3037,86.2485,-0.06399345650389687,2,strength,2025
XLU,pullback_rsi2_200d,2025-12-08,2025-12-11,42.5297,42.112,-0.9820014633773355,3,strength,2025
XLV,pullback_rsi2_200d,2025-12-09,2025-12-10,150.224,150.0619,-0.10787574945505529,1,strength,2025
TLT,pullback_rsi2_200d,2025-12-15,2025-12-16,85.8437,85.8285,-0.017777854657086145,1,strength,2025
XLK,pullback_rsi2_200d,2025-12-16,2025-12-19,141.4919,143.886,1.691992993535929,3,strength,2025
QQQ,pullback_rsi2_200d,2025-12-16,2025-12-18,606.6523,606.2863,-0.06033472430865272,2,strength,2025
SMH,pullback_rsi2_200d,2025-12-17,2025-12-19,352.1472,354.7699,0.7447777984608495,2,strength,2025
XLE,pullback_rsi2_200d,2025-12-17,2025-12-22,43.2049,43.5649,0.8333904132183934,3,strength,2025
EEM,pullback_rsi2_200d,2025-12-17,2025-12-18,53.0376,52.872,-0.31222320892476674,1,strength,2025
SPY,pullback_rsi2_200d,2025-12-18,2025-12-19,672.7043,676.3153,0.5367984880868537,1,strength,2025
IWM,pullback_rsi2_200d,2025-12-31,2026-01-05,247.3987,251.431,1.6298801830111787,2,strength,2025
XLY,pullback_rsi2_200d,2025-12-31,2026-01-05,120.0795,119.7002,-0.3158117543079264,2,strength,2025
SPY,pullback_rsi2_200d,2026-01-02,2026-01-05,682.7673,683.4005,0.09274306725490788,1,strength,2026
DIA,pullback_rsi2_200d,2026-01-02,2026-01-05,478.7463,485.643,1.440574980017817,1,strength,2026
XLK,pullback_rsi2_200d,2026-01-02,2026-01-06,145.4212,146.1471,0.4992027050984449,2,strength,2026
QQQ,pullback_rsi2_200d,2026-01-02,2026-01-05,619.218,615.9176,-0.5329833248998828,1,strength,2026
XLI,pullback_rsi2_200d,2026-01-02,2026-01-02,154.9579,156.9935,1.3136848267500056,0,strength,2026
MDY,pullback_rsi2_200d,2026-01-02,2026-01-02,603.4938,607.6858,0.6946250157363609,0,strength,2026
TLT,pullback_rsi2_200d,2026-01-05,2026-01-07,85.6473,86.0743,0.49850321144611076,2,strength,2026
XLF,pullback_rsi2_200d,2026-01-14,2026-01-26,53.6395,52.8984,-1.3815274022741741,7,strength,2026
SPY,pullback_rsi2_200d,2026-01-21,2026-01-22,676.7333,684.6526,1.170225431252292,1,strength,2026
DIA,pullback_rsi2_200d,2026-01-21,2026-01-22,482.7164,489.7073,1.4482311374058865,1,strength,2026
XLK,pullback_rsi2_200d,2026-01-21,2026-01-22,142.5753,144.3832,1.2680542039681608,1,strength,2026
QQQ,pullback_rsi2_200d,2026-01-21,2026-01-22,608.6423,618.6784,1.6489333838203057,1,strength,2026
TLT,pullback_rsi2_200d,2026-01-21,2026-01-22,85.274,85.9762,0.8235008881427808,1,strength,2026
XLY,pullback_rsi2_200d,2026-01-21,2026-01-22,119.0525,122.0087,2.483044688843128,1,strength,2026
XLU,pullback_rsi2_200d,2026-01-26,2026-01-26,42.1766,42.2599,0.19752651971440827,0,strength,2026
XLV,pullback_rsi2_200d,2026-01-29,2026-02-02,153.0969,154.2174,0.7318821090874117,2,strength,2026
IWM,pullback_rsi2_200d,2026-02-02,2026-02-03,257.6663,261.4293,1.4604366213845532,1,strength,2026
TLT,pullback_rsi2_200d,2026-02-02,2026-02-05,85.8171,86.0984,0.3277571128886825,3,strength,2026
MDY,pullback_rsi2_200d,2026-02-02,2026-02-03,622.8971,630.1221,1.1598979225971862,1,strength,2026
GLD,pullback_rsi2_200d,2026-02-03,2026-02-06,453.0826,455.0045,0.4241823517257881,3,strength,2026
XLU,pullback_rsi2_200d,2026-02-03,2026-02-03,42.1371,42.6247,1.157075065806512,0,strength,2026
SMH,pullback_rsi2_200d,2026-02-05,2026-02-06,379.5192,401.2483,5.725452581910351,1,strength,2026
XLK,pullback_rsi2_200d,2026-02-05,2026-02-06,137.0233,140.6461,2.643952098741731,1,strength,2026
QQQ,pullback_rsi2_200d,2026-02-05,2026-02-09,599.395,612.26,2.1463369963696133,2,strength,2026
SPY,pullback_rsi2_200d,2026-02-06,2026-02-06,678.5355,686.2823,1.1416829694433916,0,strength,2026
IWM,pullback_rsi2_200d,2026-02-06,2026-02-06,258.9223,263.6578,1.8289398977225702,0,strength,2026
XLY,pullback_rsi2_200d,2026-02-06,2026-02-10,115.3437,117.7401,2.0776055217552436,2,strength,2026
SPY,pullback_rsi2_200d,2026-02-13,2026-02-18,678.7645,681.9794,0.47364335455644113,2,strength,2026
XLY,pullback_rsi2_200d,2026-02-13,2026-02-18,115.6528,116.4366,0.6777454159476726,2,strength,2026
IWM,pullback_rsi2_200d,2026-02-24,2026-02-25,259.5802,263.2201,1.4022094114428674,1,strength,2026
XLY,pullback_rsi2_200d,2026-03-03,2026-03-04,112.7614,115.8097,2.7033222953484204,1,strength,2026
EFA,pullback_rsi2_200d,2026-03-03,2026-03-09,97.2104,94.746,-2.535086158142996,4,stop,2026
SMH,pullback_rsi2_200d,2026-03-04,2026-03-09,396.6462,393.9756,-0.6733014311693708,3,strength,2026
SPY,pullback_rsi2_200d,2026-03-04,2026-03-09,678.7048,659.8439,-2.7789522496232566,3,stop,2026
DIA,pullback_rsi2_200d,2026-03-04,2026-03-06,484.2014,470.1572,-2.9004904140441434,2,stop,2026
EEM,pullback_rsi2_200d,2026-03-04,2026-03-09,58.3055,58.0896,-0.37025254249124506,3,strength,2026
XLB,pullback_rsi2_200d,2026-03-04,2026-03-06,51.9462,49.8469,-4.0413844872281945,2,stop,2026
TLT,pullback_rsi2_200d,2026-03-06,2026-03-09,87.3888,88.1128,0.8284885125247721,1,strength,2026
XLV,pullback_rsi2_200d,2026-03-06,2026-03-18,151.6379,146.8116,-3.1827669268497893,8,stop,2026
XLP,pullback_rsi2_200d,2026-03-06,2026-03-16,83.9467,83.8381,-0.1292752308418854,6,strength,2026
MDY,pullback_rsi2_200d,2026-03-06,2026-03-17,625.0187,617.3184,-1.2320128294676547,7,strength,2026
IWM,pullback_rsi2_200d,2026-03-09,2026-03-17,246.8106,249.2073,0.9710874880945353,6,strength,2026
XLI,pullback_rsi2_200d,2026-03-09,2026-03-17,167.4246,165.4604,-1.1732239737408223,6,strength,2026
XLU,pullback_rsi2_200d,2026-03-12,2026-03-13,45.4362,46.2917,1.8829762721426446,1,strength,2026
SPY,pullback_rsi2_200d,2026-03-13,2026-03-17,666.3979,666.5768,0.026845388495333466,2,strength,2026
DIA,pullback_rsi2_200d,2026-03-13,2026-03-17,467.6619,467.681,0.004074367053186201,2,strength,2026
QQQ,pullback_rsi2_200d,2026-03-13,2026-03-17,598.9155,601.2869,0.39594662909823164,2,strength,2026
TLT,pullback_rsi2_200d,2026-03-13,2026-03-17,86.0135,86.3551,0.39716973177845727,2,strength,2026
EFA,pullback_rsi2_200d,2026-03-13,2026-03-16,96.2446,96.4752,0.2395808629696683,1,strength,2026
XLB,pullback_rsi2_200d,2026-03-13,2026-03-19,49.6726,47.2051,-4.967385031725547,4,gap_stop,2026
GLD,pullback_rsi2_200d,2026-03-16,2026-03-19,461.7313,419.9396,-9.051073069374215,3,gap_stop,2026
XLP,pullback_rsi2_200d,2026-03-19,2026-03-25,81.673,80.8674,-0.9864110341773036,4,strength,2026
XLV,pullback_rsi2_200d,2026-03-20,2026-03-25,145.385,145.4523,0.046293186973778155,3,strength,2026
GLD,pullback_rsi2_200d,2026-03-23,2026-03-25,405.5251,415.8737,2.5519019755919192,2,strength,2026
XLI,pullback_rsi2_200d,2026-03-23,2026-03-24,163.8609,163.4339,-0.2606131312674287,1,strength,2026
EEM,pullback_rsi2_200d,2026-03-23,2026-03-25,56.6524,57.066,0.7299594083006733,2,strength,2026
EFA,pullback_rsi2_200d,2026-03-23,2026-03-25,94.1359,95.0591,0.9807186460412343,2,strength,2026
XLB,pullback_rsi2_200d,2026-03-23,2026-03-24,47.2707,48.2212,2.010961062587291,1,strength,2026
XLU,pullback_rsi2_200d,2026-03-23,2026-03-25,44.6896,44.9179,0.5109929526343926,2,strength,2026
SMH,pullback_rsi2_200d,2026-03-31,2026-03-31,369.1087,383.0166,3.767958473785038,0,strength,2026
XLI,pullback_rsi2_200d,2026-03-31,2026-03-31,158.4688,161.1717,1.705647118304121,0,strength,2026
XLE,pullback_rsi2_200d,2026-04-10,2026-04-16,56.8174,56.1187,-1.2297464081149956,4,strength,2026
XLU,pullback_rsi2_200d,2026-04-22,2026-04-23,45.0974,45.7518,1.4510651323760282,1,strength,2026
GLD,pullback_rsi2_200d,2026-04-29,2026-05-06,417.1567,430.529,3.205582043903177,5,strength,2026
XLB,pullback_rsi2_200d,2026-04-29,2026-05-05,51.3495,51.2867,-0.12227885312847686,4,strength,2026
XLI,pullback_rsi2_200d,2026-04-30,2026-04-30,171.2402,173.9774,1.59845183836691,0,strength,2026
EFA,pullback_rsi2_200d,2026-04-30,2026-04-30,99.8414,100.6253,0.785199801194647,0,strength,2026
XLE,pullback_rsi2_200d,2026-05-07,2026-05-11,55.5254,56.7039,2.1223789943559668,2,strength,2026
XLU,pullback_rsi2_200d,2026-05-07,2026-05-12,45.3759,44.8584,-1.14048306900707,3,strength,2026
GLD,pullback_rsi2_200d,2026-05-15,2026-05-21,418.0577,416.573,-0.35513149977883796,4,strength,2026
XLB,pullback_rsi2_200d,2026-05-18,2026-05-21,50.1927,49.7838,-0.8145094104091366,3,strength,2026
IWM,pullback_rsi2_200d,2026-05-19,2026-05-20,273.4336,278.9268,2.0089912801962484,1,strength,2026
XLI,pullback_rsi2_200d,2026-05-20,2026-05-21,168.9835,169.9414,0.5668505740457297,1,strength,2026
EEM,pullback_rsi2_200d,2026-05-20,2026-05-20,64.2207,65.0564,1.301305690094634,0,strength,2026
MDY,pullback_rsi2_200d,2026-05-20,2026-05-20,654.8767,662.1184,1.1058145775588057,0,strength,2026
XLP,pullback_rsi2_200d,2026-05-27,2026-05-28,83.5245,83.7644,0.2872129822146796,1,strength,2026
GLD,pullback_rsi2_200d,2026-05-28,2026-05-29,406.8865,416.7029,2.412560835012023,1,strength,2026
XLE,pullback_rsi2_200d,2026-05-28,2026-06-01,57.1951,56.8328,-0.6333375284737652,2,strength,2026
XLU,pullback_rsi2_200d,2026-06-01,2026-06-04,43.6651,43.6175,-0.10887120631294378,3,strength,2026
XLP,pullback_rsi2_200d,2026-06-02,2026-06-05,81.4369,82.7822,1.651967836122048,3,strength,2026
XLY,pullback_rsi2_200d,2026-06-03,2026-06-11,116.5145,115.9526,-0.48217653925598514,6,strength,2026
SMH,pullback_rsi2_200d,2026-06-08,2026-06-11,597.8072,608.8406,1.845633443306105,3,strength,2026
SPY,pullback_rsi2_200d,2026-06-08,2026-06-09,742.1913,725.5382,-2.243775032123685,1,stop,2026
XLK,pullback_rsi2_200d,2026-06-08,2026-06-09,185.1844,175.2354,-5.372500688205517,1,stop,2026
QQQ,pullback_rsi2_200d,2026-06-08,2026-06-09,717.739,692.5524,-3.509166923357543,1,stop,2026
EEM,pullback_rsi2_200d,2026-06-08,2026-06-11,65.7941,67.0838,1.960247987937458,3,strength,2026
XLB,pullback_rsi2_200d,2026-06-08,2026-06-11,50.4719,50.9782,1.0030915557247333,3,strength,2026
SPY,pullback_rsi2_200d,2026-06-11,2026-06-11,727.6143,735.1284,1.0327067794050349,0,strength,2026
DIA,pullback_rsi2_200d,2026-06-11,2026-06-11,502.3225,507.4659,1.0239234914691142,0,strength,2026
XLE,pullback_rsi2_200d,2026-06-18,2026-06-23,53.8061,54.4055,1.1140648482202975,2,strength,2026
XLV,pullback_rsi2_200d,2026-06-18,2026-06-23,150.7564,152.0278,0.8433603066536399,2,strength,2026
XLP,pullback_rsi2_200d,2026-06-18,2026-06-23,83.3455,83.6363,0.3488474125680652,2,strength,2026
XLB,pullback_rsi2_200d,2026-06-24,2026-06-25,50.9209,51.7882,1.7032137114490364,1,strength,2026
XLU,sma50_bullish_bounce,2011-08-18,2011-08-18,9.8248,9.8353,0.10736714958210491,0,thesis,2011
XLU,sma50_bullish_bounce,2011-08-25,2011-09-09,10.1937,9.8987,-2.893879126266974,10,thesis,2011
XLP,sma50_bullish_bounce,2011-08-30,2011-09-02,20.4959,20.2613,-1.1446470244527718,3,thesis,2011
XLP,sma50_bullish_bounce,2011-09-08,2011-09-09,20.5026,20.0342,-2.2844299915870336,1,thesis,2011
XLU,sma50_bullish_bounce,2011-09-13,2011-10-04,10.0304,9.9571,-0.7310539305766417,15,thesis,2011
QQQ,sma50_bullish_bounce,2011-09-16,2011-09-22,49.4993,46.9249,-5.2008574159484455,4,stop,2011
XLP,sma50_bullish_bounce,2011-09-16,2011-09-21,20.7435,20.1842,-2.69641373726347,3,thesis,2011
XLV,sma50_bullish_bounce,2011-09-19,2011-09-19,25.4378,25.5274,0.35243057470795147,0,thesis,2011
XLU,sma50_bullish_bounce,2011-10-07,2011-10-28,10.1786,10.6735,4.862124122174749,15,time,2011
XLP,sma50_bullish_bounce,2011-10-10,2011-10-31,20.4267,20.8769,2.203786674509889,15,time,2011
TLT,sma50_bullish_bounce,2011-10-26,2011-10-27,76.9543,73.9842,-3.859583343533868,1,stop,2011
GLD,sma50_bullish_bounce,2011-10-28,2011-10-31,169.8096,167.1727,-1.5529053927521352,1,thesis,2011
TLT,sma50_bullish_bounce,2011-11-01,2011-11-22,79.3732,81.003,2.053372314071056,15,time,2011
GLD,sma50_bullish_bounce,2011-11-03,2011-11-21,171.3412,164.479,-4.004969338151687,12,stop,2011
XLP,sma50_bullish_bounce,2011-11-29,2011-12-20,20.8513,21.724,4.185061657052724,15,time,2011
GLD,sma50_bullish_bounce,2011-11-30,2011-12-12,169.8697,162.1877,-4.522313859344173,8,gap_stop,2011
XLU,sma50_bullish_bounce,2011-11-30,2011-12-21,10.6796,10.9534,2.5633693492387755,15,time,2011
XLK,sma50_bullish_bounce,2011-12-01,2011-12-13,10.5572,10.5031,-0.5122891108995553,8,thesis,2011
QQQ,sma50_bullish_bounce,2011-12-01,2011-12-08,49.6578,49.33,-0.6600456141860112,5,thesis,2011
TLT,sma50_bullish_bounce,2011-12-05,2011-12-09,78.4228,78.0721,-0.4471613409902542,4,thesis,2011
QQQ,sma50_bullish_bounce,2011-12-12,2011-12-12,49.693,49.5586,-0.2705502668653881,0,thesis,2011
TLT,sma50_bullish_bounce,2011-12-14,2012-01-05,80.2929,79.0552,-1.5414110738869446,14,thesis,2011
XLY,sma50_bullish_bounce,2011-12-21,2012-01-13,16.2953,17.026,4.483617452902422,15,time,2011
XLK,sma50_bullish_bounce,2011-12-27,2011-12-28,10.5868,10.4952,-0.8648501857891122,1,thesis,2011
XLK,sma50_bullish_bounce,2011-12-30,2011-12-30,10.5826,10.5408,-0.3954838801335514,0,thesis,2011
TLT,sma50_bullish_bounce,2012-01-09,2012-01-19,79.6641,79.4042,-0.3261651809948085,7,thesis,2012
XLU,sma50_bullish_bounce,2012-01-17,2012-01-19,10.8394,10.6543,-1.7072428818804775,2,thesis,2012
GLD,sma50_bullish_bounce,2012-01-24,2012-02-14,161.9718,166.9529,3.0752682464145087,15,time,2012
XLU,sma50_bullish_bounce,2012-01-24,2012-01-24,10.6818,10.6266,-0.5172693238582382,0,thesis,2012
XLU,sma50_bullish_bounce,2012-01-26,2012-01-30,10.8456,10.6389,-1.9053331803168483,2,thesis,2012
TLT,sma50_bullish_bounce,2012-02-01,2012-02-03,80.7178,78.3289,-2.95963400892324,2,stop,2012
XLU,sma50_bullish_bounce,2012-02-02,2012-02-02,10.7622,10.7098,-0.4862487547167116,0,thesis,2012
XLU,sma50_bullish_bounce,2012-02-06,2012-02-06,10.7436,10.6913,-0.4867429268638035,0,thesis,2012
XLU,sma50_bullish_bounce,2012-02-08,2012-02-09,10.8147,10.7499,-0.598875378292163,1,thesis,2012
XLU,sma50_bullish_bounce,2012-02-17,2012-02-21,10.8548,10.7653,-0.8246352726621442,1,thesis,2012
XLU,sma50_bullish_bounce,2012-02-23,2012-02-23,10.8116,10.7684,-0.39939972921189115,0,thesis,2012
XLU,sma50_bullish_bounce,2012-02-27,2012-02-28,10.8239,10.7591,-0.5985551701145897,1,thesis,2012
TLT,sma50_bullish_bounce,2012-02-28,2012-02-28,80.1246,79.4802,-0.8042947234164655,0,thesis,2012
XLU,sma50_bullish_bounce,2012-03-06,2012-03-06,10.7838,10.7591,-0.2283832559743959,0,thesis,2012
SMH,sma50_bullish_bounce,2012-03-07,2012-03-28,14.2165,15.0704,6.005967544626989,15,time,2012
IWM,sma50_bullish_bounce,2012-03-08,2012-03-29,65.8705,68.4791,3.960165208694577,15,time,2012
XLV,sma50_bullish_bounce,2012-03-08,2012-03-29,28.3956,29.4442,3.6927074015929096,15,time,2012
XLI,sma50_bullish_bounce,2012-03-08,2012-03-29,28.2205,28.6804,1.6296871668352697,15,time,2012
GLD,sma50_bullish_bounce,2012-03-09,2012-03-13,163.8036,162.1377,-1.0170325558978455,2,thesis,2012
XLB,sma50_bullish_bounce,2012-03-09,2012-03-12,13.6827,13.5476,-0.9877518844039979,1,thesis,2012
XLU,sma50_bullish_bounce,2012-03-09,2012-03-19,10.8517,10.7467,-0.9682076474754053,6,thesis,2012
XLB,sma50_bullish_bounce,2012-03-14,2012-03-22,13.7982,13.629,-1.2261769229282016,6,thesis,2012
EEM,sma50_bullish_bounce,2012-03-22,2012-03-22,31.3568,31.126,-0.7359833236685542,0,thesis,2012
EEM,sma50_bullish_bounce,2012-03-27,2012-03-28,31.972,31.2064,-2.3947329151156604,1,thesis,2012
XLB,sma50_bullish_bounce,2012-03-27,2012-03-28,14.0228,13.7298,-2.0893354694763833,1,thesis,2012
XLU,sma50_bullish_bounce,2012-03-27,2012-04-10,10.8648,10.6564,-1.9180356946732036,9,stop,2012
EFA,sma50_bullish_bounce,2012-03-30,2012-04-04,35.4575,34.4677,-2.791473967453517,3,stop,2012
XLI,sma50_bullish_bounce,2012-04-03,2012-04-05,28.9769,28.4648,-1.7674813555383362,2,thesis,2012
EEM,sma50_bullish_bounce,2012-04-03,2012-04-03,31.9427,31.645,-0.9321100606691224,0,thesis,2012
XLB,sma50_bullish_bounce,2012-04-03,2012-04-04,13.9816,13.6924,-2.0682074137930773,1,thesis,2012
SMH,sma50_bullish_bounce,2012-04-09,2012-04-09,14.6543,14.6038,-0.3445198609007716,0,thesis,2012
TLT,sma50_bullish_bounce,2012-04-10,2012-05-01,78.5375,78.8954,0.45571402985828957,15,time,2012
SMH,sma50_bullish_bounce,2012-04-13,2012-04-13,14.871,14.6505,-1.4833144580815194,0,thesis,2012
SPY,sma50_bullish_bounce,2012-04-13,2012-04-13,108.1593,106.9065,-1.1583792949381277,0,thesis,2012
DIA,sma50_bullish_bounce,2012-04-13,2012-04-13,96.4875,95.6097,-0.9098026642801349,0,thesis,2012
SMH,sma50_bullish_bounce,2012-04-18,2012-04-19,14.701,14.6929,-0.05553183379461979,1,thesis,2012
SPY,sma50_bullish_bounce,2012-04-18,2012-04-19,108.1515,107.3585,-0.733153514346141,1,thesis,2012
DIA,sma50_bullish_bounce,2012-04-18,2012-04-19,97.1964,96.4586,-0.7590379906334821,1,thesis,2012
XLK,sma50_bullish_bounce,2012-04-18,2012-04-20,12.3944,12.166,-1.8424973846273285,2,thesis,2012
QQQ,sma50_bullish_bounce,2012-04-18,2012-04-23,58.9748,57.2504,-2.923931717163053,3,stop,2012
DIA,sma50_bullish_bounce,2012-04-23,2012-04-23,96.1655,96.182,0.017256914735352957,0,thesis,2012
XLU,sma50_bullish_bounce,2012-04-23,2012-05-14,10.8679,11.1667,2.748969230384013,15,time,2012
DIA,sma50_bullish_bounce,2012-04-25,2012-05-04,97.4801,96.9797,-0.5133862261472388,7,thesis,2012
XLF,sma50_bullish_bounce,2012-04-25,2012-05-04,9.6099,9.4284,-1.8891124856654784,7,thesis,2012
SPY,sma50_bullish_bounce,2012-04-26,2012-05-04,108.4874,106.7973,-1.5578824347103781,6,thesis,2012
QQQ,sma50_bullish_bounce,2012-04-26,2012-05-04,58.842,57.1865,-2.8135133472101836,6,thesis,2012
MDY,sma50_bullish_bounce,2012-04-26,2012-05-03,150.079,149.3525,-0.4841419394242652,5,thesis,2012
XLB,sma50_bullish_bounce,2012-04-26,2012-04-26,13.6638,13.7148,0.3737616519545517,0,thesis,2012
IWM,sma50_bullish_bounce,2012-04-27,2012-04-30,67.7077,67.1521,-0.8206023316083888,1,thesis,2012
XLI,sma50_bullish_bounce,2012-04-27,2012-04-30,28.7995,28.4956,-1.055319638113128,1,thesis,2012
SMH,sma50_bullish_bounce,2012-04-30,2012-04-30,14.7605,14.6717,-0.6021027406288515,0,thesis,2012
XLB,sma50_bullish_bounce,2012-04-30,2012-04-30,13.776,13.685,-0.6603385240045223,0,thesis,2012
SMH,sma50_bullish_bounce,2012-05-02,2012-05-03,14.6883,14.4808,-1.4126358689820373,1,thesis,2012
XLE,sma50_bullish_bounce,2012-05-02,2012-05-02,21.6745,21.4621,-0.9799212035889737,0,thesis,2012
XLI,sma50_bullish_bounce,2012-05-02,2012-05-03,28.4369,28.357,-0.28097378507930815,1,thesis,2012
XLB,sma50_bullish_bounce,2012-05-02,2012-05-02,13.7124,13.6999,-0.09093465409094614,0,thesis,2012
XLK,sma50_bullish_bounce,2012-05-03,2012-05-04,12.486,12.1354,-2.8076589174806155,1,stop,2012
IWM,sma50_bullish_bounce,2012-05-03,2012-05-03,67.4434,66.4514,-1.4708300125282014,0,thesis,2012
XLV,sma50_bullish_bounce,2012-05-08,2012-05-09,29.1,29.0182,-0.2810985633584506,1,thesis,2012
XLP,sma50_bullish_bounce,2012-05-09,2012-05-15,23.1747,23.0943,-0.3470350361692742,4,thesis,2012
XLV,sma50_bullish_bounce,2012-05-11,2012-05-14,29.2265,29.0971,-0.44271319218514016,1,thesis,2012
XLP,sma50_bullish_bounce,2012-05-17,2012-05-17,23.2362,23.0056,-0.9925656690655482,0,thesis,2012
XLP,sma50_bullish_bounce,2012-05-25,2012-05-25,23.1952,23.1216,-0.3174571206935983,0,thesis,2012
XLP,sma50_bullish_bounce,2012-05-30,2012-05-30,23.2226,23.0943,-0.5523553265324277,0,thesis,2012
XLP,sma50_bullish_bounce,2012-06-11,2012-06-25,23.4072,23.1503,-1.0974184050790314,10,thesis,2012
XLV,sma50_bullish_bounce,2012-06-15,2012-07-09,29.3999,29.9994,2.038965213588284,15,time,2012
DIA,sma50_bullish_bounce,2012-06-18,2012-06-21,95.207,93.9977,-1.2701962607197803,3,thesis,2012
SPY,sma50_bullish_bounce,2012-06-19,2012-06-21,106.058,103.7775,-2.1502729273012777,2,thesis,2012
XLK,sma50_bullish_bounce,2012-06-20,2012-06-21,12.0538,11.7502,-2.518299202447072,1,thesis,2012
QQQ,sma50_bullish_bounce,2012-06-20,2012-06-21,57.1486,55.5373,-2.8195973942879538,1,thesis,2012
IWM,sma50_bullish_bounce,2012-06-20,2012-06-21,64.9739,63.1544,-2.8004126153230224,1,thesis,2012
XLI,sma50_bullish_bounce,2012-06-20,2012-06-20,27.4398,27.3231,-0.4253425269044153,0,thesis,2012
XLY,sma50_bullish_bounce,2012-06-20,2012-06-21,18.7977,18.3017,-2.6383867093063285,1,thesis,2012
XLB,sma50_bullish_bounce,2012-06-20,2012-06-21,13.2679,12.7648,-3.7913483035368456,1,thesis,2012
SMH,sma50_bullish_bounce,2012-06-21,2012-06-21,13.8595,13.3949,-3.3520317973958935,0,thesis,2012
IWM,sma50_bullish_bounce,2012-06-28,2012-06-28,63.7279,64.0396,0.4891029638965705,0,thesis,2012
XLP,sma50_bullish_bounce,2012-06-28,2012-07-20,23.2861,24.0708,3.3697471318629546,15,time,2012
SMH,sma50_bullish_bounce,2012-07-02,2012-07-06,13.7788,13.3525,-3.0934439464229913,3,thesis,2012
XLK,sma50_bullish_bounce,2012-07-02,2012-07-10,12.0413,11.8086,-1.931834753212558,5,thesis,2012
QQQ,sma50_bullish_bounce,2012-07-02,2012-07-11,57.0332,55.8296,-2.1103762523115632,6,thesis,2012
XLI,sma50_bullish_bounce,2012-07-02,2012-07-10,27.7188,26.7181,-3.6104141234616027,5,stop,2012
XLY,sma50_bullish_bounce,2012-07-02,2012-07-10,18.6318,18.3654,-1.4299481431737093,5,thesis,2012
MDY,sma50_bullish_bounce,2012-07-02,2012-07-10,144.9319,142.6531,-1.5723307239137951,5,thesis,2012
XLF,sma50_bullish_bounce,2012-07-09,2012-07-30,9.0715,9.2416,1.8750768537993068,15,time,2012
SPY,sma50_bullish_bounce,2012-07-13,2012-08-03,105.1002,109.1921,3.8933399403989766,15,time,2012
IWM,sma50_bullish_bounce,2012-07-13,2012-07-24,65.6286,63.1705,-3.745526457300441,7,stop,2012
DIA,sma50_bullish_bounce,2012-07-16,2012-08-06,95.545,98.2487,2.8298028318468393,15,time,2012
XLK,sma50_bullish_bounce,2012-07-16,2012-07-24,11.8156,11.7586,-0.48226349384077327,6,thesis,2012
QQQ,sma50_bullish_bounce,2012-07-16,2012-07-25,56.1367,55.4044,-1.3045046689298512,7,thesis,2012
XLI,sma50_bullish_bounce,2012-07-16,2012-07-16,26.9049,26.7893,-0.42981512998386817,0,thesis,2012
XLY,sma50_bullish_bounce,2012-07-16,2012-07-23,18.4489,18.2975,-0.8210019491024845,5,thesis,2012
MDY,sma50_bullish_bounce,2012-07-16,2012-07-23,143.9395,141.7214,-1.5410194293630552,5,thesis,2012
XLB,sma50_bullish_bounce,2012-07-16,2012-08-02,13.0348,12.9224,-0.8618794149398035,13,thesis,2012
XLI,sma50_bullish_bounce,2012-07-19,2012-07-24,27.5328,26.7584,-2.812804555884718,3,thesis,2012
XLV,sma50_bullish_bounce,2012-07-26,2012-08-16,30.1548,30.6734,1.7199321290280123,15,time,2012
XLY,sma50_bullish_bounce,2012-07-27,2012-08-17,18.5637,19.2822,3.8699563228378198,15,time,2012
IWM,sma50_bullish_bounce,2012-07-30,2012-08-01,66.0021,63.8326,-3.287153729395176,2,thesis,2012
XLF,sma50_bullish_bounce,2012-08-03,2012-08-24,9.2412,9.4925,2.7194848287056317,15,time,2012
IWM,sma50_bullish_bounce,2012-08-06,2012-08-27,65.3215,67.0797,2.691562088711108,15,time,2012
XLU,sma50_bullish_bounce,2012-08-21,2012-08-21,11.6897,11.5847,-0.8982729879157825,0,thesis,2012
XLP,sma50_bullish_bounce,2012-08-27,2012-09-12,24.5389,24.3318,-0.843704318087346,11,thesis,2012
TLT,sma50_bullish_bounce,2012-09-04,2012-09-06,86.9073,85.1551,-2.016158356717135,2,thesis,2012
XLB,sma50_bullish_bounce,2012-09-04,2012-09-04,13.4183,13.2038,-1.5979537952098721,0,thesis,2012
XLB,sma50_bullish_bounce,2012-09-06,2012-09-27,13.3844,13.9595,4.296357177867183,15,time,2012
SMH,sma50_bullish_bounce,2012-09-14,2012-09-20,14.0423,13.6834,-2.5558624051806644,4,thesis,2012
XLP,sma50_bullish_bounce,2012-09-14,2012-10-05,24.7729,25.2576,1.9567927675935737,15,time,2012
XLI,sma50_bullish_bounce,2012-09-28,2012-10-10,28.4522,28.2629,-0.665047996390844,8,thesis,2012
XLU,sma50_bullish_bounce,2012-10-04,2012-10-24,11.6575,11.5517,-0.9076158700809023,14,thesis,2012
TLT,sma50_bullish_bounce,2012-10-12,2012-10-16,85.134,83.5327,-1.8809388933122784,2,thesis,2012
XLE,sma50_bullish_bounce,2012-10-16,2012-10-23,22.4019,21.7221,-3.0343893996888527,5,stop,2012
SPY,sma50_bullish_bounce,2012-10-16,2012-10-23,114.265,111.7522,-2.1991286944005872,5,gap_stop,2012
DIA,sma50_bullish_bounce,2012-10-16,2012-10-22,101.7432,99.8715,-1.8397123656590297,4,stop,2012
IWM,sma50_bullish_bounce,2012-10-16,2012-10-19,69.2258,68.0646,-1.6773677533183373,3,thesis,2012
XLI,sma50_bullish_bounce,2012-10-16,2012-10-22,28.7018,28.5666,-0.4711031046364278,4,thesis,2012
XLY,sma50_bullish_bounce,2012-10-16,2012-10-23,20.0113,19.5301,-2.4043176002774502,5,stop,2012
XLP,sma50_bullish_bounce,2012-10-16,2012-10-19,25.0795,24.7042,-1.4962269746207624,3,thesis,2012
MDY,sma50_bullish_bounce,2012-10-16,2012-10-19,151.596,151.0744,-0.3440732136903435,3,thesis,2012
XLB,sma50_bullish_bounce,2012-10-16,2012-10-23,13.9194,13.6313,-2.069531023709903,5,thesis,2012
GLD,sma50_bullish_bounce,2012-10-23,2012-10-23,166.206,165.2646,-0.5664479066958328,0,thesis,2012
XLU,sma50_bullish_bounce,2012-10-26,2012-11-02,11.6289,11.5073,-1.0457222860289161,3,thesis,2012
EFA,sma50_bullish_bounce,2012-10-31,2012-11-07,35.6749,35.1678,-1.4213862492767237,5,thesis,2012
TLT,sma50_bullish_bounce,2012-11-01,2012-11-01,84.242,83.7861,-0.5412183176024099,0,thesis,2012
XLV,sma50_bullish_bounce,2012-11-02,2012-11-07,32.2771,31.5238,-2.3338644751552007,3,stop,2012
XLI,sma50_bullish_bounce,2012-11-02,2012-11-07,29.1387,28.3534,-2.695058226924729,3,stop,2012
XLY,sma50_bullish_bounce,2012-11-02,2012-11-07,20.1052,19.7583,-1.725087548624904,3,thesis,2012
MDY,sma50_bullish_bounce,2012-11-02,2012-11-02,154.5546,151.4109,-2.0340398644025037,0,thesis,2012
XLB,sma50_bullish_bounce,2012-11-02,2012-11-02,13.9798,13.6049,-2.6819947826017043,0,thesis,2012
XLF,sma50_bullish_bounce,2012-11-06,2012-11-07,10.1129,9.8324,-2.7731107566943303,1,stop,2012
TLT,sma50_bullish_bounce,2012-11-06,2012-11-06,84.0911,83.4026,-0.818717891808296,0,thesis,2012
MDY,sma50_bullish_bounce,2012-11-06,2012-11-07,153.1301,150.494,-1.7214923922386993,1,thesis,2012
XLB,sma50_bullish_bounce,2012-11-07,2012-11-07,13.7077,13.6238,-0.6125430193235082,0,thesis,2012
TLT,sma50_bullish_bounce,2012-11-09,2012-12-03,86.2045,85.5359,-0.7755265317512694,15,time,2012
GLD,sma50_bullish_bounce,2012-11-26,2012-11-27,169.7296,168.5413,-0.7000907008232082,1,thesis,2012
XLF,sma50_bullish_bounce,2012-11-26,2012-11-26,9.9487,9.9415,-0.07315887012401268,0,thesis,2012
XLI,sma50_bullish_bounce,2012-11-26,2012-12-17,28.5536,29.5632,3.5359644608029317,15,time,2012
XLY,sma50_bullish_bounce,2012-11-26,2012-12-17,20.0497,20.312,1.308475454427449,15,time,2012
XLP,sma50_bullish_bounce,2012-11-26,2012-11-26,24.6081,24.4967,-0.4528152198092217,0,thesis,2012
EEM,sma50_bullish_bounce,2012-11-26,2012-11-27,30.7314,30.5368,-0.6330786249807763,1,thesis,2012
MDY,sma50_bullish_bounce,2012-11-26,2012-12-17,151.6298,155.3394,2.446509618536674,15,time,2012
XLP,sma50_bullish_bounce,2012-11-29,2012-12-20,24.7467,24.8149,0.2754181401547706,15,time,2012
EEM,sma50_bullish_bounce,2012-11-29,2012-12-20,30.9389,32.5751,5.28825629804035,15,time,2012
EFA,sma50_bullish_bounce,2012-11-29,2012-12-07,36.3629,35.4631,-2.474720656377871,6,stop,2012
IWM,sma50_bullish_bounce,2012-11-30,2012-12-21,68.6592,70.6169,2.851421012781863,15,time,2012
XLV,sma50_bullish_bounce,2012-11-30,2012-12-21,32.1253,32.2183,0.2892890141158011,15,time,2012
XLB,sma50_bullish_bounce,2012-11-30,2012-12-03,13.84,13.586,-1.8350180317760256,1,thesis,2012
XLF,sma50_bullish_bounce,2012-12-06,2012-12-28,10.0119,10.2573,2.451898394759122,15,time,2012
SPY,sma50_bullish_bounce,2012-12-07,2012-12-28,112.5048,111.093,-1.2548809052164822,14,thesis,2012
DIA,sma50_bullish_bounce,2012-12-10,2012-12-28,99.8255,98.0221,-1.806529103831378,13,thesis,2012
XLE,sma50_bullish_bounce,2012-12-12,2012-12-13,22.0232,21.7872,-1.071607284243059,1,thesis,2012
QQQ,sma50_bullish_bounce,2012-12-12,2012-12-13,59.0386,58.0233,-1.719690006464425,1,thesis,2012
XLB,sma50_bullish_bounce,2012-12-12,2013-01-04,13.8891,14.7145,5.942567246259922,15,time,2012
TLT,sma50_bullish_bounce,2012-12-17,2012-12-17,84.9096,83.5392,-1.6139730714629263,0,thesis,2012
XLE,sma50_bullish_bounce,2012-12-18,2012-12-27,21.9438,21.7696,-0.7940338704738314,6,thesis,2012
QQQ,sma50_bullish_bounce,2012-12-18,2012-12-26,58.6469,57.6229,-1.7461487096052775,5,thesis,2012
XLU,sma50_bullish_bounce,2012-12-18,2012-12-24,11.3491,11.2841,-0.5721821792828097,4,thesis,2012
XLK,sma50_bullish_bounce,2012-12-19,2012-12-26,12.3974,12.0457,-2.8369492581636235,4,stop,2012
TLT,sma50_bullish_bounce,2012-12-31,2012-12-31,84.6624,83.3311,-1.5724914795670952,0,thesis,2012
XLE,sma50_bullish_bounce,2013-01-02,2013-01-24,22.3902,23.3318,4.205328009851583,15,time,2013
SPY,sma50_bullish_bounce,2013-01-02,2013-01-24,115.3537,118.5346,2.757544185236571,15,time,2013
DIA,sma50_bullish_bounce,2013-01-02,2013-01-24,101.2014,104.9312,3.685566112876826,15,time,2013
QQQ,sma50_bullish_bounce,2013-01-02,2013-01-24,59.7345,59.5526,-0.3044803659061901,15,time,2013
XLY,sma50_bullish_bounce,2013-01-02,2013-01-24,20.7581,21.5911,4.012713905511234,15,time,2013
EEM,sma50_bullish_bounce,2013-02-07,2013-02-07,32.7105,32.4069,-0.9281020148688257,0,thesis,2013
EEM,sma50_bullish_bounce,2013-02-11,2013-02-20,32.6508,32.526,-0.382209683978596,6,thesis,2013
XLK,sma50_bullish_bounce,2013-02-25,2013-02-25,12.5995,12.33,-2.1389662812149934,0,thesis,2013
QQQ,sma50_bullish_bounce,2013-02-25,2013-02-25,60.4864,59.2399,-2.0608104930133653,0,thesis,2013
EFA,sma50_bullish_bounce,2013-02-25,2013-02-25,39.3497,38.477,-2.2178969601624243,0,stop,2013
XLE,sma50_bullish_bounce,2013-02-27,2013-03-20,23.4645,24.1625,2.9748976356869017,15,time,2013
XLK,sma50_bullish_bounce,2013-02-27,2013-03-20,12.4096,12.8246,3.3440830703613145,15,time,2013
XLY,sma50_bullish_bounce,2013-02-27,2013-03-20,21.484,22.5371,4.901747540790091,15,time,2013
QQQ,sma50_bullish_bounce,2013-02-28,2013-03-21,60.2,60.8276,1.0426082020564387,15,time,2013
EFA,sma50_bullish_bounce,2013-02-28,2013-03-21,38.9684,39.2844,0.8108806780627642,15,time,2013
EEM,sma50_bullish_bounce,2013-03-11,2013-03-11,32.7702,32.6749,-0.29067430255653726,0,thesis,2013
SMH,sma50_bullish_bounce,2013-03-25,2013-03-25,15.2633,15.1028,-1.0515886267240315,0,thesis,2013
SMH,sma50_bullish_bounce,2013-03-27,2013-04-01,15.1591,15.1548,-0.02828512661857685,2,thesis,2013
EFA,sma50_bullish_bounce,2013-03-27,2013-04-01,39.0019,38.8439,-0.4051828730710527,2,thesis,2013
XLB,sma50_bullish_bounce,2013-03-27,2013-04-01,14.8583,14.8401,-0.12268573653667625,2,thesis,2013
XLK,sma50_bullish_bounce,2013-04-05,2013-04-05,12.5239,12.575,0.4081208453587504,0,thesis,2013
QQQ,sma50_bullish_bounce,2013-04-05,2013-04-17,60.429,60.9888,0.9264029928205186,8,thesis,2013
IWM,sma50_bullish_bounce,2013-04-05,2013-04-15,76.2923,75.795,-0.6518722852153491,6,thesis,2013
XLI,sma50_bullish_bounce,2013-04-05,2013-04-15,31.974,31.8943,-0.2491315084302781,6,thesis,2013
EFA,sma50_bullish_bounce,2013-04-05,2013-04-05,38.9417,39.231,0.7430035205316043,0,thesis,2013
MDY,sma50_bullish_bounce,2013-04-05,2013-04-15,171.3406,171.4132,0.04238083025831507,6,thesis,2013
XLF,sma50_bullish_bounce,2013-04-08,2013-04-18,11.4789,11.3415,-1.1972690867899094,8,thesis,2013
XLK,sma50_bullish_bounce,2013-04-09,2013-04-15,12.685,12.6342,-0.3998328727403022,4,thesis,2013
EFA,sma50_bullish_bounce,2013-04-09,2013-04-17,39.45,39.2577,-0.4874565247617757,6,thesis,2013
XLE,sma50_bullish_bounce,2013-04-10,2013-04-12,24.2571,23.9994,-1.0623295727406945,2,thesis,2013
SMH,sma50_bullish_bounce,2013-04-11,2013-04-15,15.3198,14.9858,-2.1799322713195957,2,thesis,2013
XLB,sma50_bullish_bounce,2013-04-11,2013-04-12,14.9732,14.8019,-1.1439039655713024,1,thesis,2013
SMH,sma50_bullish_bounce,2013-04-17,2013-04-17,15.1547,14.9208,-1.5438177838031142,0,thesis,2013
XLK,sma50_bullish_bounce,2013-04-17,2013-04-17,12.7019,12.5285,-1.365296310822306,0,thesis,2013
MDY,sma50_bullish_bounce,2013-04-17,2013-04-17,173.1057,171.3709,-1.0021545424231282,0,thesis,2013
SPY,sma50_bullish_bounce,2013-04-22,2013-05-13,124.3865,130.3217,4.771574121635802,15,time,2013
XLF,sma50_bullish_bounce,2013-04-22,2013-05-13,11.549,12.2829,6.35443924348853,15,time,2013
EFA,sma50_bullish_bounce,2013-04-22,2013-05-13,39.5303,41.8278,5.8118750598577185,15,time,2013
MDY,sma50_bullish_bounce,2013-04-22,2013-05-13,173.2839,183.0835,5.655220861620758,15,time,2013
SMH,sma50_bullish_bounce,2013-04-23,2013-05-14,15.4066,16.6196,7.873109242339393,15,time,2013
QQQ,sma50_bullish_bounce,2013-04-23,2013-05-14,62.071,65.8332,6.061133198706092,15,time,2013
IWM,sma50_bullish_bounce,2013-04-24,2013-05-01,77.7841,77.2334,-0.7080634190130053,5,thesis,2013
XLK,sma50_bullish_bounce,2013-04-25,2013-05-16,12.7231,13.4844,5.98368721875937,15,time,2013
XLI,sma50_bullish_bounce,2013-04-25,2013-05-01,32.5817,32.2251,-1.0943758151290561,4,thesis,2013
XLB,sma50_bullish_bounce,2013-04-25,2013-05-16,15.0727,15.5966,3.4758364640125494,15,time,2013
EEM,sma50_bullish_bounce,2013-04-26,2013-04-26,31.6662,31.4466,-0.6935092742774485,0,thesis,2013
XLE,sma50_bullish_bounce,2013-04-30,2013-05-01,24.0629,23.7071,-1.478486602575746,1,thesis,2013
EEM,sma50_bullish_bounce,2013-04-30,2013-05-21,31.9496,32.3399,1.2215970665310438,15,time,2013
XLE,sma50_bullish_bounce,2013-05-03,2013-05-24,24.2355,25.1409,3.735819723865186,15,time,2013
IWM,sma50_bullish_bounce,2013-05-03,2013-05-24,79.672,82.3307,3.3369757388814314,15,time,2013
XLI,sma50_bullish_bounce,2013-05-03,2013-05-24,33.0474,34.4307,4.185937542680929,15,time,2013
XLU,sma50_bullish_bounce,2013-05-13,2013-05-22,12.8776,12.7936,-0.6523219792568424,7,thesis,2013
EEM,sma50_bullish_bounce,2013-05-24,2013-05-24,31.5319,31.4689,-0.19980019980020414,0,thesis,2013
EFA,sma50_bullish_bounce,2013-05-31,2013-05-31,40.4734,40.0988,-0.9254976394866721,0,thesis,2013
XLE,sma50_bullish_bounce,2013-06-07,2013-06-20,24.92,24.1343,-3.1526245009959597,9,stop,2013
SPY,sma50_bullish_bounce,2013-06-07,2013-06-20,130.8302,127.5429,-2.5125943665280093,9,stop,2013
DIA,sma50_bullish_bounce,2013-06-07,2013-06-20,116.1254,113.4941,-2.2659617090108886,9,stop,2013
QQQ,sma50_bullish_bounce,2013-06-07,2013-06-20,65.2292,63.5623,-2.555518240962973,9,stop,2013
XLV,sma50_bullish_bounce,2013-06-07,2013-06-12,38.9457,38.5299,-1.067625561601071,3,thesis,2013
XLY,sma50_bullish_bounce,2013-06-07,2013-06-20,24.1891,23.6936,-2.048250278768571,9,thesis,2013
MDY,sma50_bullish_bounce,2013-06-07,2013-06-12,182.0075,178.5527,-1.898171170724905,3,thesis,2013
XLB,sma50_bullish_bounce,2013-06-07,2013-06-12,15.2833,15.1343,-0.9747917515716575,3,thesis,2013
SMH,sma50_bullish_bounce,2013-06-14,2013-06-20,16.5226,16.0519,-2.8488920318175293,4,thesis,2013
XLK,sma50_bullish_bounce,2013-06-14,2013-06-20,13.3843,13.0463,-2.525248459312124,4,stop,2013
XLV,sma50_bullish_bounce,2013-06-14,2013-06-20,39.0989,37.8551,-3.1810688371368023,4,stop,2013
MDY,sma50_bullish_bounce,2013-06-14,2013-06-20,182.0754,176.5298,-3.0457441178591282,4,stop,2013
XLB,sma50_bullish_bounce,2013-06-14,2013-06-20,15.3943,14.9853,-2.6569663416561196,4,thesis,2013
XLP,sma50_bullish_bounce,2013-06-18,2013-06-19,28.9238,28.395,-1.8283171518946095,1,thesis,2013
EFA,sma50_bullish_bounce,2013-06-19,2013-06-19,40.8279,40.0187,-1.9819468475543833,0,thesis,2013
IWM,sma50_bullish_bounce,2013-06-24,2013-06-24,79.9923,79.6642,-0.41010992521289813,0,thesis,2013
XLF,sma50_bullish_bounce,2013-06-27,2013-07-19,12.4467,13.2393,6.3680094246873375,15,time,2013
XLY,sma50_bullish_bounce,2013-06-27,2013-07-19,24.206,25.6932,6.143549440338636,15,time,2013
DIA,sma50_bullish_bounce,2013-06-28,2013-06-28,114.9486,114.1274,-0.7144437604032161,0,thesis,2013
IWM,sma50_bullish_bounce,2013-06-28,2013-07-22,82.0909,88.3094,7.575155222566443,15,time,2013
XLI,sma50_bullish_bounce,2013-06-28,2013-07-02,33.954,33.7358,-0.6428192877262262,2,thesis,2013
MDY,sma50_bullish_bounce,2013-07-02,2013-07-24,181.6498,190.0665,4.633466783493079,15,time,2013
SMH,sma50_bullish_bounce,2013-07-08,2013-07-08,16.6094,16.2556,-2.130579686426848,0,thesis,2013
XLE,sma50_bullish_bounce,2013-07-08,2013-07-29,24.8907,25.4469,2.234674076396592,15,time,2013
SPY,sma50_bullish_bounce,2013-07-08,2013-07-29,131.5304,135.0568,2.68105462686552,15,time,2013
DIA,sma50_bullish_bounce,2013-07-08,2013-07-29,116.8425,119.1872,2.0067186520445146,15,time,2013
XLK,sma50_bullish_bounce,2013-07-08,2013-07-08,13.3496,13.2464,-0.7729995084529317,0,thesis,2013
QQQ,sma50_bullish_bounce,2013-07-08,2013-07-29,65.6696,67.5775,2.905350939280904,15,time,2013
XLV,sma50_bullish_bounce,2013-07-08,2013-07-29,39.2597,41.2183,4.988937843366292,15,time,2013
XLI,sma50_bullish_bounce,2013-07-08,2013-07-29,34.4142,35.4776,3.0900260221492726,15,time,2013
XLP,sma50_bullish_bounce,2013-07-10,2013-07-31,28.8786,29.2879,1.4173828069130145,15,time,2013
SMH,sma50_bullish_bounce,2013-07-11,2013-07-24,16.8179,16.4982,-1.9004829262516787,9,thesis,2013
XLK,sma50_bullish_bounce,2013-07-11,2013-08-01,13.503,13.6333,0.965071355026148,15,time,2013
EFA,sma50_bullish_bounce,2013-07-12,2013-08-02,40.7887,42.0013,2.9727182217021086,15,time,2013
XLU,sma50_bullish_bounce,2013-07-12,2013-08-02,12.5971,12.9317,2.6561093570866667,15,time,2013
XLB,sma50_bullish_bounce,2013-07-18,2013-08-08,15.4852,15.8392,2.286446197294123,15,time,2013
SMH,sma50_bullish_bounce,2013-07-26,2013-07-26,16.5443,16.5199,-0.1474104422975464,0,thesis,2013
SMH,sma50_bullish_bounce,2013-07-31,2013-08-07,16.6659,16.5589,-0.641858365242598,5,thesis,2013
SMH,sma50_bullish_bounce,2013-08-14,2013-08-15,16.6181,16.1992,-2.520742581531621,1,thesis,2013
XLE,sma50_bullish_bounce,2013-08-16,2013-08-19,25.216,24.7142,-1.9898284147935819,1,thesis,2013
XLV,sma50_bullish_bounce,2013-08-20,2013-08-21,40.1183,39.8845,-0.5826316096266493,1,thesis,2013
IWM,sma50_bullish_bounce,2013-08-21,2013-08-27,86.0822,85.1245,-1.1125479719095055,4,thesis,2013
XLY,sma50_bullish_bounce,2013-08-21,2013-08-21,25.1828,24.9858,-0.7821252880755303,0,thesis,2013
MDY,sma50_bullish_bounce,2013-08-21,2013-08-21,187.0065,186.1229,-0.4724866025535346,0,thesis,2013
XLE,sma50_bullish_bounce,2013-08-23,2013-08-27,25.2284,25.0759,-0.6042341830948095,2,thesis,2013
SPY,sma50_bullish_bounce,2013-08-23,2013-08-27,133.6897,131.0855,-1.94789349956358,2,stop,2013
XLK,sma50_bullish_bounce,2013-08-23,2013-08-27,13.6776,13.3948,-2.067548380650086,2,stop,2013
XLV,sma50_bullish_bounce,2013-08-23,2013-08-27,40.2317,39.6501,-1.4455476280193946,2,thesis,2013
XLY,sma50_bullish_bounce,2013-08-23,2013-08-26,25.3297,25.1885,-0.5573712483750493,1,thesis,2013
MDY,sma50_bullish_bounce,2013-08-23,2013-08-27,189.1356,184.6104,-2.392554483113507,2,stop,2013
XLE,sma50_bullish_bounce,2013-08-29,2013-09-20,25.4979,26.1023,2.370488997977671,15,time,2013
EFA,sma50_bullish_bounce,2013-08-29,2013-08-29,40.8502,40.8026,-0.11644012967620965,0,thesis,2013
IWM,sma50_bullish_bounce,2013-08-30,2013-08-30,86.3361,84.8034,-1.7752329476873996,0,thesis,2013
XLB,sma50_bullish_bounce,2013-08-30,2013-09-23,15.6356,16.3674,4.680306739676343,15,time,2013
SMH,sma50_bullish_bounce,2013-09-05,2013-09-26,16.6746,17.456,4.686243521146216,15,time,2013
XLK,sma50_bullish_bounce,2013-09-05,2013-09-26,13.5328,13.8573,2.398147626534519,15,time,2013
XLV,sma50_bullish_bounce,2013-09-05,2013-09-26,40.6691,41.153,1.1898660244105352,15,time,2013
XLI,sma50_bullish_bounce,2013-09-05,2013-09-26,35.5645,37.367,5.068271961368831,15,time,2013
XLY,sma50_bullish_bounce,2013-09-05,2013-09-05,25.4032,25.3265,-0.3016676455220302,0,thesis,2013
EFA,sma50_bullish_bounce,2013-09-05,2013-09-26,41.3483,43.9219,6.224070278142668,15,time,2013
SPY,sma50_bullish_bounce,2013-09-10,2013-10-01,135.3674,136.3189,0.7029493697157996,15,time,2013
IWM,sma50_bullish_bounce,2013-09-10,2013-10-01,88.5286,91.3568,3.1946935778064844,15,time,2013
XLY,sma50_bullish_bounce,2013-09-10,2013-10-01,25.6754,26.4391,2.974073845586833,15,time,2013
MDY,sma50_bullish_bounce,2013-09-10,2013-10-01,190.0553,195.5623,2.8975726724802975,15,time,2013
XLF,sma50_bullish_bounce,2013-09-11,2013-09-12,12.9458,12.8625,-0.643812515011255,1,thesis,2013
DIA,sma50_bullish_bounce,2013-09-12,2013-09-27,118.4927,117.6209,-0.7357205859676252,11,thesis,2013
XLP,sma50_bullish_bounce,2013-09-19,2013-09-23,29.6302,29.039,-1.9951801268575764,2,stop,2013
XLU,sma50_bullish_bounce,2013-09-19,2013-09-20,12.6987,12.3919,-2.41603049535557,1,thesis,2013
XLU,sma50_bullish_bounce,2013-09-24,2013-09-25,12.5722,12.448,-0.9877674671216696,1,thesis,2013
XLV,sma50_bullish_bounce,2013-09-30,2013-10-08,40.9426,40.5198,-1.0325148983139298,6,thesis,2013
XLE,sma50_bullish_bounce,2013-10-01,2013-10-08,25.7313,25.5184,-0.8274240094475083,5,thesis,2013
XLK,sma50_bullish_bounce,2013-10-01,2013-10-08,13.7267,13.4686,-1.880230801355809,5,thesis,2013
SPY,sma50_bullish_bounce,2013-10-03,2013-10-07,136.1482,134.7814,-1.0039042849392277,2,thesis,2013
XLI,sma50_bullish_bounce,2013-10-08,2013-10-08,36.6528,36.1341,-1.415026268578501,0,thesis,2013
EFA,sma50_bullish_bounce,2013-10-10,2013-10-31,43.341,44.8686,3.5244483133669124,15,time,2013
XLE,sma50_bullish_bounce,2013-10-11,2013-11-01,25.8371,26.7359,3.4787051636864907,15,time,2013
SPY,sma50_bullish_bounce,2013-10-11,2013-11-01,136.245,141.8492,4.113379469467815,15,time,2013
XLF,sma50_bullish_bounce,2013-10-11,2013-11-01,12.9455,13.221,2.1280074908296642,15,time,2013
XLK,sma50_bullish_bounce,2013-10-11,2013-11-01,13.7481,14.3785,4.58514719915577,15,time,2013
XLV,sma50_bullish_bounce,2013-10-11,2013-11-01,41.4387,43.1173,4.05079510257742,15,time,2013
XLY,sma50_bullish_bounce,2013-10-11,2013-11-01,26.0932,27.4945,5.370432068475117,15,time,2013
XLP,sma50_bullish_bounce,2013-10-11,2013-11-01,28.84,30.2707,4.960593543946157,15,time,2013
XLU,sma50_bullish_bounce,2013-10-11,2013-10-15,12.5358,12.3424,-1.5431447399290144,2,thesis,2013
DIA,sma50_bullish_bounce,2013-10-14,2013-11-04,117.0666,120.7297,3.1290717576893945,15,time,2013
XLU,sma50_bullish_bounce,2013-10-17,2013-11-07,12.4432,12.8839,3.5417137576878366,15,time,2013
SMH,sma50_bullish_bounce,2013-11-11,2013-11-19,17.5387,17.5296,-0.051526320013028926,6,thesis,2013
XLF,sma50_bullish_bounce,2013-11-11,2013-12-03,13.4016,13.6249,1.6660417676738426,15,time,2013
IWM,sma50_bullish_bounce,2013-11-11,2013-12-03,92.5497,94.7281,2.353806042820228,15,time,2013
EFA,sma50_bullish_bounce,2013-11-14,2013-12-04,44.5967,44.2283,-0.8259738181035758,13,thesis,2013
EEM,sma50_bullish_bounce,2013-11-18,2013-11-20,32.3467,31.5203,-2.554904379466827,2,thesis,2013
SMH,sma50_bullish_bounce,2013-11-22,2013-12-16,17.6776,17.8113,0.7563098995799544,15,time,2013
EEM,sma50_bullish_bounce,2013-12-02,2013-12-02,31.8857,31.2713,-1.9266099305575213,0,thesis,2013
XLB,sma50_bullish_bounce,2013-12-05,2013-12-27,16.9856,17.9228,5.517662141596502,15,time,2013
EFA,sma50_bullish_bounce,2013-12-09,2013-12-09,44.5284,44.4735,-0.12332028323239763,0,thesis,2013
XLU,sma50_bullish_bounce,2013-12-09,2013-12-09,12.7377,12.6164,-0.9515443377708377,0,thesis,2013
IWM,sma50_bullish_bounce,2013-12-13,2014-01-07,93.407,97.5418,4.426690798798805,15,time,2013
MDY,sma50_bullish_bounce,2013-12-13,2014-01-07,200.5487,207.6897,3.5607461699250775,15,time,2013
SMH,sma50_bullish_bounce,2013-12-19,2014-01-13,18.1857,18.2974,0.6144326761434282,15,time,2013
XLE,sma50_bullish_bounce,2013-12-19,2014-01-13,26.8797,26.5765,-1.128017728787456,15,thesis,2013
SPY,sma50_bullish_bounce,2013-12-19,2014-01-13,146.1421,147.0548,0.6244961513019565,15,time,2013
XLF,sma50_bullish_bounce,2013-12-19,2014-01-13,13.8642,13.9789,0.8270472443600463,15,time,2013
XLK,sma50_bullish_bounce,2013-12-19,2014-01-13,14.8909,14.9988,0.7245216233970453,15,time,2013
XLV,sma50_bullish_bounce,2013-12-19,2014-01-13,44.6106,45.8703,2.8238379865177077,15,time,2013
XLP,sma50_bullish_bounce,2013-12-19,2014-01-03,30.4312,30.4003,-0.10132677167031812,9,thesis,2013
EFA,sma50_bullish_bounce,2013-12-23,2014-01-15,45.0795,46.0543,2.162262928849512,15,time,2013
EEM,sma50_bullish_bounce,2013-12-31,2014-01-02,31.7087,30.8043,-2.85199052187719,1,stop,2013
XLU,sma50_bullish_bounce,2014-01-13,2014-01-13,12.7703,12.6247,-1.1405635783200196,0,thesis,2014
XLY,sma50_bullish_bounce,2014-01-15,2014-01-23,28.5738,27.9949,-2.02600609788951,5,stop,2014
XLU,sma50_bullish_bounce,2014-01-17,2014-02-10,12.7336,13.0719,2.6568813965916593,15,time,2014
XLE,sma50_bullish_bounce,2014-01-22,2014-01-23,27.18,26.876,-1.1182660800474586,1,thesis,2014
SMH,sma50_bullish_bounce,2014-01-29,2014-01-29,18.1091,18.1257,0.09193957122268781,0,thesis,2014
IWM,sma50_bullish_bounce,2014-01-29,2014-01-29,95.3259,94.6762,-0.6814966655218635,0,thesis,2014
SMH,sma50_bullish_bounce,2014-01-31,2014-01-31,18.0738,18.1257,0.28737907282121444,0,thesis,2014
QQQ,sma50_bullish_bounce,2014-01-31,2014-02-03,77.469,76.1845,-1.6581604344220957,1,thesis,2014
MDY,sma50_bullish_bounce,2014-01-31,2014-01-31,202.6059,204.1418,0.7580742461034573,0,thesis,2014
XLV,sma50_bullish_bounce,2014-02-05,2014-02-05,45.219,44.9005,-0.7044766429407434,0,thesis,2014
XLV,sma50_bullish_bounce,2014-02-07,2014-03-03,45.3088,48.0872,6.132161857146445,15,time,2014
SMH,sma50_bullish_bounce,2014-02-10,2014-03-04,18.2679,19.3453,5.897662854891328,15,time,2014
XLK,sma50_bullish_bounce,2014-02-10,2014-03-04,15.0977,15.6384,3.581782227227226,15,time,2014
QQQ,sma50_bullish_bounce,2014-02-10,2014-03-04,79.0358,82.4182,4.279530596678804,15,time,2014
XLB,sma50_bullish_bounce,2014-02-11,2014-03-05,17.5685,18.6198,5.983720049156793,15,time,2014
SPY,sma50_bullish_bounce,2014-02-12,2014-03-06,147.8033,152.3076,3.047473750059382,15,time,2014
XLF,sma50_bullish_bounce,2014-02-12,2014-02-19,13.9165,13.7727,-1.03298793647979,4,thesis,2014
XLI,sma50_bullish_bounce,2014-02-12,2014-03-06,40.6844,42.234,3.8086914099331404,15,time,2014
EFA,sma50_bullish_bounce,2014-02-12,2014-03-06,45.3962,46.7344,2.9477972227691884,15,time,2014
MDY,sma50_bullish_bounce,2014-02-12,2014-03-06,206.9748,215.8801,4.302622666109346,15,time,2014
IWM,sma50_bullish_bounce,2014-02-14,2014-03-10,96.8255,101.4449,4.770872297402606,15,time,2014
XLE,sma50_bullish_bounce,2014-02-18,2014-03-11,26.9392,27.1974,0.9584597403310635,15,time,2014
DIA,sma50_bullish_bounce,2014-02-18,2014-02-19,125.9884,124.8192,-0.9280353339847558,1,thesis,2014
XLY,sma50_bullish_bounce,2014-02-18,2014-02-19,28.5042,28.1085,-1.3882506414869211,1,thesis,2014
DIA,sma50_bullish_bounce,2014-02-21,2014-03-14,125.8448,125.258,-0.4662311209560177,15,thesis,2014
XLY,sma50_bullish_bounce,2014-02-21,2014-03-14,28.4215,28.5993,0.6253710986440897,15,time,2014
XLF,sma50_bullish_bounce,2014-02-25,2014-02-25,13.9617,13.8565,-0.753471409960671,0,thesis,2014
XLP,sma50_bullish_bounce,2014-02-26,2014-03-19,30.1952,30.5582,1.2021459495679343,15,time,2014
XLF,sma50_bullish_bounce,2014-02-28,2014-03-03,13.9423,13.8693,-0.52322485962496,1,thesis,2014
TLT,sma50_bullish_bounce,2014-03-10,2014-03-31,75.5971,77.6964,2.7769505743604928,15,time,2014
XLE,sma50_bullish_bounce,2014-03-13,2014-04-03,27.2957,28.3754,3.9557282292604246,15,time,2014
EFA,sma50_bullish_bounce,2014-03-13,2014-03-13,45.8711,44.7701,-2.4001470421721405,0,stop,2014
DIA,sma50_bullish_bounce,2014-03-18,2014-04-08,127.1026,126.7868,-0.24840976973865558,15,time,2014
EFA,sma50_bullish_bounce,2014-03-19,2014-03-19,45.6233,45.0238,-1.3140418415635735,0,thesis,2014
XLI,sma50_bullish_bounce,2014-03-21,2014-04-11,41.803,40.8684,-2.235764401695084,15,thesis,2014
XLV,sma50_bullish_bounce,2014-03-26,2014-03-28,47.7848,47.1986,-1.226735975688642,2,thesis,2014
EFA,sma50_bullish_bounce,2014-03-26,2014-04-11,45.8229,45.5184,-0.6645033499278585,12,thesis,2014
MDY,sma50_bullish_bounce,2014-03-31,2014-04-07,213.6556,209.4567,-1.9652776499395008,5,thesis,2014
IWM,sma50_bullish_bounce,2014-04-01,2014-04-04,99.6296,97.6062,-2.0309789318453397,3,thesis,2014
XLV,sma50_bullish_bounce,2014-04-01,2014-04-07,48.0716,46.9696,-2.2924080120561574,4,thesis,2014
QQQ,sma50_bullish_bounce,2014-04-02,2014-04-04,81.66,79.1932,-3.020858770626056,2,stop,2014
XLY,sma50_bullish_bounce,2014-04-02,2014-04-04,28.6681,28.1665,-1.7499042397259523,2,thesis,2014
TLT,sma50_bullish_bounce,2014-04-04,2014-04-28,77.1724,79.1031,2.501744893346469,15,time,2014
SPY,sma50_bullish_bounce,2014-04-09,2014-04-10,151.1845,148.8988,-1.511848316137443,1,thesis,2014
XLF,sma50_bullish_bounce,2014-04-09,2014-04-10,14.2078,13.9272,-1.9745845075935575,1,thesis,2014
XLK,sma50_bullish_bounce,2014-04-09,2014-04-10,15.586,15.3479,-1.5275197478121227,1,thesis,2014
XLV,sma50_bullish_bounce,2014-04-10,2014-04-10,47.6618,46.1011,-3.274646445548124,0,stop,2014
MDY,sma50_bullish_bounce,2014-04-10,2014-04-10,212.8996,208.0936,-2.2574119380836977,0,thesis,2014
GLD,sma50_bullish_bounce,2014-04-11,2014-04-15,127.167,125.3645,-1.4174530110529937,2,thesis,2014
DIA,sma50_bullish_bounce,2014-04-15,2014-05-07,126.5242,128.9995,1.9563692203286909,15,time,2014
EFA,sma50_bullish_bounce,2014-04-15,2014-04-15,45.7954,45.5871,-0.4548107444823257,0,thesis,2014
SMH,sma50_bullish_bounce,2014-04-16,2014-04-25,19.6972,19.5522,-0.736235866171786,6,thesis,2014
XLI,sma50_bullish_bounce,2014-04-16,2014-05-08,41.6018,42.5304,2.231975130659425,15,time,2014
XLB,sma50_bullish_bounce,2014-04-16,2014-04-28,18.383,18.358,-0.13600394018540296,7,thesis,2014
SPY,sma50_bullish_bounce,2014-04-17,2014-05-09,151.4125,152.8009,0.9169549960204693,15,time,2014
XLF,sma50_bullish_bounce,2014-04-17,2014-04-21,14.1559,14.1212,-0.24548505597001835,1,thesis,2014
XLK,sma50_bullish_bounce,2014-04-17,2014-04-23,15.5125,15.4901,-0.1442473064114047,3,thesis,2014
EFA,sma50_bullish_bounce,2014-04-17,2014-05-09,46.3116,46.8649,1.1946000874148766,15,time,2014
XLF,sma50_bullish_bounce,2014-04-23,2014-04-25,14.2337,14.1276,-0.744974158321654,2,thesis,2014
MDY,sma50_bullish_bounce,2014-04-23,2014-04-25,213.2518,210.1682,-1.445969262474911,2,thesis,2014
XLK,sma50_bullish_bounce,2014-04-29,2014-05-20,15.6292,15.8264,1.2622162146444182,15,time,2014
XLF,sma50_bullish_bounce,2014-04-30,2014-05-05,14.1689,14.16,-0.06293323856318978,3,thesis,2014
XLB,sma50_bullish_bounce,2014-04-30,2014-05-21,18.4691,18.788,1.7262961958320222,15,time,2014
SMH,sma50_bullish_bounce,2014-05-01,2014-05-01,19.6752,19.5214,-0.7815913505731409,0,thesis,2014
SMH,sma50_bullish_bounce,2014-05-09,2014-05-09,19.7413,19.6402,-0.5120229273715915,0,thesis,2014
SMH,sma50_bullish_bounce,2014-05-13,2014-05-14,20.006,19.6579,-1.7402705651982209,1,thesis,2014
XLF,sma50_bullish_bounce,2014-05-13,2014-05-14,14.3568,14.2052,-1.055507927417798,1,thesis,2014
QQQ,sma50_bullish_bounce,2014-05-13,2014-05-15,80.4934,79.2682,-1.5220879641531182,2,thesis,2014
XLV,sma50_bullish_bounce,2014-05-13,2014-05-15,47.9896,47.3948,-1.2394187376347898,2,thesis,2014
MDY,sma50_bullish_bounce,2014-05-13,2014-05-14,215.0471,211.7541,-1.5312895498791002,1,thesis,2014
SPY,sma50_bullish_bounce,2014-05-19,2014-06-10,152.8869,159.0118,4.006139923790952,15,time,2014
DIA,sma50_bullish_bounce,2014-05-19,2014-06-10,128.8905,132.7158,2.967899814230024,15,time,2014
QQQ,sma50_bullish_bounce,2014-05-19,2014-06-10,79.7094,84.517,6.03133824478681,15,time,2014
XLV,sma50_bullish_bounce,2014-05-19,2014-06-10,47.6536,49.1124,3.0611004147531817,15,time,2014
XLU,sma50_bullish_bounce,2014-05-19,2014-05-19,14.1715,13.9615,-1.482022900718194,0,thesis,2014
SMH,sma50_bullish_bounce,2014-05-20,2014-05-20,19.7943,19.6931,-0.5111879286037957,0,thesis,2014
SMH,sma50_bullish_bounce,2014-05-22,2014-06-13,19.9134,21.5114,8.02478152075694,15,time,2014
XLF,sma50_bullish_bounce,2014-05-23,2014-06-16,14.2531,14.5479,2.0683033904639103,15,time,2014
XLY,sma50_bullish_bounce,2014-05-23,2014-06-16,28.2185,28.7285,1.8073538750494444,15,time,2014
MDY,sma50_bullish_bounce,2014-05-23,2014-06-16,212.7708,219.1267,2.9872144942910017,15,time,2014
XLU,sma50_bullish_bounce,2014-05-23,2014-05-23,14.0805,14.0523,-0.19980019980018193,0,thesis,2014
IWM,sma50_bullish_bounce,2014-05-28,2014-05-28,96.8107,96.3274,-0.4992130941766204,0,thesis,2014
XLU,sma50_bullish_bounce,2014-05-29,2014-06-11,14.2727,14.1836,-0.6241908706193788,9,thesis,2014
IWM,sma50_bullish_bounce,2014-05-30,2014-05-30,96.8106,96.2165,-0.6136907404747816,0,thesis,2014
IWM,sma50_bullish_bounce,2014-06-06,2014-06-27,98.4679,100.8884,2.4582263893866196,15,time,2014
TLT,sma50_bullish_bounce,2014-06-06,2014-06-19,80.6225,79.6219,-1.2410807209629282,9,thesis,2014
XLU,sma50_bullish_bounce,2014-06-16,2014-07-08,14.3603,14.5899,1.5989455485644566,15,time,2014
GLD,sma50_bullish_bounce,2014-06-20,2014-07-14,126.4463,125.5943,-0.6738341432910411,15,time,2014
TLT,sma50_bullish_bounce,2014-06-23,2014-06-23,80.5865,79.9735,-0.7607799656157099,0,thesis,2014
TLT,sma50_bullish_bounce,2014-06-25,2014-07-02,81.3199,79.9135,-1.7294371422335586,5,thesis,2014
XLI,sma50_bullish_bounce,2014-06-30,2014-07-10,43.8606,43.3616,-1.1376979072096338,7,thesis,2014
XLP,sma50_bullish_bounce,2014-06-30,2014-07-22,32.3755,32.6085,0.719722032127712,15,time,2014
TLT,sma50_bullish_bounce,2014-07-09,2014-07-30,81.2125,82.2445,1.2707038730512155,15,time,2014
EFA,sma50_bullish_bounce,2014-07-10,2014-07-10,47.2234,47.4598,0.5007107974197567,0,thesis,2014
IWM,sma50_bullish_bounce,2014-07-11,2014-07-17,98.7687,96.2607,-2.539249813122957,4,thesis,2014
XLI,sma50_bullish_bounce,2014-07-14,2014-07-17,43.9495,43.3858,-1.2826052493818296,3,thesis,2014
XLU,sma50_bullish_bounce,2014-07-16,2014-07-17,14.5205,14.3592,-1.111307548786078,1,thesis,2014
XLI,sma50_bullish_bounce,2014-07-21,2014-07-24,43.7798,43.4988,-0.6419772032944637,3,thesis,2014
EFA,sma50_bullish_bounce,2014-07-21,2014-07-21,47.576,47.6006,0.05169478176905162,0,thesis,2014
MDY,sma50_bullish_bounce,2014-07-21,2014-07-28,220.2533,219.3403,-0.41454080709512064,5,thesis,2014
XLU,sma50_bullish_bounce,2014-07-21,2014-07-25,14.5171,14.4033,-0.7842443849909841,4,thesis,2014
IWM,sma50_bullish_bounce,2014-07-23,2014-07-25,98.6229,97.2192,-1.4233476793830246,2,thesis,2014
XLP,sma50_bullish_bounce,2014-07-25,2014-07-28,32.6883,32.3544,-1.021694214556812,1,thesis,2014
GLD,sma50_bullish_bounce,2014-07-28,2014-07-31,125.5654,123.2666,-1.8307848153498618,3,thesis,2014
DIA,sma50_bullish_bounce,2014-07-29,2014-07-31,133.8069,131.4801,-1.7389049389426092,2,gap_stop,2014
XLY,sma50_bullish_bounce,2014-07-29,2014-07-31,29.3685,28.8109,-1.8985118038370663,2,stop,2014
XLU,sma50_bullish_bounce,2014-07-29,2014-07-30,14.6668,14.3131,-2.4116447203163083,1,stop,2014
XLF,sma50_bullish_bounce,2014-07-31,2014-07-31,14.7778,14.5471,-1.5615077581015324,0,thesis,2014
TLT,sma50_bullish_bounce,2014-08-04,2014-08-25,82.7784,84.9212,2.5886961149100163,15,time,2014
XLV,sma50_bullish_bounce,2014-08-04,2014-08-05,50.251,49.773,-0.9512653258400339,1,thesis,2014
EEM,sma50_bullish_bounce,2014-08-04,2014-08-06,34.0194,33.3608,-1.9360172888566174,2,thesis,2014
XLK,sma50_bullish_bounce,2014-08-05,2014-08-06,16.8513,16.7093,-0.842381642260237,1,thesis,2014
QQQ,sma50_bullish_bounce,2014-08-07,2014-08-28,86.7873,90.6728,4.477032243895351,15,time,2014
XLK,sma50_bullish_bounce,2014-08-11,2014-09-02,16.8599,17.4499,3.499389062839642,15,time,2014
EEM,sma50_bullish_bounce,2014-08-11,2014-09-02,33.7581,34.5114,2.2315906487461623,15,time,2014
XLY,sma50_bullish_bounce,2014-08-12,2014-08-12,29.1539,29.0607,-0.319737089694172,0,thesis,2014
SMH,sma50_bullish_bounce,2014-08-14,2014-09-05,21.8853,22.9731,4.9702578647463636,15,time,2014
XLV,sma50_bullish_bounce,2014-08-14,2014-09-05,50.4155,52.679,4.489784492432358,15,time,2014
XLY,sma50_bullish_bounce,2014-08-14,2014-09-05,29.2765,30.2714,3.3980577657668265,15,time,2014
XLB,sma50_bullish_bounce,2014-08-14,2014-09-05,19.5434,19.8971,1.8098603889174392,15,time,2014
SPY,sma50_bullish_bounce,2014-08-15,2014-09-08,160.8057,163.8498,1.893006378162121,15,time,2014
GLD,sma50_bullish_bounce,2014-08-18,2014-08-18,124.9048,124.835,-0.055834287022660245,0,thesis,2014
DIA,sma50_bullish_bounce,2014-08-19,2014-09-10,133.058,134.3907,1.0015784081404355,15,time,2014
XLF,sma50_bullish_bounce,2014-08-19,2014-09-10,14.8819,15.1573,1.850340038224485,15,time,2014
IWM,sma50_bullish_bounce,2014-08-19,2014-08-20,98.7258,98.3745,-0.35579602530303456,1,thesis,2014
XLP,sma50_bullish_bounce,2014-08-19,2014-09-10,32.6374,32.928,0.890303784216262,15,time,2014
MDY,sma50_bullish_bounce,2014-08-19,2014-09-10,221.8989,223.8632,0.8852090110320621,15,time,2014
XLI,sma50_bullish_bounce,2014-08-20,2014-09-11,43.5373,43.6923,0.3559866409941215,15,time,2014
XLU,sma50_bullish_bounce,2014-08-21,2014-08-22,14.4457,14.4067,-0.27024992256396985,1,thesis,2014
IWM,sma50_bullish_bounce,2014-08-22,2014-09-15,98.6487,97.6557,-1.0066049703387758,15,thesis,2014
XLU,sma50_bullish_bounce,2014-08-26,2014-08-26,14.5409,14.332,-1.4367970693967447,0,thesis,2014
XLU,sma50_bullish_bounce,2014-08-28,2014-09-12,14.4967,14.3422,-1.065994305832385,10,thesis,2014
XLE,sma50_bullish_bounce,2014-09-02,2014-09-02,31.1242,30.7124,-1.3233122120291263,0,thesis,2014
EEM,sma50_bullish_bounce,2014-09-11,2014-09-11,34.0117,33.9514,-0.1772502678978216,0,thesis,2014
XLB,sma50_bullish_bounce,2014-09-11,2014-09-12,19.6064,19.5397,-0.3400294305414109,1,thesis,2014
DIA,sma50_bullish_bounce,2014-09-16,2014-10-01,134.0996,132.353,-1.3024820128570092,11,thesis,2014
XLI,sma50_bullish_bounce,2014-09-16,2014-09-25,43.5697,42.8274,-1.7037464414871528,7,stop,2014
SMH,sma50_bullish_bounce,2014-09-17,2014-10-01,22.7941,22.2367,-2.4454105861619446,10,stop,2014
XLY,sma50_bullish_bounce,2014-09-17,2014-09-23,29.9772,29.4296,-1.826732744510795,4,stop,2014
MDY,sma50_bullish_bounce,2014-09-17,2014-09-22,223.734,219.2865,-1.9878509103530284,3,stop,2014
XLB,sma50_bullish_bounce,2014-09-17,2014-09-30,19.8031,19.5672,-1.1915067156680004,9,thesis,2014
XLU,sma50_bullish_bounce,2014-09-17,2014-09-24,14.6294,14.3653,-1.8048792867523922,5,thesis,2014
IWM,sma50_bullish_bounce,2014-09-18,2014-09-19,98.8202,97.5359,-1.299646025668888,1,thesis,2014
TLT,sma50_bullish_bounce,2014-09-24,2014-09-24,83.5178,83.0039,-0.6153126514120144,0,thesis,2014
SPY,sma50_bullish_bounce,2014-09-25,2014-09-25,163.6707,161.1279,-1.5535996571139465,0,thesis,2014
XLY,sma50_bullish_bounce,2014-09-25,2014-09-25,29.6777,29.2588,-1.4114693184001825,0,thesis,2014
TLT,sma50_bullish_bounce,2014-09-26,2014-10-17,84.0467,87.7478,4.403703970764594,15,time,2014
SPY,sma50_bullish_bounce,2014-09-29,2014-09-30,161.3354,161.686,0.2173033648033451,1,thesis,2014
XLK,sma50_bullish_bounce,2014-09-29,2014-10-01,17.2027,17.0857,-0.6802617794175458,2,thesis,2014
QQQ,sma50_bullish_bounce,2014-09-29,2014-10-01,89.5955,88.8771,-0.8019007025789171,2,thesis,2014
XLF,sma50_bullish_bounce,2014-09-30,2014-10-01,15.1916,14.9201,-1.7873904518033057,1,thesis,2014
XLU,sma50_bullish_bounce,2014-09-30,2014-10-21,14.4387,14.9817,3.760857186126376,15,time,2014
XLP,sma50_bullish_bounce,2014-10-03,2014-10-15,33.0784,32.515,-1.7032328752208392,8,stop,2014
DIA,sma50_bullish_bounce,2014-10-06,2014-10-07,134.8008,132.0703,-2.0256381203349383,1,stop,2014
XLF,sma50_bullish_bounce,2014-10-06,2014-10-07,15.3092,14.9553,-2.3116674131076986,1,stop,2014
QQQ,sma50_bullish_bounce,2014-10-06,2014-10-07,90.2185,88.292,-2.1353647091038153,1,thesis,2014
DIA,sma50_bullish_bounce,2014-10-09,2014-10-09,133.7885,131.2953,-1.863534465006389,0,thesis,2014
XLF,sma50_bullish_bounce,2014-10-09,2014-10-09,15.172,14.8353,-2.219004135354785,0,thesis,2014
XLK,sma50_bullish_bounce,2014-10-09,2014-10-09,17.2899,16.9857,-1.7595687940535676,0,thesis,2014
QQQ,sma50_bullish_bounce,2014-10-09,2014-10-09,90.0719,88.5571,-1.6817794592666524,0,thesis,2014
XLV,sma50_bullish_bounce,2014-10-09,2014-10-10,53.3276,51.8782,-2.7179886276519793,1,thesis,2014
XLP,sma50_bullish_bounce,2014-10-21,2014-11-11,33.0418,34.9705,5.837349834832928,15,time,2014
XLV,sma50_bullish_bounce,2014-10-22,2014-10-22,52.4773,52.0924,-0.733575303202183,0,thesis,2014
XLI,sma50_bullish_bounce,2014-10-24,2014-11-14,43.4829,45.6327,4.943998719493736,15,time,2014
SPY,sma50_bullish_bounce,2014-10-27,2014-10-27,160.9489,160.9802,0.019455298705639557,0,thesis,2014
XLF,sma50_bullish_bounce,2014-10-27,2014-11-17,15.0348,15.6827,4.30900213323937,15,time,2014
QQQ,sma50_bullish_bounce,2014-10-27,2014-11-17,90.1727,94.0885,4.342576358683403,15,time,2014
SMH,sma50_bullish_bounce,2014-10-29,2014-10-30,22.1191,21.7711,-1.5732151342765621,1,thesis,2014
SPY,sma50_bullish_bounce,2014-10-29,2014-11-19,163.2678,168.4153,3.1528407425748695,15,time,2014
DIA,sma50_bullish_bounce,2014-10-29,2014-11-19,134.4607,139.6541,3.8623508989888977,15,time,2014
XLK,sma50_bullish_bounce,2014-10-29,2014-11-19,17.3378,18.0078,3.864488760671403,15,time,2014
IWM,sma50_bullish_bounce,2014-10-29,2014-11-19,98.335,98.8164,0.489607985828977,15,time,2014
XLY,sma50_bullish_bounce,2014-10-29,2014-10-29,29.5678,29.3815,-0.6299108985383439,0,thesis,2014
MDY,sma50_bullish_bounce,2014-10-29,2014-11-19,220.3744,224.6046,1.91951683429874,15,time,2014
XLY,sma50_bullish_bounce,2014-10-31,2014-11-21,30.0292,30.7366,2.3558169937464957,15,time,2014
XLB,sma50_bullish_bounce,2014-11-11,2014-12-03,19.2743,19.5948,1.6631710633904673,15,time,2014
XLB,sma50_bullish_bounce,2014-12-10,2014-12-10,19.3375,18.9793,-1.852597156354585,0,thesis,2014
XLP,sma50_bullish_bounce,2014-12-17,2015-01-09,34.8136,36.1419,3.8155839788510226,15,time,2014
XLU,sma50_bullish_bounce,2014-12-17,2015-01-09,15.6568,16.3694,4.551420298783593,15,time,2014
SPY,sma50_bullish_bounce,2014-12-18,2015-01-05,168.3579,166.4567,-1.1292450563791356,10,thesis,2014
DIA,sma50_bullish_bounce,2014-12-18,2015-01-05,139.535,138.6528,-0.6322239611066149,10,thesis,2014
XLF,sma50_bullish_bounce,2014-12-18,2015-01-06,16.0668,15.6267,-2.7391806840817545,11,stop,2014
XLK,sma50_bullish_bounce,2014-12-18,2015-01-05,18.0003,17.7692,-1.2838683686766217,10,thesis,2014
QQQ,sma50_bullish_bounce,2014-12-18,2015-01-05,94.5975,93.0809,-1.603212452930114,10,thesis,2014
IWM,sma50_bullish_bounce,2014-12-18,2015-01-06,101.8604,99.3225,-2.491599036162262,11,thesis,2014
XLI,sma50_bullish_bounce,2014-12-18,2015-01-05,45.6753,44.9762,-1.5306517822873955,10,thesis,2014
MDY,sma50_bullish_bounce,2014-12-18,2015-01-06,226.7639,222.0277,-2.088596019126354,11,thesis,2014
XLB,sma50_bullish_bounce,2014-12-19,2015-01-05,19.356,18.8249,-2.743511283272426,9,thesis,2014
IWM,sma50_bullish_bounce,2015-01-08,2015-01-14,101.5496,100.6059,-0.929254613783459,4,thesis,2015
XLV,sma50_bullish_bounce,2015-01-08,2015-01-30,58.2809,57.2797,-1.7179455789384956,15,thesis,2015
MDY,sma50_bullish_bounce,2015-01-08,2015-01-12,227.0672,225.3763,-0.7446882299297242,2,thesis,2015
SMH,sma50_bullish_bounce,2015-01-09,2015-01-13,24.2769,23.6538,-2.56639425491314,2,thesis,2015
SPY,sma50_bullish_bounce,2015-01-09,2015-01-12,170.6595,167.2241,-2.0130122917841886,1,thesis,2015
XLF,sma50_bullish_bounce,2015-01-09,2015-01-09,16.0832,15.8021,-1.7477162476166153,0,thesis,2015
XLK,sma50_bullish_bounce,2015-01-09,2015-01-12,18.1816,17.8261,-1.9553545683081763,1,thesis,2015
QQQ,sma50_bullish_bounce,2015-01-09,2015-01-09,95.281,94.1729,-1.1629366324856227,0,thesis,2015
XLI,sma50_bullish_bounce,2015-01-09,2015-01-09,45.8011,45.1636,-1.3919259201096268,0,thesis,2015
XLB,sma50_bullish_bounce,2015-01-09,2015-01-09,19.4435,19.218,-1.1596085904313824,0,thesis,2015
XLP,sma50_bullish_bounce,2015-01-15,2015-01-28,36.2217,35.7004,-1.4391445356395582,8,thesis,2015
SMH,sma50_bullish_bounce,2015-01-20,2015-01-28,24.0046,23.8542,-0.6265459756018665,6,thesis,2015
MDY,sma50_bullish_bounce,2015-01-22,2015-01-30,227.8128,225.8867,-0.845467318344173,6,thesis,2015
SPY,sma50_bullish_bounce,2015-01-23,2015-01-27,170.1552,167.2984,-1.6789384723944867,2,thesis,2015
DIA,sma50_bullish_bounce,2015-01-23,2015-01-23,141.3318,140.0176,-0.9298691852524188,0,thesis,2015
XLK,sma50_bullish_bounce,2015-01-23,2015-01-27,18.1597,17.5571,-3.3178748111553635,2,stop,2015
QQQ,sma50_bullish_bounce,2015-01-23,2015-01-27,95.6488,93.0901,-2.6751594112714217,2,thesis,2015
IWM,sma50_bullish_bounce,2015-01-23,2015-01-28,102.0502,100.5112,-1.5080748382693798,3,thesis,2015
XLI,sma50_bullish_bounce,2015-01-23,2015-01-23,45.7766,45.6281,-0.32441638528493133,0,thesis,2015
XLY,sma50_bullish_bounce,2015-01-23,2015-01-28,31.3759,30.7407,-2.0242856438937973,3,thesis,2015
XLB,sma50_bullish_bounce,2015-01-23,2015-01-23,19.4594,19.1585,-1.5465210512686456,0,thesis,2015
DIA,sma50_bullish_bounce,2015-01-27,2015-01-27,137.9837,137.7794,-0.14803275021649798,0,thesis,2015
XLI,sma50_bullish_bounce,2015-01-27,2015-01-27,44.9192,45.0821,0.36261026987378653,0,thesis,2015
IWM,sma50_bullish_bounce,2015-01-30,2015-01-30,101.3942,99.6584,-1.7119298402234029,0,thesis,2015
XLY,sma50_bullish_bounce,2015-01-30,2015-01-30,31.12,30.82,-0.9639034210487729,0,thesis,2015
XLP,sma50_bullish_bounce,2015-01-30,2015-01-30,35.8677,35.3398,-1.4719222815117838,0,thesis,2015
XLV,sma50_bullish_bounce,2015-02-03,2015-02-04,57.9992,57.2632,-1.269059397502259,1,thesis,2015
XLY,sma50_bullish_bounce,2015-02-03,2015-02-25,31.3406,33.603,7.218837249316445,15,time,2015
MDY,sma50_bullish_bounce,2015-02-03,2015-02-25,229.3646,238.8306,4.127068265576295,15,time,2015
SPY,sma50_bullish_bounce,2015-02-04,2015-02-26,168.609,174.4281,3.451216241536481,15,time,2015
DIA,sma50_bullish_bounce,2015-02-04,2015-02-26,139.8129,144.8565,3.607391424314388,15,time,2015
IWM,sma50_bullish_bounce,2015-02-04,2015-02-26,102.2055,106.1616,3.870760852851074,15,time,2015
XLI,sma50_bullish_bounce,2015-02-04,2015-02-04,45.8175,45.514,-0.6622536815685032,0,thesis,2015
XLP,sma50_bullish_bounce,2015-02-04,2015-02-09,36.0816,35.8402,-0.6689284570516763,3,thesis,2015
XLB,sma50_bullish_bounce,2015-02-04,2015-02-26,19.4475,20.4926,5.374089052363207,15,time,2015
SMH,sma50_bullish_bounce,2015-02-06,2015-02-06,24.3215,24.0146,-1.2618974222541213,0,thesis,2015
XLK,sma50_bullish_bounce,2015-02-06,2015-02-06,18.0896,17.9703,-0.6590465353394914,0,thesis,2015
QQQ,sma50_bullish_bounce,2015-02-06,2015-02-09,95.5568,94.3381,-1.2753911269884899,1,thesis,2015
XLV,sma50_bullish_bounce,2015-02-06,2015-02-09,58.3472,57.0234,-2.2689131433045406,1,thesis,2015
XLI,sma50_bullish_bounce,2015-02-06,2015-03-02,46.0379,47.2824,2.703231629047975,15,time,2015
SMH,sma50_bullish_bounce,2015-02-11,2015-03-05,24.5401,25.5645,4.17407230137854,15,time,2015
XLF,sma50_bullish_bounce,2015-02-11,2015-03-05,15.8731,15.9921,0.7494938852958377,15,time,2015
XLK,sma50_bullish_bounce,2015-02-11,2015-03-05,18.2736,18.7661,2.695406076954776,15,time,2015
QQQ,sma50_bullish_bounce,2015-02-11,2015-03-05,96.1085,99.6974,3.7341492447036773,15,time,2015
XLV,sma50_bullish_bounce,2015-02-11,2015-03-05,58.1484,60.2318,3.58283827442496,15,time,2015
XLP,sma50_bullish_bounce,2015-02-11,2015-03-05,36.3544,36.5982,0.6706542620222189,15,time,2015
TLT,sma50_bullish_bounce,2015-02-12,2015-02-13,94.9971,93.7325,-1.3312487466825784,1,thesis,2015
TLT,sma50_bullish_bounce,2015-02-26,2015-02-26,95.0264,93.9226,-1.1616371518860968,0,thesis,2015
XLF,sma50_bullish_bounce,2015-03-10,2015-03-10,15.8403,15.6056,-1.4819384187706897,0,thesis,2015
XLI,sma50_bullish_bounce,2015-03-10,2015-03-10,46.2094,45.5874,-1.3461207860916646,0,thesis,2015
IWM,sma50_bullish_bounce,2015-03-12,2015-04-02,105.14,107.6953,2.430407865819628,15,time,2015
MDY,sma50_bullish_bounce,2015-03-12,2015-04-02,235.3901,240.3665,2.114117774602997,15,time,2015
SMH,sma50_bullish_bounce,2015-03-13,2015-03-25,24.7097,24.0769,-2.560977669411113,8,thesis,2015
SPY,sma50_bullish_bounce,2015-03-13,2015-03-13,170.9655,169.8482,-0.6535044582834493,0,thesis,2015
DIA,sma50_bullish_bounce,2015-03-13,2015-03-25,142.2598,141.0497,-0.8506116140728714,8,thesis,2015
XLF,sma50_bullish_bounce,2015-03-13,2015-03-25,16.0373,15.769,-1.672466435528852,8,thesis,2015
XLK,sma50_bullish_bounce,2015-03-13,2015-03-13,18.2517,18.1409,-0.6070457900198556,0,thesis,2015
QQQ,sma50_bullish_bounce,2015-03-13,2015-03-26,97.1936,96.6706,-0.5380757565237371,9,thesis,2015
XLI,sma50_bullish_bounce,2015-03-13,2015-03-13,46.1359,45.7015,-0.9416745569056917,0,thesis,2015
XLB,sma50_bullish_bounce,2015-03-13,2015-03-17,19.9329,19.5397,-1.9727137936064398,2,thesis,2015
SPY,sma50_bullish_bounce,2015-03-17,2015-03-25,171.7262,170.5484,-0.6858561224517112,6,thesis,2015
XLK,sma50_bullish_bounce,2015-03-17,2015-03-25,18.348,18.1361,-1.1551723124747837,6,thesis,2015
XLI,sma50_bullish_bounce,2015-03-17,2015-03-25,46.3074,45.4285,-1.8980793193991707,6,thesis,2015
TLT,sma50_bullish_bounce,2015-03-19,2015-03-26,96.3129,94.8383,-1.5310541638847597,5,thesis,2015
XLB,sma50_bullish_bounce,2015-03-19,2015-03-19,19.7777,19.496,-1.4244669451742742,0,thesis,2015
XLP,sma50_bullish_bounce,2015-03-23,2015-03-24,36.2729,36.0893,-0.5059821169389522,1,thesis,2015
QQQ,sma50_bullish_bounce,2015-03-30,2015-04-01,97.8411,96.6246,-1.2432581293622125,2,thesis,2015
TLT,sma50_bullish_bounce,2015-03-30,2015-04-09,96.0926,95.0221,-1.1139922629902932,7,thesis,2015
SMH,sma50_bullish_bounce,2015-03-31,2015-03-31,24.8168,24.6292,-0.7561425600450034,0,thesis,2015
SPY,sma50_bullish_bounce,2015-03-31,2015-03-31,172.1356,171.1037,-0.5994641521750221,0,thesis,2015
DIA,sma50_bullish_bounce,2015-03-31,2015-03-31,142.6102,141.5759,-0.7253011477042826,0,thesis,2015
XLF,sma50_bullish_bounce,2015-03-31,2015-04-17,15.9192,15.8677,-0.3237012950644935,12,thesis,2015
XLK,sma50_bullish_bounce,2015-03-31,2015-03-31,18.3616,18.1932,-0.917106460033168,0,thesis,2015
XLI,sma50_bullish_bounce,2015-03-31,2015-03-31,45.8557,45.6577,-0.4318955883152342,0,thesis,2015
XLP,sma50_bullish_bounce,2015-03-31,2015-03-31,36.3545,36.0893,-0.7293488617742705,0,thesis,2015
XLV,sma50_bullish_bounce,2015-04-06,2015-04-27,59.4826,60.5661,1.8215489129097984,15,time,2015
XLP,sma50_bullish_bounce,2015-04-06,2015-04-27,36.3916,36.2226,-0.46431845882159983,15,thesis,2015
SPY,sma50_bullish_bounce,2015-04-07,2015-04-17,172.6339,172.3636,-0.15659276624513385,8,thesis,2015
DIA,sma50_bullish_bounce,2015-04-07,2015-04-17,142.81,141.9555,-0.5983422232667013,8,thesis,2015
QQQ,sma50_bullish_bounce,2015-04-07,2015-04-17,97.6199,97.5076,-0.11496316874562984,8,thesis,2015
XLK,sma50_bullish_bounce,2015-04-09,2015-04-14,18.3924,18.3644,-0.15209384518247715,3,thesis,2015
SMH,sma50_bullish_bounce,2015-04-10,2015-04-14,24.915,24.6425,-1.0935891803672937,2,thesis,2015
XLI,sma50_bullish_bounce,2015-04-13,2015-04-13,46.6022,46.198,-0.8673619249442321,0,thesis,2015
TLT,sma50_bullish_bounce,2015-04-14,2015-04-22,96.5953,94.267,-2.410406474373672,6,stop,2015
XLI,sma50_bullish_bounce,2015-04-15,2015-04-16,46.3643,46.239,-0.2704322915346724,1,thesis,2015
SMH,sma50_bullish_bounce,2015-04-16,2015-04-17,24.8704,24.6693,-0.8086685142691952,1,thesis,2015
XLK,sma50_bullish_bounce,2015-04-16,2015-04-17,18.4891,18.2063,-1.5295164541815787,1,thesis,2015
XLB,sma50_bullish_bounce,2015-04-16,2015-04-17,20.0482,19.777,-1.3528684410194836,1,thesis,2015
SPY,sma50_bullish_bounce,2015-04-21,2015-04-30,174.9678,172.7863,-1.2467538918237264,7,thesis,2015
DIA,sma50_bullish_bounce,2015-04-21,2015-04-30,144.446,142.147,-1.591592614658044,7,thesis,2015
XLK,sma50_bullish_bounce,2015-04-21,2015-05-06,18.6651,18.4873,-0.9525157608328949,11,thesis,2015
QQQ,sma50_bullish_bounce,2015-04-21,2015-05-06,99.7396,98.1515,-1.5922962369291027,11,thesis,2015
XLY,sma50_bullish_bounce,2015-04-21,2015-04-30,33.8055,33.274,-1.57211075104986,7,thesis,2015
XLU,sma50_bullish_bounce,2015-04-21,2015-04-21,15.6172,15.4467,-1.091664654503377,0,thesis,2015
SMH,sma50_bullish_bounce,2015-04-23,2015-04-24,25.0757,24.9588,-0.46621083188354007,1,thesis,2015
XLF,sma50_bullish_bounce,2015-04-23,2015-04-27,15.9719,15.9071,-0.4056924556183339,2,thesis,2015
XLI,sma50_bullish_bounce,2015-04-23,2015-04-24,46.2085,46.108,-0.21750710395446182,1,thesis,2015
XLU,sma50_bullish_bounce,2015-04-24,2015-04-30,15.5962,15.3979,-1.271458787349411,4,thesis,2015
TLT,sma50_bullish_bounce,2015-04-27,2015-04-28,94.9476,93.451,-1.5761843894212424,1,thesis,2015
XLB,sma50_bullish_bounce,2015-04-27,2015-05-18,20.1321,20.4386,1.5226031433997367,15,time,2015
SMH,sma50_bullish_bounce,2015-04-28,2015-04-29,25.1828,24.9588,-0.8895358943689868,1,thesis,2015
XLF,sma50_bullish_bounce,2015-04-29,2015-04-30,15.939,15.8677,-0.44737381997643766,1,thesis,2015
IWM,sma50_bullish_bounce,2015-04-29,2015-04-30,107.755,105.0012,-2.55560741012425,1,stop,2015
XLV,sma50_bullish_bounce,2015-04-29,2015-04-29,60.5627,60.309,-0.418865039502303,0,thesis,2015
MDY,sma50_bullish_bounce,2015-04-29,2015-04-30,240.1091,236.8631,-1.3518851208656035,1,thesis,2015
SMH,sma50_bullish_bounce,2015-05-04,2015-05-05,25.4818,24.7851,-2.734128867350405,1,thesis,2015
SPY,sma50_bullish_bounce,2015-05-04,2015-05-06,175.4329,171.751,-2.0987042044615656,2,stop,2015
DIA,sma50_bullish_bounce,2015-05-04,2015-05-05,144.1581,142.8091,-0.93583839932877,1,thesis,2015
XLF,sma50_bullish_bounce,2015-05-04,2015-05-06,16.1037,15.94,-1.0164650489461136,2,thesis,2015
XLY,sma50_bullish_bounce,2015-05-04,2015-05-05,34.0667,33.4507,-1.8080358803616914,1,thesis,2015
XLU,sma50_bullish_bounce,2015-05-04,2015-05-05,15.5195,15.2517,-1.7255684507858082,1,thesis,2015
XLV,sma50_bullish_bounce,2015-05-05,2015-05-05,60.6458,59.8861,-1.2526269030827097,0,thesis,2015
MDY,sma50_bullish_bounce,2015-05-05,2015-05-05,240.0483,236.577,-1.4460769421408615,0,thesis,2015
SPY,sma50_bullish_bounce,2015-05-08,2015-06-01,175.1421,175.3641,0.12674835143882124,15,time,2015
DIA,sma50_bullish_bounce,2015-05-08,2015-06-01,144.7977,144.2365,-0.38760709899464674,15,time,2015
XLF,sma50_bullish_bounce,2015-05-08,2015-06-01,16.1696,16.1899,0.12550923906509137,15,time,2015
XLK,sma50_bullish_bounce,2015-05-08,2015-06-01,18.8498,19.0932,1.2908133322876436,15,time,2015
SMH,sma50_bullish_bounce,2015-05-11,2015-06-02,25.2274,26.1657,3.7194834332753945,15,time,2015
XLV,sma50_bullish_bounce,2015-05-11,2015-06-02,61.244,61.984,1.208320111197736,15,time,2015
XLI,sma50_bullish_bounce,2015-05-11,2015-05-26,46.3971,46.0752,-0.6938684864449263,10,thesis,2015
XLP,sma50_bullish_bounce,2015-05-11,2015-05-12,36.3767,36.1782,-0.5458212318784295,1,thesis,2015
MDY,sma50_bullish_bounce,2015-05-11,2015-05-12,239.9005,239.0657,-0.34797265414568956,1,thesis,2015
QQQ,sma50_bullish_bounce,2015-05-13,2015-06-04,99.7673,100.7729,1.0079576058676265,15,time,2015
XLY,sma50_bullish_bounce,2015-05-13,2015-05-13,33.717,33.4198,-0.8812146928824482,0,thesis,2015
IWM,sma50_bullish_bounce,2015-05-15,2015-05-15,106.9672,106.8313,-0.12710342013565468,0,thesis,2015
XLY,sma50_bullish_bounce,2015-05-15,2015-06-08,33.6771,33.57,-0.3178758269371973,15,thesis,2015
XLP,sma50_bullish_bounce,2015-05-15,2015-05-26,36.7996,36.1782,-1.6887323919226649,6,thesis,2015
MDY,sma50_bullish_bounce,2015-05-15,2015-06-04,242.29,240.5052,-0.7366524269162955,13,thesis,2015
XLU,sma50_bullish_bounce,2015-05-18,2015-05-26,15.3869,15.4223,0.23017493590100635,5,thesis,2015
IWM,sma50_bullish_bounce,2015-05-19,2015-05-26,108.0407,106.4771,-1.4472745735707448,4,thesis,2015
IWM,sma50_bullish_bounce,2015-05-28,2015-05-29,107.7377,107.0386,-0.6488873257412098,1,thesis,2015
XLI,sma50_bullish_bounce,2015-05-28,2015-05-29,46.3479,45.6904,-1.4186025126605828,1,thesis,2015
XLP,sma50_bullish_bounce,2015-05-28,2015-05-29,36.4435,36.1263,-0.870300774573729,1,thesis,2015
XLU,sma50_bullish_bounce,2015-05-28,2015-06-02,15.509,15.3109,-1.277497942233885,3,thesis,2015
EFA,sma50_bullish_bounce,2015-05-29,2015-06-01,47.6781,47.2346,-0.9302107810925664,1,thesis,2015
SPY,sma50_bullish_bounce,2015-06-03,2015-06-05,176.0723,173.8722,-1.2495797053406976,2,thesis,2015
DIA,sma50_bullish_bounce,2015-06-03,2015-06-04,144.8857,143.285,-1.104828257748991,1,thesis,2015
XLF,sma50_bullish_bounce,2015-06-03,2015-06-24,16.308,16.4852,1.0869693576535777,15,time,2015
IWM,sma50_bullish_bounce,2015-06-03,2015-06-24,108.0061,110.5205,2.3280070121945773,15,time,2015
EFA,sma50_bullish_bounce,2015-06-03,2015-06-04,47.735,47.2061,-1.1080093516147915,1,thesis,2015
XLI,sma50_bullish_bounce,2015-06-04,2015-06-04,46.069,45.6986,-0.8040039614199301,0,thesis,2015
XLV,sma50_bullish_bounce,2015-06-08,2015-06-29,61.7841,61.6817,-0.16578835022630356,15,time,2015
MDY,sma50_bullish_bounce,2015-06-08,2015-06-08,241.4212,239.7074,-0.7098510210841624,0,thesis,2015
SMH,sma50_bullish_bounce,2015-06-11,2015-06-15,25.7406,25.2928,-1.739718196543072,2,thesis,2015
SPY,sma50_bullish_bounce,2015-06-11,2015-06-12,175.6404,174.071,-0.8935268137755581,1,thesis,2015
DIA,sma50_bullish_bounce,2015-06-11,2015-06-12,144.7576,143.221,-1.061519263021915,1,thesis,2015
XLK,sma50_bullish_bounce,2015-06-11,2015-06-12,18.995,18.7332,-1.378544062093645,1,thesis,2015
QQQ,sma50_bullish_bounce,2015-06-11,2015-06-15,101.2511,98.8081,-2.4128673115189403,2,stop,2015
XLY,sma50_bullish_bounce,2015-06-11,2015-06-15,34.0357,33.6805,-1.0435861273349278,2,thesis,2015
MDY,sma50_bullish_bounce,2015-06-11,2015-06-15,242.6985,240.6787,-0.8321950747021023,2,thesis,2015
XLB,sma50_bullish_bounce,2015-06-11,2015-06-12,20.14,20.0081,-0.6549564409581321,1,thesis,2015
XLI,sma50_bullish_bounce,2015-06-12,2015-06-12,45.946,45.8296,-0.2532528735603945,0,thesis,2015
SMH,sma50_bullish_bounce,2015-06-17,2015-06-26,25.455,24.9009,-2.176910361401252,7,thesis,2015
QQQ,sma50_bullish_bounce,2015-06-17,2015-06-29,100.4401,98.3588,-2.072176928190561,8,thesis,2015
XLY,sma50_bullish_bounce,2015-06-17,2015-06-29,34.0135,33.7476,-0.7817486641921167,8,thesis,2015
MDY,sma50_bullish_bounce,2015-06-17,2015-06-29,243.4022,238.2916,-2.0996608199299605,8,stop,2015
SPY,sma50_bullish_bounce,2015-06-19,2015-06-25,176.4781,174.7929,-0.9549134355159805,4,thesis,2015
DIA,sma50_bullish_bounce,2015-06-19,2015-06-24,145.1016,143.8257,-0.8793175715938628,3,thesis,2015
XLK,sma50_bullish_bounce,2015-06-19,2015-06-19,18.917,18.7601,-0.8292348825042706,0,thesis,2015
XLP,sma50_bullish_bounce,2015-06-19,2015-06-24,36.4006,36.0746,-0.8957339477773663,3,thesis,2015
XLB,sma50_bullish_bounce,2015-06-19,2015-06-19,20.2481,20.1036,-0.7139326451474526,0,thesis,2015
XLI,sma50_bullish_bounce,2015-06-23,2015-06-23,46.2813,46.0078,-0.5908968514062751,0,thesis,2015
XLV,sma50_bullish_bounce,2015-07-07,2015-07-08,62.4555,61.4737,-1.5720632378457,1,thesis,2015
XLY,sma50_bullish_bounce,2015-07-07,2015-07-08,34.2549,33.792,-1.3513741505296717,1,thesis,2015
XLP,sma50_bullish_bounce,2015-07-08,2015-07-29,36.3558,37.5348,3.2429937151311483,15,time,2015
IWM,sma50_bullish_bounce,2015-07-13,2015-07-21,108.473,108.0133,-0.423766412163451,6,thesis,2015
SPY,sma50_bullish_bounce,2015-07-14,2015-07-24,175.026,173.2437,-1.018302821453776,8,thesis,2015
DIA,sma50_bullish_bounce,2015-07-14,2015-07-21,144.1457,143.6093,-0.37213648391846155,5,thesis,2015
QQQ,sma50_bullish_bounce,2015-07-14,2015-08-04,101.327,102.6918,1.3469076285910209,15,time,2015
MDY,sma50_bullish_bounce,2015-07-15,2015-07-15,241.5358,239.5742,-0.8121420391894119,0,thesis,2015
XLK,sma50_bullish_bounce,2015-07-17,2015-07-23,19.0672,18.7822,-1.4950229098739665,4,thesis,2015
EFA,sma50_bullish_bounce,2015-07-22,2015-07-22,46.7741,46.8107,0.07832439284822801,0,thesis,2015
IWM,sma50_bullish_bounce,2015-07-23,2015-07-23,108.6642,107.2151,-1.333619732552882,0,thesis,2015
XLV,sma50_bullish_bounce,2015-07-29,2015-08-06,63.7478,62.78,-1.5181284621584301,6,thesis,2015
SPY,sma50_bullish_bounce,2015-07-30,2015-08-04,175.3932,174.3931,-0.5702009382991702,3,thesis,2015
XLK,sma50_bullish_bounce,2015-07-30,2015-08-03,18.7623,18.6763,-0.4583892974068138,2,thesis,2015
XLK,sma50_bullish_bounce,2015-08-06,2015-08-06,18.7844,18.5617,-1.1858247312391712,0,thesis,2015
XLF,sma50_bullish_bounce,2015-08-10,2015-08-12,16.7896,16.4244,-2.175022043654229,2,stop,2015
QQQ,sma50_bullish_bounce,2015-08-10,2015-08-12,102.5464,99.7887,-2.6891581152002186,2,stop,2015
SPY,sma50_bullish_bounce,2015-08-11,2015-08-11,174.4,173.8017,-0.3430760974467484,0,thesis,2015
XLK,sma50_bullish_bounce,2015-08-11,2015-08-11,18.8507,18.5837,-1.4163062890320877,0,thesis,2015
XLV,sma50_bullish_bounce,2015-08-11,2015-08-11,62.8723,62.6469,-0.3586159736214234,0,thesis,2015
EFA,sma50_bullish_bounce,2015-08-11,2015-08-11,46.7089,46.5433,-0.3545268307614369,0,thesis,2015
MDY,sma50_bullish_bounce,2015-08-11,2015-08-11,237.6565,236.8685,-0.3315829400780457,0,thesis,2015
XLF,sma50_bullish_bounce,2015-08-14,2015-08-20,16.5712,16.1946,-2.2723667725323637,4,thesis,2015
XLY,sma50_bullish_bounce,2015-08-14,2015-08-20,34.739,34.049,-1.9860763845303553,4,thesis,2015
SPY,sma50_bullish_bounce,2015-08-17,2015-08-19,174.183,173.5102,-0.38624889700252796,2,thesis,2015
XLK,sma50_bullish_bounce,2015-08-17,2015-08-19,18.674,18.5925,-0.4359632907489419,2,thesis,2015
QQQ,sma50_bullish_bounce,2015-08-17,2015-08-19,101.8351,101.5302,-0.2994170048315592,2,thesis,2015
XLV,sma50_bullish_bounce,2015-08-18,2015-08-20,63.4143,61.6811,-2.7331269078403664,2,stop,2015
MDY,sma50_bullish_bounce,2015-08-18,2015-08-18,240.3851,238.7129,-0.6956326074905261,0,thesis,2015
XLY,sma50_bullish_bounce,2015-10-06,2015-10-27,34.2146,35.5076,3.7791980709782402,15,time,2015
XLP,sma50_bullish_bounce,2015-10-06,2015-10-27,36.4852,38.0244,4.218865439898334,15,time,2015
QQQ,sma50_bullish_bounce,2015-10-12,2015-11-02,98.8325,105.9174,7.16855875141309,15,time,2015
XLY,sma50_bullish_bounce,2015-11-17,2015-12-09,35.2444,35.4186,0.4944577353605428,15,time,2015
XLP,sma50_bullish_bounce,2015-11-17,2015-12-09,36.6505,37.4696,2.2348275673680806,15,time,2015
XLU,sma50_bullish_bounce,2015-11-17,2015-11-17,15.3678,15.0675,-1.9539251327358786,0,thesis,2015
XLU,sma50_bullish_bounce,2015-11-23,2015-11-23,15.4389,15.2484,-1.2336350700535736,0,thesis,2015
TLT,sma50_bullish_bounce,2015-12-02,2015-12-03,91.7905,90.1532,-1.7836817794009696,1,stop,2015
XLI,sma50_bullish_bounce,2015-12-07,2015-12-08,45.0808,44.1884,-1.979677628548604,1,thesis,2015
TLT,sma50_bullish_bounce,2015-12-08,2015-12-15,91.5061,90.6959,-0.8853653196343458,5,thesis,2015
SPY,sma50_bullish_bounce,2015-12-09,2015-12-11,172.9746,169.0204,-2.285955554333785,2,thesis,2015
DIA,sma50_bullish_bounce,2015-12-11,2015-12-11,140.8679,139.8416,-0.728541946438499,0,thesis,2015
XLY,sma50_bullish_bounce,2015-12-11,2015-12-11,35.1418,34.7291,-1.1746394545715244,0,thesis,2015
XLP,sma50_bullish_bounce,2015-12-15,2015-12-18,37.8376,37.2697,-1.5009241127628026,3,thesis,2015
SMH,sma50_bullish_bounce,2015-12-16,2015-12-17,24.6339,24.2684,-1.4834711480492313,1,thesis,2015
DIA,sma50_bullish_bounce,2015-12-16,2015-12-17,143.1231,141.7603,-0.9521569716357758,1,thesis,2015
SPY,sma50_bullish_bounce,2015-12-17,2015-12-17,174.8285,171.5154,-1.8950595452630559,0,thesis,2015
XLF,sma50_bullish_bounce,2015-12-17,2015-12-17,16.3131,15.9884,-1.9899399406069995,0,thesis,2015
XLK,sma50_bullish_bounce,2015-12-17,2015-12-17,19.5704,19.1459,-2.1690918062318376,0,thesis,2015
QQQ,sma50_bullish_bounce,2015-12-17,2015-12-18,106.0091,102.6007,-3.215167698610022,1,stop,2015
XLY,sma50_bullish_bounce,2015-12-17,2015-12-17,35.7615,35.0983,-1.8544305470212796,0,thesis,2015
XLU,sma50_bullish_bounce,2015-12-17,2015-12-18,15.4531,15.234,-1.4174817996805977,1,thesis,2015
TLT,sma50_bullish_bounce,2015-12-18,2015-12-23,92.1048,90.6586,-1.5701792716782181,3,thesis,2015
SMH,sma50_bullish_bounce,2015-12-23,2015-12-31,24.5527,24.2443,-1.256174123406728,5,thesis,2015
SPY,sma50_bullish_bounce,2015-12-24,2015-12-28,173.6074,172.8309,-0.44722923358154754,1,thesis,2015
DIA,sma50_bullish_bounce,2015-12-24,2015-12-24,142.8312,142.1888,-0.4497850036795481,0,thesis,2015
XLF,sma50_bullish_bounce,2015-12-24,2015-12-24,16.1008,16.0352,-0.4071967623080819,0,thesis,2015
XLK,sma50_bullish_bounce,2015-12-24,2015-12-24,19.3163,19.2555,-0.3150411683087717,0,thesis,2015
QQQ,sma50_bullish_bounce,2015-12-24,2015-12-31,104.5959,103.6917,-0.8644643826274945,4,thesis,2015
XLU,sma50_bullish_bounce,2015-12-24,2016-01-19,15.5662,15.7895,1.434802568189797,15,time,2015
TLT,sma50_bullish_bounce,2015-12-28,2015-12-29,91.4805,89.9282,-1.6969005966791961,1,thesis,2015
SPY,sma50_bullish_bounce,2015-12-30,2015-12-31,174.7804,171.7024,-1.7610873018042872,1,thesis,2015
DIA,sma50_bullish_bounce,2015-12-30,2015-12-31,143.5712,141.1907,-1.6580585875051845,1,thesis,2015
XLF,sma50_bullish_bounce,2015-12-30,2015-12-30,16.1878,16.0753,-0.6948769973829094,0,thesis,2015
XLK,sma50_bullish_bounce,2015-12-30,2015-12-31,19.5349,19.0685,-2.3876909552807524,1,thesis,2015
XLI,sma50_bullish_bounce,2015-12-30,2015-12-30,44.8209,44.44,-0.8496591327685654,0,thesis,2015
TLT,sma50_bullish_bounce,2016-01-06,2016-01-28,91.713,94.471,3.007181269555459,15,time,2016
XLP,sma50_bullish_bounce,2016-01-06,2016-01-07,37.5941,37.315,-0.7423132138785316,1,thesis,2016
GLD,sma50_bullish_bounce,2016-04-04,2016-04-14,116.7867,116.9929,0.17658046578730158,8,thesis,2016
GLD,sma50_bullish_bounce,2016-04-18,2016-04-18,118.6485,117.6223,-0.8649672463195701,0,thesis,2016
XLP,sma50_bullish_bounce,2016-04-26,2016-04-26,39.9023,39.5644,-0.8467417187094983,0,thesis,2016
GLD,sma50_bullish_bounce,2016-04-28,2016-05-19,120.0399,119.7501,-0.24140754817524313,15,time,2016
XLK,sma50_bullish_bounce,2016-04-28,2016-04-28,19.3288,19.0172,-1.6119593723683878,0,thesis,2016
QQQ,sma50_bullish_bounce,2016-04-28,2016-04-28,100.3321,98.8114,-1.5156414717806044,0,thesis,2016
XLP,sma50_bullish_bounce,2016-04-28,2016-04-29,39.6816,39.7087,0.06811119707579305,1,thesis,2016
XLU,sma50_bullish_bounce,2016-04-28,2016-05-17,17.2859,17.551,1.5338497360420478,13,thesis,2016
XLP,sma50_bullish_bounce,2016-05-03,2016-05-17,40.1001,39.8833,-0.5406232964526692,10,thesis,2016
SPY,sma50_bullish_bounce,2016-05-05,2016-05-13,174.367,173.3414,-0.5881799443656965,6,thesis,2016
TLT,sma50_bullish_bounce,2016-05-05,2016-05-18,98.3029,97.6766,-0.637157811154565,9,thesis,2016
DIA,sma50_bullish_bounce,2016-05-09,2016-05-13,145.1554,143.4188,-1.1963476319427846,4,thesis,2016
XLI,sma50_bullish_bounce,2016-05-09,2016-05-13,46.5344,46.0482,-1.0446587340007252,4,thesis,2016
XLY,sma50_bullish_bounce,2016-05-09,2016-05-13,35.6212,35.0387,-1.6354362800920175,4,thesis,2016
SPY,sma50_bullish_bounce,2016-05-25,2016-06-15,177.0051,175.8726,-0.639785119161218,14,thesis,2016
DIA,sma50_bullish_bounce,2016-05-25,2016-06-14,145.8712,145.014,-0.5876695120740516,13,thesis,2016
XLK,sma50_bullish_bounce,2016-05-25,2016-06-16,19.5619,19.487,-0.38280695583647883,15,time,2016
QQQ,sma50_bullish_bounce,2016-05-25,2016-06-13,101.422,100.4384,-0.969828160652253,12,thesis,2016
XLV,sma50_bullish_bounce,2016-05-25,2016-06-16,59.5385,59.8235,0.47878139358072946,15,time,2016
EFA,sma50_bullish_bounce,2016-05-25,2016-06-10,42.6483,41.6014,-2.4546899923375554,11,stop,2016
XLI,sma50_bullish_bounce,2016-05-26,2016-06-17,46.8612,46.8741,0.02738889454312332,15,time,2016
XLY,sma50_bullish_bounce,2016-05-26,2016-06-10,35.5134,35.2091,-0.8566591239699384,10,thesis,2016
TLT,sma50_bullish_bounce,2016-05-27,2016-05-27,98.3105,97.9481,-0.36860287948121684,0,thesis,2016
XLP,sma50_bullish_bounce,2016-05-27,2016-05-31,40.3207,39.982,-0.839965114105945,1,thesis,2016
XLU,sma50_bullish_bounce,2016-05-27,2016-06-20,17.6332,18.3316,3.9607856743803405,15,time,2016
TLT,sma50_bullish_bounce,2016-06-01,2016-06-22,98.9367,101.1049,2.1914524599488727,15,time,2016
XLP,sma50_bullish_bounce,2016-06-02,2016-06-23,40.3891,41.353,2.3863270419268723,15,time,2016
EEM,sma50_bullish_bounce,2016-06-06,2016-06-10,27.1306,26.6943,-1.6083053468089914,4,thesis,2016
XLE,sma50_bullish_bounce,2016-06-17,2016-06-27,22.3065,21.4506,-3.8367559643222138,6,stop,2016
SPY,sma50_bullish_bounce,2016-06-17,2016-06-17,176.6467,175.7406,-0.5129223763286173,0,thesis,2016
DIA,sma50_bullish_bounce,2016-06-17,2016-06-17,145.8755,145.0663,-0.5547146368073408,0,thesis,2016
IWM,sma50_bullish_bounce,2016-06-17,2016-06-24,100.4854,98.5052,-1.9705919425756724,5,thesis,2016
MDY,sma50_bullish_bounce,2016-06-17,2016-06-24,237.6378,233.6703,-1.6695647899577892,5,thesis,2016
XLB,sma50_bullish_bounce,2016-06-17,2016-06-24,19.2241,18.8257,-2.0723884827400396,5,thesis,2016
SPY,sma50_bullish_bounce,2016-06-22,2016-06-24,177.9085,173.2813,-2.600898836865828,2,gap_stop,2016
XLK,sma50_bullish_bounce,2016-06-22,2016-06-24,19.6166,19.0738,-2.7670015607230147,2,gap_stop,2016
GLD,sma50_bullish_bounce,2016-06-23,2016-06-23,120.6105,119.9899,-0.5145466724287062,0,thesis,2016
XLV,sma50_bullish_bounce,2016-06-23,2016-06-24,60.1846,58.6025,-2.6287973955736232,1,gap_stop,2016
XLF,sma50_bullish_bounce,2016-06-24,2016-06-24,14.941,14.8909,-0.335202404028756,0,thesis,2016
QQQ,sma50_bullish_bounce,2016-06-24,2016-06-24,97.9839,97.2195,-0.780145117872566,0,thesis,2016
XLY,sma50_bullish_bounce,2016-06-24,2016-06-24,34.4305,34.2897,-0.4090023099039164,0,thesis,2016
SMH,sma50_bullish_bounce,2016-06-29,2016-07-21,25.3324,28.0347,10.667567684049729,15,time,2016
XLE,sma50_bullish_bounce,2016-06-29,2016-07-21,22.2898,22.6645,1.6812327739144983,15,time,2016
XLV,sma50_bullish_bounce,2016-06-30,2016-07-22,60.2693,63.3684,5.142119976053272,15,time,2016
SPY,sma50_bullish_bounce,2016-07-01,2016-07-25,178.6163,184.3608,3.21611945927911,15,time,2016
DIA,sma50_bullish_bounce,2016-07-01,2016-07-25,147.2177,151.9899,3.2416066967983825,15,time,2016
XLK,sma50_bullish_bounce,2016-07-01,2016-07-25,19.5535,20.5801,5.250115273780942,15,time,2016
QQQ,sma50_bullish_bounce,2016-07-01,2016-07-25,100.4031,105.9543,5.528818890495257,15,time,2016
IWM,sma50_bullish_bounce,2016-07-01,2016-07-25,101.0475,105.956,4.8576786426577145,15,time,2016
XLI,sma50_bullish_bounce,2016-07-01,2016-07-25,47.2207,48.7665,3.273522667638007,15,time,2016
MDY,sma50_bullish_bounce,2016-07-01,2016-07-25,240.3599,248.2587,3.2862515317721996,15,time,2016
XLY,sma50_bullish_bounce,2016-07-05,2016-07-05,35.3552,35.217,-0.3907854174897474,0,thesis,2016
XLY,sma50_bullish_bounce,2016-07-07,2016-07-28,35.5356,36.7026,3.2839704484599386,15,time,2016
EEM,sma50_bullish_bounce,2016-07-07,2016-07-28,27.3518,28.902,5.667360171828695,15,time,2016
XLB,sma50_bullish_bounce,2016-07-11,2016-08-01,19.3143,19.8075,2.553609044017513,15,time,2016
XLF,sma50_bullish_bounce,2016-07-12,2016-08-02,15.6911,15.7744,0.5308714557618055,15,time,2016
XLE,sma50_bullish_bounce,2016-07-27,2016-07-27,22.4865,22.192,-1.3096778264384934,0,thesis,2016
XLP,sma50_bullish_bounce,2016-08-05,2016-08-25,41.8797,41.6967,-0.43690057046376074,14,thesis,2016
XLE,sma50_bullish_bounce,2016-08-08,2016-08-10,22.6732,22.405,-1.1831211749175674,2,thesis,2016
TLT,sma50_bullish_bounce,2016-08-09,2016-08-26,105.4417,104.9656,-0.4515610589063024,13,thesis,2016
XLE,sma50_bullish_bounce,2016-08-12,2016-09-02,22.8399,22.9873,0.6451881254619485,15,time,2016
GLD,sma50_bullish_bounce,2016-08-23,2016-08-24,128.2681,126.2137,-1.6017095572378182,1,thesis,2016
TLT,sma50_bullish_bounce,2016-08-30,2016-09-02,106.5516,105.3617,-1.116673656838374,3,thesis,2016
SPY,sma50_bullish_bounce,2016-09-02,2016-09-09,186.2136,183.3637,-1.5304330656713439,4,stop,2016
DIA,sma50_bullish_bounce,2016-09-02,2016-09-09,152.9398,150.6731,-1.482105221047536,4,stop,2016
XLY,sma50_bullish_bounce,2016-09-02,2016-09-08,36.5866,36.1804,-1.1103180595767093,3,thesis,2016
GLD,sma50_bullish_bounce,2016-09-07,2016-09-08,128.9188,127.4624,-1.1296856057892213,1,thesis,2016
TLT,sma50_bullish_bounce,2016-09-07,2016-09-08,106.8977,104.6081,-2.1418772069606518,1,stop,2016
XLP,sma50_bullish_bounce,2016-09-07,2016-09-07,41.9715,41.5974,-0.8913425487547477,0,thesis,2016
SMH,sma50_bullish_bounce,2016-09-13,2016-10-04,29.5772,31.2336,5.6002123121498215,15,time,2016
XLF,sma50_bullish_bounce,2016-09-13,2016-09-14,16.2384,16.0643,-1.0719746294018173,1,thesis,2016
XLK,sma50_bullish_bounce,2016-09-13,2016-10-04,21.0628,21.4328,1.7564285347197117,15,time,2016
QQQ,sma50_bullish_bounce,2016-09-13,2016-10-04,108.1186,110.6214,2.314832721111304,15,time,2016
IWM,sma50_bullish_bounce,2016-09-13,2016-09-13,107.7931,106.2733,-1.4098925500063975,0,thesis,2016
EEM,sma50_bullish_bounce,2016-09-13,2016-09-13,29.2734,28.91,-1.2413872001056925,0,thesis,2016
EFA,sma50_bullish_bounce,2016-09-13,2016-09-13,43.4281,43.0214,-0.9365232276231983,0,thesis,2016
XLF,sma50_bullish_bounce,2016-09-16,2016-09-16,16.1259,16.0056,-0.7460794974744167,0,thesis,2016
IWM,sma50_bullish_bounce,2016-09-16,2016-10-07,107.7754,108.5556,0.7238845481171596,15,time,2016
EEM,sma50_bullish_bounce,2016-09-16,2016-09-16,29.3136,29.2951,-0.06293969585614567,0,thesis,2016
EFA,sma50_bullish_bounce,2016-09-16,2016-09-16,42.951,42.7759,-0.4076793397243428,0,thesis,2016
GLD,sma50_bullish_bounce,2016-09-22,2016-09-27,127.6976,126.4934,-0.9429991138940608,3,thesis,2016
XLE,sma50_bullish_bounce,2016-09-22,2016-09-23,23.2162,22.6442,-2.4636982025520116,1,thesis,2016
XLF,sma50_bullish_bounce,2016-09-22,2016-09-26,16.3322,15.9256,-2.4894374680217046,2,stop,2016
XLU,sma50_bullish_bounce,2016-09-22,2016-09-27,18.7898,18.4108,-2.0168156286211603,3,thesis,2016
SPY,sma50_bullish_bounce,2016-09-23,2016-09-26,185.723,183.2309,-1.3418272672997111,1,thesis,2016
XLI,sma50_bullish_bounce,2016-09-23,2016-09-23,49.1397,48.8131,-0.6644682262017976,0,thesis,2016
MDY,sma50_bullish_bounce,2016-09-23,2016-09-26,251.3231,248.2529,-1.2216084446013076,1,thesis,2016
TLT,sma50_bullish_bounce,2016-09-28,2016-09-30,105.4737,104.5105,-0.9131900415233485,2,thesis,2016
EFA,sma50_bullish_bounce,2016-09-28,2016-10-07,43.9798,43.5869,-0.8934670384693755,7,thesis,2016
XLE,sma50_bullish_bounce,2016-09-29,2016-10-20,23.3906,23.6518,1.1169123223192745,15,time,2016
SPY,sma50_bullish_bounce,2016-09-29,2016-09-29,185.4488,183.6072,-0.9930371236647528,0,thesis,2016
XLI,sma50_bullish_bounce,2016-09-29,2016-09-29,49.3092,48.9316,-0.7657714791159509,0,thesis,2016
MDY,sma50_bullish_bounce,2016-09-29,2016-09-29,250.7197,247.8101,-1.1605047143402158,0,thesis,2016
SPY,sma50_bullish_bounce,2016-10-03,2016-10-03,184.9517,184.548,-0.2183010831354304,0,thesis,2016
XLI,sma50_bullish_bounce,2016-10-03,2016-10-04,49.3176,48.9992,-0.6456442353793501,1,thesis,2016
MDY,sma50_bullish_bounce,2016-10-03,2016-10-03,249.5219,248.1378,-0.5546958394743062,0,thesis,2016
XLF,sma50_bullish_bounce,2016-10-06,2016-10-13,16.4241,15.9699,-2.765741809533817,5,stop,2016
XLI,sma50_bullish_bounce,2016-10-06,2016-10-07,49.3685,48.6779,-1.3988999688499537,1,thesis,2016
IWM,sma50_bullish_bounce,2016-10-11,2016-10-11,109.8533,107.8486,-1.8249257542489516,0,thesis,2016
EFA,sma50_bullish_bounce,2016-10-11,2016-10-11,43.5996,43.0958,-1.1554816187520744,0,thesis,2016
XLK,sma50_bullish_bounce,2016-10-13,2016-11-01,21.3445,21.2251,-0.5593905690377654,13,thesis,2016
EEM,sma50_bullish_bounce,2016-10-19,2016-10-27,30.2864,29.7525,-1.7629099426256123,6,thesis,2016
XLF,sma50_bullish_bounce,2016-10-20,2016-11-04,16.4158,16.2578,-0.9620715324041851,11,thesis,2016
QQQ,sma50_bullish_bounce,2016-10-20,2016-10-28,110.2435,109.4345,-0.7338584287603034,6,thesis,2016
SMH,sma50_bullish_bounce,2016-10-21,2016-11-02,30.8949,30.5875,-0.995116731021739,8,thesis,2016
XLY,sma50_bullish_bounce,2016-10-25,2016-10-25,36.133,35.7987,-0.9251673227336887,0,thesis,2016
XLE,sma50_bullish_bounce,2016-10-27,2016-10-28,23.5214,23.2233,-1.2672743989504909,1,thesis,2016
XLU,sma50_bullish_bounce,2016-11-01,2016-11-01,18.1313,17.8161,-1.7386186951450444,0,thesis,2016
GLD,sma50_bullish_bounce,2016-11-04,2016-11-07,124.5244,122.0718,-1.9695878918990273,1,stop,2016
SMH,sma50_bullish_bounce,2016-11-08,2016-11-10,31.1776,30.1194,-3.394182860341155,2,stop,2016
DIA,sma50_bullish_bounce,2016-11-08,2016-11-30,151.117,158.8776,5.1355221481752755,15,time,2016
XLI,sma50_bullish_bounce,2016-11-08,2016-11-30,49.0549,52.7794,7.592514819844731,15,time,2016
EEM,sma50_bullish_bounce,2016-11-08,2016-11-09,29.9327,29.0045,-3.1009009126061193,1,stop,2016
XLU,sma50_bullish_bounce,2016-11-08,2016-11-09,17.9695,17.3873,-3.2397874843588137,1,stop,2016
XLE,sma50_bullish_bounce,2016-11-09,2016-12-01,23.3336,24.9776,7.045698868074646,15,time,2016
XLK,sma50_bullish_bounce,2016-11-09,2016-11-10,21.1228,21.0355,-0.41352388272204443,1,thesis,2016
XLB,sma50_bullish_bounce,2016-11-09,2016-12-01,19.4592,20.5428,5.568871269153419,15,time,2016
SPY,sma50_bullish_bounce,2016-11-10,2016-12-02,186.2201,187.8834,0.8932222500494635,15,time,2016
QQQ,sma50_bullish_bounce,2016-11-10,2016-11-10,110.7024,107.8843,-2.5457007878263105,0,stop,2016
IWM,sma50_bullish_bounce,2016-11-10,2016-12-02,110.0392,115.6877,5.133131487385811,15,time,2016
XLV,sma50_bullish_bounce,2016-11-10,2016-11-11,61.1486,59.7964,-2.2113650362745707,1,thesis,2016
MDY,sma50_bullish_bounce,2016-11-10,2016-12-02,250.2583,262.1116,4.736424964603891,15,time,2016
SMH,sma50_bullish_bounce,2016-11-14,2016-12-01,31.2232,30.7968,-1.3656702755296402,12,thesis,2016
XLY,sma50_bullish_bounce,2016-11-14,2016-12-06,36.2643,37.2899,2.8282156479539466,15,time,2016
XLK,sma50_bullish_bounce,2016-11-18,2016-12-01,21.4938,21.0039,-2.2793652055262403,8,thesis,2016
QQQ,sma50_bullish_bounce,2016-11-18,2016-11-30,110.4027,109.8083,-0.5384055746818994,7,thesis,2016
SMH,sma50_bullish_bounce,2016-12-05,2016-12-27,31.5697,33.8338,7.171601846872333,15,time,2016
EFA,sma50_bullish_bounce,2016-12-07,2016-12-29,43.1523,43.2482,0.22234202140034576,15,time,2016
XLK,sma50_bullish_bounce,2016-12-08,2016-12-30,21.806,21.931,0.5734055479097888,15,time,2016
QQQ,sma50_bullish_bounce,2016-12-08,2016-12-30,110.8803,111.0516,0.15450526367304374,15,time,2016
EEM,sma50_bullish_bounce,2017-01-04,2017-01-26,28.9738,30.3848,4.870033201173651,15,time,2017
IWM,sma50_bullish_bounce,2017-01-23,2017-01-30,119.1807,119.1733,-0.0061899508492113675,5,thesis,2017
XLE,sma50_bullish_bounce,2017-01-25,2017-01-27,25.1498,24.9817,-0.6681668527140583,2,thesis,2017
XLF,sma50_bullish_bounce,2017-01-25,2017-02-15,19.7648,20.5466,3.955030116585889,15,time,2017
IWM,sma50_bullish_bounce,2017-02-01,2017-02-02,121.1281,119.6348,-1.232824284973244,1,thesis,2017
MDY,sma50_bullish_bounce,2017-02-01,2017-02-23,274.8586,280.5321,2.0641660743229817,15,time,2017
XLU,sma50_bullish_bounce,2017-02-03,2017-02-27,18.1917,19.0153,4.527370977204925,15,time,2017
IWM,sma50_bullish_bounce,2017-02-06,2017-02-08,121.2881,119.8034,-1.2241122303796925,2,thesis,2017
XLI,sma50_bullish_bounce,2017-02-06,2017-02-28,54.2065,56.0381,3.379054925044356,15,time,2017
IWM,sma50_bullish_bounce,2017-02-10,2017-03-06,122.5241,122.1994,-0.2649789383345924,15,time,2017
MDY,sma50_bullish_bounce,2017-03-14,2017-03-21,276.9697,273.3262,-1.3154875315739667,5,thesis,2017
XLB,sma50_bullish_bounce,2017-03-14,2017-03-21,21.5867,21.4868,-0.4628204018780724,5,thesis,2017
IWM,sma50_bullish_bounce,2017-03-16,2017-03-21,122.9065,119.6482,-2.6510325905557353,3,stop,2017
XLI,sma50_bullish_bounce,2017-03-23,2017-03-24,55.5492,55.1561,-0.7075636569482402,1,thesis,2017
XLY,sma50_bullish_bounce,2017-03-23,2017-04-13,39.4251,39.4603,0.08932671164951778,15,time,2017
XLB,sma50_bullish_bounce,2017-03-23,2017-03-24,21.5589,21.4494,-0.5079913306805683,1,thesis,2017
SPY,sma50_bullish_bounce,2017-03-28,2017-04-12,201.9589,202.2121,0.1253724364164599,11,thesis,2017
DIA,sma50_bullish_bounce,2017-03-28,2017-04-12,171.9141,172.0643,0.08736225535812547,11,thesis,2017
XLI,sma50_bullish_bounce,2017-03-29,2017-04-05,55.592,55.4553,-0.24591612096463988,5,thesis,2017
XLB,sma50_bullish_bounce,2017-03-29,2017-04-12,21.7544,21.5117,-1.1159131834310276,10,thesis,2017
MDY,sma50_bullish_bounce,2017-03-30,2017-04-03,277.2847,276.9446,-0.12266630722975735,2,thesis,2017
IWM,sma50_bullish_bounce,2017-03-31,2017-04-03,122.547,121.0651,-1.209281870454093,1,thesis,2017
XLV,sma50_bullish_bounce,2017-04-07,2017-04-13,63.6873,63.2608,-0.669719561194515,4,thesis,2017
XLI,sma50_bullish_bounce,2017-04-07,2017-04-12,55.7462,55.1134,-1.135033092010529,3,thesis,2017
XLE,sma50_bullish_bounce,2017-04-11,2017-04-12,24.0861,23.9026,-0.7620387746011481,1,thesis,2017
IWM,sma50_bullish_bounce,2017-04-12,2017-04-12,121.8514,120.1839,-1.3684252695137955,0,thesis,2017
MDY,sma50_bullish_bounce,2017-04-12,2017-04-12,279.0619,275.3136,-1.3431898832771516,0,thesis,2017
SPY,sma50_bullish_bounce,2017-04-18,2017-04-18,202.3486,202.0739,-0.1357516769533218,0,thesis,2017
XLK,sma50_bullish_bounce,2017-04-18,2017-05-09,24.0438,25.1657,4.6661946985407265,15,time,2017
QQQ,sma50_bullish_bounce,2017-04-18,2017-05-09,123.326,129.9173,5.344643632248225,15,time,2017
XLV,sma50_bullish_bounce,2017-04-18,2017-04-18,63.2675,62.799,-0.7404214453014757,0,thesis,2017
XLY,sma50_bullish_bounce,2017-04-18,2017-05-09,39.85,41.4253,3.9533159425030107,15,time,2017
EFA,sma50_bullish_bounce,2017-04-19,2017-05-10,46.5211,48.8939,5.100469217895642,15,time,2017
SMH,sma50_bullish_bounce,2017-04-21,2017-05-12,36.1307,38.0034,5.183139086275967,15,time,2017
SPY,sma50_bullish_bounce,2017-04-21,2017-04-21,203.6732,202.696,-0.4797938123289103,0,thesis,2017
IWM,sma50_bullish_bounce,2017-04-21,2017-05-12,122.3864,122.3822,-0.003449047829373608,15,time,2017
XLI,sma50_bullish_bounce,2017-04-21,2017-05-12,55.986,56.669,1.2200394407372306,15,time,2017
MDY,sma50_bullish_bounce,2017-04-21,2017-05-12,279.0084,278.9502,-0.02087694025302289,15,time,2017
XLB,sma50_bullish_bounce,2017-04-21,2017-05-12,21.7253,21.8438,0.5455325556078083,15,time,2017
DIA,sma50_bullish_bounce,2017-04-25,2017-05-16,175.3134,175.8005,0.27783877129150536,15,time,2017
XLV,sma50_bullish_bounce,2017-04-25,2017-05-16,64.0129,64.5435,0.8287972758709072,15,time,2017
XLP,sma50_bullish_bounce,2017-05-01,2017-05-02,43.0978,42.4758,-1.4431619811831276,1,stop,2017
GLD,sma50_bullish_bounce,2017-05-03,2017-05-03,119.2992,117.862,-1.2046662418167986,0,thesis,2017
XLP,sma50_bullish_bounce,2017-05-05,2017-05-26,43.0666,43.9768,2.113599806474209,15,time,2017
XLU,sma50_bullish_bounce,2017-05-05,2017-05-09,19.3105,19.171,-0.7220463805275412,2,thesis,2017
XLU,sma50_bullish_bounce,2017-05-12,2017-06-05,19.3105,20.2093,4.65479693223374,15,time,2017
XLF,sma50_bullish_bounce,2017-05-17,2017-05-17,19.6415,19.392,-1.2701584375386377,0,thesis,2017
GLD,sma50_bullish_bounce,2017-05-18,2017-06-09,119.8898,120.4195,0.4418177545496338,15,time,2017
SPY,sma50_bullish_bounce,2017-05-19,2017-06-12,205.474,210.2737,2.3358847415492434,15,time,2017
XLY,sma50_bullish_bounce,2017-05-19,2017-06-12,40.5672,41.1791,1.5084760861834523,15,time,2017
EEM,sma50_bullish_bounce,2017-05-19,2017-06-12,33.243,33.5905,1.0452836591632098,15,time,2017
DIA,sma50_bullish_bounce,2017-05-22,2017-06-13,175.2999,179.1906,2.21947924453203,15,time,2017
XLV,sma50_bullish_bounce,2017-05-22,2017-06-13,64.2271,66.3392,3.2884077505093146,15,time,2017
XLI,sma50_bullish_bounce,2017-05-22,2017-06-13,57.0908,58.4981,2.4651082395646506,15,time,2017
IWM,sma50_bullish_bounce,2017-05-23,2017-05-30,122.431,121.4477,-0.8031447160714467,4,thesis,2017
MDY,sma50_bullish_bounce,2017-05-23,2017-06-14,280.2676,286.1248,2.089876688342951,15,time,2017
XLB,sma50_bullish_bounce,2017-05-25,2017-06-16,22.0831,22.5344,2.04338455985833,15,time,2017
XLF,sma50_bullish_bounce,2017-05-30,2017-05-30,19.8353,19.72,-0.5813648922805226,0,thesis,2017
IWM,sma50_bullish_bounce,2017-06-02,2017-06-23,124.3573,125.4082,0.8450699024976416,15,time,2017
XLF,sma50_bullish_bounce,2017-06-08,2017-06-29,19.8606,20.8421,4.9423509859694015,15,time,2017
GLD,sma50_bullish_bounce,2017-06-13,2017-06-14,120.0699,119.7002,-0.3079598679508355,1,thesis,2017
XLK,sma50_bullish_bounce,2017-06-13,2017-06-27,25.5263,25.1757,-1.3734147341441516,10,thesis,2017
QQQ,sma50_bullish_bounce,2017-06-13,2017-06-27,131.768,129.9982,-1.3431216738473362,10,thesis,2017
XLY,sma50_bullish_bounce,2017-06-16,2017-06-23,41.4699,40.9389,-1.2805209296962938,5,thesis,2017
MDY,sma50_bullish_bounce,2017-06-23,2017-07-06,282.7138,281.1313,-0.5597543298308749,8,thesis,2017
XLP,sma50_bullish_bounce,2017-06-26,2017-06-27,43.7445,43.3198,-0.9707867321979702,1,thesis,2017
SMH,sma50_bullish_bounce,2017-06-29,2017-06-29,38.4012,37.7098,-1.8004304665073412,0,thesis,2017
XLK,sma50_bullish_bounce,2017-06-29,2017-06-29,25.4231,25.034,-1.5302260129689271,0,thesis,2017
QQQ,sma50_bullish_bounce,2017-06-29,2017-06-29,131.589,129.5838,-1.5238892383100056,0,thesis,2017
XLY,sma50_bullish_bounce,2017-06-29,2017-06-29,41.1766,40.7742,-0.9772299218076985,0,thesis,2017
TLT,sma50_bullish_bounce,2017-07-06,2017-07-06,96.0434,95.8049,-0.24827630486747854,0,thesis,2017
EEM,sma50_bullish_bounce,2017-07-06,2017-07-27,33.6993,35.6866,5.897083062805053,15,time,2017
EFA,sma50_bullish_bounce,2017-07-06,2017-07-27,49.5247,50.9688,2.9160691083716994,15,time,2017
SPY,sma50_bullish_bounce,2017-07-10,2017-07-31,210.6346,214.2599,1.7211267818105558,15,time,2017
IWM,sma50_bullish_bounce,2017-07-10,2017-07-31,125.3154,126.4862,0.9342606167376699,15,time,2017
MDY,sma50_bullish_bounce,2017-07-10,2017-07-31,283.7872,286.1216,0.8225827061585589,15,time,2017
SMH,sma50_bullish_bounce,2017-07-11,2017-08-01,38.6999,39.5446,2.1826040104919953,15,time,2017
TLT,sma50_bullish_bounce,2017-07-13,2017-07-13,96.1057,95.5877,-0.5389256180358126,0,thesis,2017
XLY,sma50_bullish_bounce,2017-07-17,2017-08-07,41.3279,41.7255,0.9620462142042374,15,time,2017
TLT,sma50_bullish_bounce,2017-07-19,2017-07-25,97.0232,95.8904,-1.16752758818931,4,thesis,2017
XLU,sma50_bullish_bounce,2017-07-20,2017-07-25,19.8708,19.7633,-0.540833529631346,3,thesis,2017
GLD,sma50_bullish_bounce,2017-07-24,2017-08-14,119.6395,121.7981,1.8042212069172336,15,time,2017
XLU,sma50_bullish_bounce,2017-07-27,2017-08-17,19.935,20.3997,2.3311008381954545,15,time,2017
XLP,sma50_bullish_bounce,2017-07-28,2017-07-28,43.7287,43.0594,-1.530604038921446,0,stop,2017
XLI,sma50_bullish_bounce,2017-07-31,2017-08-01,59.1336,58.4916,-1.0857308428529944,1,thesis,2017
TLT,sma50_bullish_bounce,2017-08-02,2017-08-23,97.2262,98.9995,1.8238918024008566,15,time,2017
XLI,sma50_bullish_bounce,2017-08-03,2017-08-10,58.755,58.2426,-0.872127582954696,5,thesis,2017
XLB,sma50_bullish_bounce,2017-08-03,2017-08-08,22.9515,22.6011,-1.526604987241964,3,thesis,2017
SMH,sma50_bullish_bounce,2017-08-08,2017-08-10,40.0788,38.8704,-3.0150693920344307,2,stop,2017
XLV,sma50_bullish_bounce,2017-08-10,2017-08-10,68.0693,67.2894,-1.1457139170778174,0,thesis,2017
XLY,sma50_bullish_bounce,2017-08-10,2017-08-10,41.4149,40.884,-1.2819397481950157,0,thesis,2017
XLK,sma50_bullish_bounce,2017-08-14,2017-09-05,26.3894,26.6292,0.908713856557064,15,time,2017
QQQ,sma50_bullish_bounce,2017-08-14,2017-08-17,135.1656,133.1062,-1.5236648568506705,3,thesis,2017
SMH,sma50_bullish_bounce,2017-08-15,2017-08-17,39.9685,39.118,-2.1278565392057414,2,thesis,2017
SPY,sma50_bullish_bounce,2017-08-15,2017-08-17,214.8714,211.9103,-1.378094160194765,2,stop,2017
XLI,sma50_bullish_bounce,2017-08-15,2017-08-17,58.9701,57.9713,-1.6938234648345207,2,stop,2017
XLY,sma50_bullish_bounce,2017-08-15,2017-08-15,41.4516,41.0075,-1.0713705072279534,0,thesis,2017
XLP,sma50_bullish_bounce,2017-08-15,2017-08-18,43.548,43.2963,-0.5780651835467054,3,thesis,2017
EFA,sma50_bullish_bounce,2017-08-16,2017-09-07,50.979,51.5647,1.1488583847620193,15,time,2017
XLV,sma50_bullish_bounce,2017-08-17,2017-08-17,68.0435,67.2723,-1.1334529947503946,0,thesis,2017
XLB,sma50_bullish_bounce,2017-08-17,2017-08-17,22.7132,22.3967,-1.393585293119881,0,thesis,2017
DIA,sma50_bullish_bounce,2017-08-22,2017-09-13,183.934,187.2394,1.7970451944177013,15,time,2017
XLP,sma50_bullish_bounce,2017-08-22,2017-08-24,43.5637,42.8689,-1.594838807236565,2,stop,2017
SMH,sma50_bullish_bounce,2017-08-23,2017-09-14,39.4169,41.2372,4.617964353850135,15,time,2017
SPY,sma50_bullish_bounce,2017-08-23,2017-08-23,212.566,212.341,-0.10585504615727714,0,thesis,2017
XLF,sma50_bullish_bounce,2017-08-23,2017-08-23,20.8416,20.8844,0.2052346337220845,0,thesis,2017
QQQ,sma50_bullish_bounce,2017-08-23,2017-09-14,134.4579,137.09,1.9575928012616206,15,time,2017
XLB,sma50_bullish_bounce,2017-08-23,2017-08-23,22.6631,22.6762,0.05789007582239769,0,thesis,2017
SPY,sma50_bullish_bounce,2017-08-30,2017-09-21,213.001,217.6092,2.163474453113823,15,time,2017
XLV,sma50_bullish_bounce,2017-08-31,2017-09-22,68.9295,70.2944,1.9801837212996443,15,time,2017
XLB,sma50_bullish_bounce,2017-08-31,2017-09-22,22.9473,23.7168,3.353354117944418,15,time,2017
XLI,sma50_bullish_bounce,2017-09-01,2017-09-05,59.039,58.2512,-1.3343670358703985,1,thesis,2017
IWM,sma50_bullish_bounce,2017-09-05,2017-09-05,125.9513,124.3946,-1.2359159410675002,0,thesis,2017
XLY,sma50_bullish_bounce,2017-09-05,2017-09-05,41.1583,41.0212,-0.3331368522845879,0,thesis,2017
XLP,sma50_bullish_bounce,2017-09-06,2017-09-20,43.3436,43.0945,-0.5748872870612987,10,thesis,2017
XLY,sma50_bullish_bounce,2017-09-07,2017-09-07,41.447,40.9206,-1.270066175297202,0,thesis,2017
IWM,sma50_bullish_bounce,2017-09-12,2017-10-03,126.3185,134.6951,6.631372575906758,15,time,2017
XLI,sma50_bullish_bounce,2017-09-12,2017-10-03,59.3918,61.9425,4.294742379656968,15,time,2017
MDY,sma50_bullish_bounce,2017-09-12,2017-10-03,284.4313,295.9794,4.060087349853503,15,time,2017
XLY,sma50_bullish_bounce,2017-09-13,2017-09-15,41.2362,41.1342,-0.24738232562512286,2,thesis,2017
XLF,sma50_bullish_bounce,2017-09-18,2017-10-09,21.1154,22.2514,5.380367905298855,15,time,2017
GLD,sma50_bullish_bounce,2017-09-22,2017-09-27,123.153,121.858,-1.051541677333112,3,thesis,2017
QQQ,sma50_bullish_bounce,2017-09-25,2017-09-25,135.9533,134.785,-0.8593472275855829,0,thesis,2017
TLT,sma50_bullish_bounce,2017-09-26,2017-09-27,98.9881,97.3097,-1.6955282558337115,1,gap_stop,2017
QQQ,sma50_bullish_bounce,2017-09-28,2017-10-19,136.2938,139.9857,2.708839265822194,15,time,2017
XLY,sma50_bullish_bounce,2017-09-28,2017-10-19,41.2579,41.8272,1.379755534777205,15,time,2017
EEM,sma50_bullish_bounce,2017-10-02,2017-10-23,36.6077,37.4151,2.205559594035633,15,time,2017
XLU,sma50_bullish_bounce,2017-10-11,2017-11-01,20.5128,20.7943,1.3722824118218568,15,time,2017
GLD,sma50_bullish_bounce,2017-10-16,2017-10-16,123.9438,122.847,-0.8849077571917996,0,thesis,2017
TLT,sma50_bullish_bounce,2017-10-16,2017-10-16,98.2183,98.2016,-0.01694047543225885,0,thesis,2017
TLT,sma50_bullish_bounce,2017-10-18,2017-10-18,97.8427,97.6785,-0.16788226417991936,0,thesis,2017
XLV,sma50_bullish_bounce,2017-10-30,2017-10-30,70.6856,70.0187,-0.9433959094494182,0,thesis,2017
TLT,sma50_bullish_bounce,2017-11-03,2017-11-10,98.3792,97.1106,-1.289497110292137,5,thesis,2017
IWM,sma50_bullish_bounce,2017-11-09,2017-11-14,131.3197,131.0036,-0.24071105249185987,3,thesis,2017
XLF,sma50_bullish_bounce,2017-11-10,2017-12-04,22.2365,23.7349,6.738165906587668,15,time,2017
XLI,sma50_bullish_bounce,2017-11-13,2017-11-13,61.2366,61.097,-0.22797170003351352,0,thesis,2017
XLP,sma50_bullish_bounce,2017-11-14,2017-12-06,43.0621,44.9808,4.455702895036984,15,time,2017
EFA,sma50_bullish_bounce,2017-11-14,2017-11-15,52.7089,52.4126,-0.5621271739717715,1,thesis,2017
XLB,sma50_bullish_bounce,2017-11-14,2017-11-15,24.3988,24.1278,-1.110806662874686,1,thesis,2017
TLT,sma50_bullish_bounce,2017-11-15,2017-12-07,98.8418,99.3319,0.49583488768008,15,time,2017
MDY,sma50_bullish_bounce,2017-11-16,2017-12-08,298.3602,308.8126,3.5032842938160336,15,time,2017
IWM,sma50_bullish_bounce,2017-11-17,2017-12-11,132.1996,135.609,2.5789974666874382,15,time,2017
EFA,sma50_bullish_bounce,2017-11-17,2017-12-11,52.7931,53.4898,1.3195685202174845,15,time,2017
XLB,sma50_bullish_bounce,2017-11-17,2017-12-11,24.4073,24.9582,2.257401188361219,15,time,2017
GLD,sma50_bullish_bounce,2017-11-20,2017-11-20,122.4223,121.1887,-1.0076721830842184,0,thesis,2017
XLI,sma50_bullish_bounce,2017-11-22,2017-11-24,61.7034,61.606,-0.15784663160295365,1,thesis,2017
GLD,sma50_bullish_bounce,2017-11-24,2017-11-30,122.4824,120.9789,-1.2274927816670278,4,thesis,2017
XLV,sma50_bullish_bounce,2017-11-29,2017-12-06,71.2381,70.7167,-0.7320048934112311,5,thesis,2017
XLI,sma50_bullish_bounce,2017-11-29,2017-12-20,62.7926,65.3322,4.044398034951691,15,time,2017
XLE,sma50_bullish_bounce,2017-12-01,2017-12-08,24.0834,23.5304,-2.2962131465559033,5,stop,2017
XLK,sma50_bullish_bounce,2017-12-06,2017-12-28,28.6164,29.6003,3.438483284583982,15,time,2017
XLU,sma50_bullish_bounce,2017-12-08,2017-12-18,21.1438,20.8349,-1.4608779257218263,6,thesis,2017
XLV,sma50_bullish_bounce,2017-12-11,2018-01-03,71.7303,73.0237,1.8032159954340043,15,time,2017
TLT,sma50_bullish_bounce,2017-12-13,2017-12-20,99.6329,97.4736,-2.167328395012502,5,gap_stop,2017
EEM,sma50_bullish_bounce,2017-12-14,2017-12-14,37.7923,37.5619,-0.6096986346320166,0,thesis,2017
EFA,sma50_bullish_bounce,2017-12-18,2018-01-10,54.1327,55.7941,3.069203181087521,15,time,2017
SMH,sma50_bullish_bounce,2017-12-19,2017-12-21,46.3519,46.1151,-0.5109468115586213,2,thesis,2017
EEM,sma50_bullish_bounce,2017-12-19,2018-01-11,38.2074,40.5893,6.234044882196876,15,time,2017
GLD,sma50_bullish_bounce,2017-12-27,2018-01-19,122.122,126.2936,3.415910459029825,15,time,2017
TLT,sma50_bullish_bounce,2017-12-28,2018-01-09,99.6232,97.6754,-1.9552016962550933,7,stop,2017
SMH,sma50_bullish_bounce,2018-01-03,2018-01-25,46.9812,48.6646,3.583048748697193,15,time,2018
SMH,sma50_bullish_bounce,2018-02-07,2018-02-07,46.9812,46.1523,-1.764441004859718,0,thesis,2018
XLK,sma50_bullish_bounce,2018-02-07,2018-02-07,30.1578,29.7845,-1.2379547579975725,0,thesis,2018
QQQ,sma50_bullish_bounce,2018-02-07,2018-02-07,153.3348,151.534,-1.1744153313730799,0,thesis,2018
XLY,sma50_bullish_bounce,2018-02-07,2018-02-08,48.3196,46.6534,-3.4483449903486174,1,stop,2018
EEM,sma50_bullish_bounce,2018-02-07,2018-02-07,39.808,39.174,-1.5928408482691503,0,thesis,2018
XLY,sma50_bullish_bounce,2018-02-13,2018-03-01,46.9677,47.408,0.9375335567891829,11,thesis,2018
SMH,sma50_bullish_bounce,2018-02-15,2018-03-09,47.7924,52.0748,8.960561872249272,15,time,2018
XLF,sma50_bullish_bounce,2018-02-15,2018-03-01,24.8315,24.1602,-2.7033752026801694,9,thesis,2018
XLK,sma50_bullish_bounce,2018-02-15,2018-03-09,30.7483,32.4641,5.580067723933979,15,time,2018
QQQ,sma50_bullish_bounce,2018-02-15,2018-03-09,155.562,163.7827,5.2845000930731745,15,time,2018
EEM,sma50_bullish_bounce,2018-02-15,2018-02-28,41.1018,39.7451,-3.300924435734487,8,thesis,2018
SPY,sma50_bullish_bounce,2018-02-16,2018-02-20,239.3099,238.0249,-0.5369603450213978,1,thesis,2018
DIA,sma50_bullish_bounce,2018-02-16,2018-02-20,214.9925,212.7879,-1.0254504789056984,1,thesis,2018
XLI,sma50_bullish_bounce,2018-02-16,2018-02-20,67.0014,66.3644,-0.9506588381922754,1,thesis,2018
XLV,sma50_bullish_bounce,2018-02-20,2018-02-20,73.6813,73.0756,-0.8220823653024123,0,thesis,2018
EFA,sma50_bullish_bounce,2018-02-20,2018-02-20,54.8305,54.6206,-0.38283846683347944,0,thesis,2018
XLI,sma50_bullish_bounce,2018-02-23,2018-02-28,67.2708,66.4859,-1.166855568997749,3,thesis,2018
SPY,sma50_bullish_bounce,2018-02-26,2018-02-28,242.4824,238.2442,-1.7478463067315375,2,thesis,2018
DIA,sma50_bullish_bounce,2018-02-26,2018-02-28,217.4635,213.5133,-1.816525464551455,2,thesis,2018
IWM,sma50_bullish_bounce,2018-02-26,2018-02-27,139.2612,137.3911,-1.3429117236262278,1,thesis,2018
XLV,sma50_bullish_bounce,2018-02-26,2018-02-28,74.0974,72.7901,-1.7642661110272129,2,thesis,2018
XLB,sma50_bullish_bounce,2018-02-26,2018-02-27,25.9923,25.5864,-1.5618365370554832,1,thesis,2018
EFA,sma50_bullish_bounce,2018-02-27,2018-02-27,55.3566,54.7673,-1.0644681523081068,0,thesis,2018
MDY,sma50_bullish_bounce,2018-02-27,2018-02-27,314.3055,309.0684,-1.6662694114036425,0,thesis,2018
XLF,sma50_bullish_bounce,2018-03-06,2018-03-14,24.7461,24.6456,-0.4062732740497954,6,thesis,2018
XLY,sma50_bullish_bounce,2018-03-06,2018-03-19,48.3381,47.9725,-0.7563217276926992,9,thesis,2018
GLD,sma50_bullish_bounce,2018-03-07,2018-03-07,126.3462,125.5943,-0.5951424547320894,0,thesis,2018
IWM,sma50_bullish_bounce,2018-03-07,2018-03-22,139.1981,138.2401,-0.6882087911443513,11,thesis,2018
MDY,sma50_bullish_bounce,2018-03-07,2018-03-22,312.4744,307.6101,-1.5566979589862862,11,thesis,2018
SPY,sma50_bullish_bounce,2018-03-09,2018-03-19,242.2801,238.1769,-1.693570164456215,6,thesis,2018
DIA,sma50_bullish_bounce,2018-03-12,2018-03-12,217.2328,215.0153,-1.0208277518474085,0,thesis,2018
XLV,sma50_bullish_bounce,2018-03-12,2018-03-15,75.0163,74.131,-1.1800525533580908,3,thesis,2018
XLI,sma50_bullish_bounce,2018-03-12,2018-03-12,68.2964,67.2058,-1.5968486210158894,0,thesis,2018
EEM,sma50_bullish_bounce,2018-03-12,2018-03-16,41.3091,40.73,-1.4019946778500048,4,thesis,2018
XLB,sma50_bullish_bounce,2018-03-12,2018-03-12,25.9247,25.7802,-0.5574507292146147,0,thesis,2018
QQQ,sma50_bullish_bounce,2018-03-21,2018-03-22,158.7287,154.2336,-2.8319303467740364,1,thesis,2018
EEM,sma50_bullish_bounce,2018-03-21,2018-03-22,40.7701,39.6126,-2.8389568529324505,1,thesis,2018
GLD,sma50_bullish_bounce,2018-03-22,2018-03-22,126.2161,125.854,-0.2868596160501058,0,thesis,2018
SMH,sma50_bullish_bounce,2018-03-27,2018-03-27,50.8505,48.5321,-4.559180884919412,0,stop,2018
GLD,sma50_bullish_bounce,2018-04-03,2018-04-05,126.6665,125.6742,-0.7834254101810711,2,thesis,2018
XLE,sma50_bullish_bounce,2018-04-06,2018-04-06,23.9146,23.5832,-1.3858136278682376,0,thesis,2018
IWM,sma50_bullish_bounce,2018-04-06,2018-04-06,137.6317,135.5447,-1.5163182795261076,0,thesis,2018
GLD,sma50_bullish_bounce,2018-04-10,2018-04-23,127.147,125.4944,-1.2997818899337599,9,thesis,2018
IWM,sma50_bullish_bounce,2018-04-11,2018-04-30,138.002,138.2131,0.15293411619621278,13,thesis,2018
EFA,sma50_bullish_bounce,2018-04-11,2018-05-02,54.5907,54.3968,-0.3553441751643627,15,time,2018
XLK,sma50_bullish_bounce,2018-04-17,2018-04-20,31.2009,30.5797,-1.9909276305952406,3,thesis,2018
MDY,sma50_bullish_bounce,2018-04-17,2018-04-24,314.4292,309.731,-1.494195128489817,5,thesis,2018
XLB,sma50_bullish_bounce,2018-04-17,2018-04-24,25.1251,24.1138,-4.025110280623001,5,stop,2018
SMH,sma50_bullish_bounce,2018-04-18,2018-04-18,48.9718,48.753,-0.4468089041359202,0,thesis,2018
SPY,sma50_bullish_bounce,2018-04-18,2018-04-20,238.8303,234.7604,-1.7040893434139948,2,thesis,2018
QQQ,sma50_bullish_bounce,2018-04-18,2018-04-20,157.675,153.7599,-2.483040691610394,2,thesis,2018
XLV,sma50_bullish_bounce,2018-04-18,2018-04-19,72.5223,71.6482,-1.2053269488604634,1,thesis,2018
XLI,sma50_bullish_bounce,2018-04-18,2018-04-24,66.1894,63.6192,-3.8829887022020726,4,stop,2018
XLY,sma50_bullish_bounce,2018-04-18,2018-04-20,48.2397,47.5614,-1.4061230246140033,2,thesis,2018
XLY,sma50_bullish_bounce,2018-04-24,2018-04-24,48.0269,46.9102,-2.325049311217886,0,thesis,2018
XLV,sma50_bullish_bounce,2018-04-27,2018-04-30,72.3222,71.4138,-1.2560805557978894,1,thesis,2018
XLY,sma50_bullish_bounce,2018-04-27,2018-05-02,48.5961,47.6307,-1.986547235091829,3,thesis,2018
MDY,sma50_bullish_bounce,2018-04-27,2018-04-27,311.3185,310.5341,-0.2519766406891111,0,thesis,2018
IWM,sma50_bullish_bounce,2018-05-02,2018-05-03,138.9053,138.6548,-0.18032626604757018,1,thesis,2018
EFA,sma50_bullish_bounce,2018-05-04,2018-05-25,54.2813,54.2115,-0.12870150104726807,15,thesis,2018
XLK,sma50_bullish_bounce,2018-05-07,2018-05-29,31.4415,32.0392,1.9008160225334247,15,time,2018
QQQ,sma50_bullish_bounce,2018-05-07,2018-05-29,157.2383,160.0789,1.806545101158652,15,time,2018
IWM,sma50_bullish_bounce,2018-05-07,2018-05-29,141.0822,145.6051,3.205895372113199,15,time,2018
XLY,sma50_bullish_bounce,2018-05-07,2018-05-29,48.3878,48.6375,0.5160700874933477,15,time,2018
MDY,sma50_bullish_bounce,2018-05-07,2018-05-29,312.8377,318.7284,1.8829985788633374,15,time,2018
SPY,sma50_bullish_bounce,2018-05-10,2018-06-01,238.5214,240.9154,1.0036874076814195,15,time,2018
DIA,sma50_bullish_bounce,2018-05-10,2018-06-01,210.8464,211.3277,0.22824701447652362,15,time,2018
XLF,sma50_bullish_bounce,2018-05-10,2018-05-29,23.9798,23.0984,-3.675703050236423,12,stop,2018
XLB,sma50_bullish_bounce,2018-05-10,2018-05-29,24.8156,24.5334,-1.1374443339590146,12,thesis,2018
SMH,sma50_bullish_bounce,2018-05-11,2018-06-04,48.804,51.3072,5.129103938613477,15,time,2018
XLI,sma50_bullish_bounce,2018-05-11,2018-05-15,65.1422,64.7334,-0.6275765749764184,2,thesis,2018
XLV,sma50_bullish_bounce,2018-05-14,2018-06-05,72.357,72.4902,0.18412283069060287,15,time,2018
XLI,sma50_bullish_bounce,2018-05-17,2018-06-08,65.0724,66.5709,2.302902103167792,15,time,2018
XLB,sma50_bullish_bounce,2018-05-31,2018-06-19,24.9004,24.8601,-0.16197717653334553,13,thesis,2018
XLF,sma50_bullish_bounce,2018-06-07,2018-06-14,24.0398,23.5815,-1.9063949770706468,5,thesis,2018
EEM,sma50_bullish_bounce,2018-06-07,2018-06-07,38.9538,38.4208,-1.3684272602558667,0,thesis,2018
EFA,sma50_bullish_bounce,2018-06-07,2018-06-07,54.7609,54.2964,-0.8483098755248997,0,thesis,2018
EFA,sma50_bullish_bounce,2018-06-12,2018-06-12,54.7068,54.3582,-0.6372693422098341,0,thesis,2018
XLI,sma50_bullish_bounce,2018-06-18,2018-06-19,65.3158,64.0311,-1.9668971868570528,1,thesis,2018
XLE,sma50_bullish_bounce,2018-06-19,2018-06-21,26.1425,25.974,-0.6447811359419298,2,thesis,2018
DIA,sma50_bullish_bounce,2018-06-20,2018-06-21,213.4445,210.0456,-1.5924195465304547,1,thesis,2018
XLK,sma50_bullish_bounce,2018-06-27,2018-06-27,32.4307,31.8236,-1.8719475285244647,0,thesis,2018
XLE,sma50_bullish_bounce,2018-06-28,2018-07-02,26.7324,26.3759,-1.3339136658492179,2,thesis,2018
SPY,sma50_bullish_bounce,2018-06-29,2018-07-23,241.17,247.8348,2.7635383560248084,15,time,2018
XLK,sma50_bullish_bounce,2018-06-29,2018-07-03,32.4028,32.1017,-0.9293174911616298,2,thesis,2018
QQQ,sma50_bullish_bounce,2018-06-29,2018-07-23,163.6348,170.4758,4.180677107277098,15,time,2018
IWM,sma50_bullish_bounce,2018-06-29,2018-07-23,148.4168,152.6193,2.831584080151872,15,time,2018
XLV,sma50_bullish_bounce,2018-06-29,2018-07-23,72.9481,75.7563,3.849525842371304,15,time,2018
MDY,sma50_bullish_bounce,2018-06-29,2018-07-23,322.595,328.8916,1.9518629918451325,15,time,2018
XLK,sma50_bullish_bounce,2018-07-06,2018-07-27,32.6396,33.3021,2.029632538509296,15,time,2018
XLE,sma50_bullish_bounce,2018-07-09,2018-07-16,26.8914,26.5733,-1.1829812127490569,5,thesis,2018
DIA,sma50_bullish_bounce,2018-07-10,2018-07-31,213.9266,218.6302,2.1986957201855173,15,time,2018
XLB,sma50_bullish_bounce,2018-07-10,2018-07-11,25.1058,24.8516,-1.0124141140384846,1,thesis,2018
SMH,sma50_bullish_bounce,2018-07-11,2018-07-11,49.0184,48.3575,-1.3482371815981442,0,thesis,2018
XLB,sma50_bullish_bounce,2018-07-18,2018-07-18,25.0419,24.7878,-1.014494941989863,0,thesis,2018
SMH,sma50_bullish_bounce,2018-07-19,2018-07-23,49.7084,49.5904,-0.237246564833149,2,thesis,2018
XLF,sma50_bullish_bounce,2018-07-19,2018-08-09,23.9031,24.2931,1.631724265212342,15,time,2018
XLI,sma50_bullish_bounce,2018-07-19,2018-07-23,65.0705,64.6869,-0.5894538878254085,2,thesis,2018
XLE,sma50_bullish_bounce,2018-07-26,2018-08-03,26.9479,26.5239,-1.573402282084413,6,thesis,2018
IWM,sma50_bullish_bounce,2018-07-26,2018-07-27,151.9912,149.5161,-1.628434303048909,1,thesis,2018
XLI,sma50_bullish_bounce,2018-07-26,2018-08-16,65.9379,66.2958,0.5428314736009687,15,time,2018
EFA,sma50_bullish_bounce,2018-07-26,2018-08-02,54.2159,53.6036,-1.1292643384135825,5,thesis,2018
MDY,sma50_bullish_bounce,2018-07-26,2018-07-27,328.1808,325.2445,-0.8947045282115984,1,thesis,2018
XLB,sma50_bullish_bounce,2018-07-26,2018-08-02,25.1995,24.9621,-0.9419232093944796,5,thesis,2018
SMH,sma50_bullish_bounce,2018-07-27,2018-07-30,50.1699,49.3578,-1.6186333566287625,1,thesis,2018
QQQ,sma50_bullish_bounce,2018-08-01,2018-08-22,168.2486,171.8999,2.170202917753361,15,time,2018
IWM,sma50_bullish_bounce,2018-08-01,2018-08-01,150.2143,149.9685,-0.1636639991637323,0,thesis,2018
MDY,sma50_bullish_bounce,2018-08-01,2018-08-01,327.0472,325.715,-0.40733103702945694,0,thesis,2018
XLK,sma50_bullish_bounce,2018-08-02,2018-08-23,32.9276,34.0854,3.516299049098648,15,time,2018
SMH,sma50_bullish_bounce,2018-08-03,2018-08-10,50.1279,49.1438,-1.9632355399911372,5,thesis,2018
IWM,sma50_bullish_bounce,2018-08-03,2018-08-13,151.5288,150.6832,-0.5580418227710715,6,thesis,2018
XLY,sma50_bullish_bounce,2018-08-03,2018-08-24,51.8278,53.2015,2.6503503805205053,15,time,2018
MDY,sma50_bullish_bounce,2018-08-03,2018-08-13,329.1329,327.0997,-0.6177446653795715,6,thesis,2018
XLB,sma50_bullish_bounce,2018-08-06,2018-08-10,25.0547,24.9409,-0.4542528606924834,4,thesis,2018
TLT,sma50_bullish_bounce,2018-08-13,2018-08-14,96.1334,95.8535,-0.2910613571477594,1,thesis,2018
IWM,sma50_bullish_bounce,2018-08-15,2018-08-15,152.0274,150.267,-1.1579301074657211,0,thesis,2018
MDY,sma50_bullish_bounce,2018-08-15,2018-08-15,329.2598,327.0363,-0.6752825698719822,0,thesis,2018
XLF,sma50_bullish_bounce,2018-08-16,2018-09-07,23.9719,24.3188,1.4474266752957377,15,time,2018
TLT,sma50_bullish_bounce,2018-08-16,2018-09-04,96.581,95.9815,-0.6207837295380658,12,thesis,2018
IWM,sma50_bullish_bounce,2018-08-17,2018-09-10,151.8189,154.4831,1.7548637940932421,15,time,2018
MDY,sma50_bullish_bounce,2018-08-17,2018-09-10,329.8855,335.0906,1.577848975922369,15,time,2018
XLB,sma50_bullish_bounce,2018-08-22,2018-08-23,25.1441,24.8091,-1.3323890374469127,1,thesis,2018
SMH,sma50_bullish_bounce,2018-08-27,2018-09-07,50.1699,49.2369,-1.8597363941018297,8,thesis,2018
XLB,sma50_bullish_bounce,2018-08-27,2018-09-18,25.2335,25.3659,0.5244792781920582,15,time,2018
XLE,sma50_bullish_bounce,2018-08-30,2018-08-30,26.5629,26.4464,-0.4386840714711404,0,thesis,2018
QQQ,sma50_bullish_bounce,2018-09-10,2018-10-01,173.281,177.0695,2.186323709221938,15,time,2018
SMH,sma50_bullish_bounce,2018-09-11,2018-09-11,49.4147,49.0926,-0.6517287934486804,0,thesis,2018
SMH,sma50_bullish_bounce,2018-09-17,2018-09-17,49.396,48.9624,-0.8779454084017368,0,thesis,2018
XLF,sma50_bullish_bounce,2018-09-17,2018-09-26,24.2815,24.1163,-0.6802840647532449,7,thesis,2018
IWM,sma50_bullish_bounce,2018-09-19,2018-09-26,154.3663,152.4256,-1.257205327562716,5,thesis,2018
XLE,sma50_bullish_bounce,2018-09-20,2018-10-11,26.6406,25.925,-2.6859543771446948,15,stop,2018
XLU,sma50_bullish_bounce,2018-09-24,2018-09-24,20.8156,20.6601,-0.7471176870784024,0,thesis,2018
SMH,sma50_bullish_bounce,2018-09-25,2018-09-25,49.9135,49.3857,-1.0573326677021044,0,thesis,2018
XLP,sma50_bullish_bounce,2018-09-28,2018-10-03,43.7375,43.5121,-0.5152178340692259,3,thesis,2018
MDY,sma50_bullish_bounce,2018-10-01,2018-10-01,335.487,330.8144,-1.3927616161546141,0,thesis,2018
SMH,sma50_bullish_bounce,2018-10-03,2018-10-04,50.0487,48.4627,-3.1689080600130093,1,stop,2018
XLU,sma50_bullish_bounce,2018-10-03,2018-10-03,20.8983,20.6404,-1.2337055226639748,0,thesis,2018
XLF,sma50_bullish_bounce,2018-10-05,2018-10-05,24.372,24.1422,-0.9427265120440675,0,thesis,2018
XLU,sma50_bullish_bounce,2018-10-08,2018-10-11,21.1935,20.8251,-1.7383145333359828,3,thesis,2018
SPY,sma50_bullish_bounce,2018-10-09,2018-10-10,255.8563,251.4913,-1.7060405216124175,1,stop,2018
XLF,sma50_bullish_bounce,2018-10-09,2018-10-09,24.2424,24.2112,-0.12866514210597702,0,thesis,2018
XLP,sma50_bullish_bounce,2018-10-09,2018-10-10,44.0709,43.3417,-1.6544233612646453,1,thesis,2018
XLU,sma50_bullish_bounce,2018-10-16,2018-10-26,20.9179,20.9665,0.23216422226688405,8,thesis,2018
XLV,sma50_bullish_bounce,2018-10-17,2018-10-18,81.3928,80.7841,-0.7479269372033914,1,thesis,2018
XLP,sma50_bullish_bounce,2018-10-22,2018-10-26,44.5506,43.6826,-1.9484378487144238,4,thesis,2018
XLP,sma50_bullish_bounce,2018-10-30,2018-11-20,44.575,44.6645,0.20071641841628018,15,time,2018
XLU,sma50_bullish_bounce,2018-10-30,2018-11-02,21.3864,20.8801,-2.367382724739364,3,thesis,2018
XLU,sma50_bullish_bounce,2018-11-06,2018-11-28,21.1974,21.5283,1.5608274468856376,15,time,2018
DIA,sma50_bullish_bounce,2018-11-08,2018-11-12,226.4874,219.7171,-2.9892833480890557,2,thesis,2018
XLV,sma50_bullish_bounce,2018-11-08,2018-11-12,81.5155,80.2067,-1.6055857762757642,2,thesis,2018
XLP,sma50_bullish_bounce,2018-11-26,2018-12-07,44.6156,44.4048,-0.47263584810350867,8,thesis,2018
XLV,sma50_bullish_bounce,2018-11-29,2018-12-06,81.8924,79.0552,-3.4646112477324853,4,stop,2018
DIA,sma50_bullish_bounce,2018-12-03,2018-12-04,225.8457,218.4192,-3.2883042930182738,1,stop,2018
XLP,sma50_bullish_bounce,2018-12-12,2018-12-14,45.136,44.2263,-2.0156378603083835,2,thesis,2018
TLT,sma50_bullish_bounce,2019-02-26,2019-02-27,98.6735,97.4246,-1.2656621837950244,1,thesis,2019
TLT,sma50_bullish_bounce,2019-03-08,2019-03-29,98.3864,102.5026,4.183750920234375,15,time,2019
XLV,sma50_bullish_bounce,2019-03-11,2019-03-27,78.9271,79.7595,1.0547117277547091,12,thesis,2019
GLD,sma50_bullish_bounce,2019-03-14,2019-03-14,122.4523,122.2876,-0.13453249274442136,0,thesis,2019
GLD,sma50_bullish_bounce,2019-03-21,2019-03-28,124.4844,122.1577,-1.8690234010322992,5,gap_stop,2019
DIA,sma50_bullish_bounce,2019-03-26,2019-04-16,224.9895,231.074,2.704318115312332,15,time,2019
XLI,sma50_bullish_bounce,2019-03-26,2019-04-16,65.6067,68.7477,4.787498371519705,15,time,2019
EEM,sma50_bullish_bounce,2019-03-26,2019-03-27,36.1539,35.6843,-1.2990650000785586,1,thesis,2019
EEM,sma50_bullish_bounce,2019-03-29,2019-04-22,36.3912,37.4347,2.8673910725400376,15,time,2019
MDY,sma50_bullish_bounce,2019-03-29,2019-04-22,317.0193,324.0061,2.203920845288976,15,time,2019
XLV,sma50_bullish_bounce,2019-04-01,2019-04-11,81.5806,79.9447,-2.005277781651149,8,thesis,2019
GLD,sma50_bullish_bounce,2019-04-11,2019-04-11,122.6625,121.828,-0.680316874992315,0,thesis,2019
TLT,sma50_bullish_bounce,2019-04-18,2019-05-10,99.979,101.5682,1.5895282656405385,15,time,2019
IWM,sma50_bullish_bounce,2019-04-24,2019-05-09,144.1313,140.4103,-2.581640379512895,11,stop,2019
XLU,sma50_bullish_bounce,2019-04-24,2019-05-08,23.0117,22.7542,-1.1190441460432465,10,thesis,2019
EEM,sma50_bullish_bounce,2019-04-26,2019-05-06,37.0944,36.2255,-2.342620809745699,6,gap_stop,2019
XLB,sma50_bullish_bounce,2019-05-06,2019-05-06,23.9289,24.1142,0.7743899585370917,0,thesis,2019
DIA,sma50_bullish_bounce,2019-05-07,2019-05-07,229.4417,226.8331,-1.1369353783951097,0,thesis,2019
XLV,sma50_bullish_bounce,2019-05-07,2019-05-07,79.4684,78.3924,-1.3540740129180606,0,thesis,2019
EFA,sma50_bullish_bounce,2019-05-07,2019-05-07,52.3347,51.7845,-1.0513600135158563,0,thesis,2019
XLI,sma50_bullish_bounce,2019-05-09,2019-05-13,67.0679,65.8847,-1.764140535840153,2,thesis,2019
SMH,sma50_bullish_bounce,2019-05-10,2019-05-13,52.169,49.8471,-4.450836754815546,1,stop,2019
SPY,sma50_bullish_bounce,2019-05-10,2019-05-13,256.892,252.106,-1.8630370833095156,1,thesis,2019
XLK,sma50_bullish_bounce,2019-05-10,2019-05-13,35.4262,34.345,-3.051941295452343,1,stop,2019
QQQ,sma50_bullish_bounce,2019-05-10,2019-05-13,176.2829,171.2163,-2.8741425124578446,1,stop,2019
MDY,sma50_bullish_bounce,2019-05-10,2019-05-13,320.3335,311.6852,-2.6997921502695643,1,stop,2019
IWM,sma50_bullish_bounce,2019-05-13,2019-05-13,140.5376,138.3769,-1.5374810161822405,0,thesis,2019
XLY,sma50_bullish_bounce,2019-05-13,2019-05-13,53.8741,53.2424,-1.1724397599421787,0,thesis,2019
XLU,sma50_bullish_bounce,2019-05-13,2019-05-29,23.1077,23.1773,0.3011067165339387,11,thesis,2019
GLD,sma50_bullish_bounce,2019-05-14,2019-05-16,122.7226,121.3885,-1.087091012662078,2,thesis,2019
XLF,sma50_bullish_bounce,2019-05-15,2019-05-23,23.2598,23.2395,-0.08734351918843197,6,thesis,2019
QQQ,sma50_bullish_bounce,2019-05-16,2019-05-17,175.3829,174.9083,-0.2706528021423682,1,thesis,2019
XLY,sma50_bullish_bounce,2019-05-16,2019-05-20,54.4788,53.846,-1.1616533772298987,2,thesis,2019
SPY,sma50_bullish_bounce,2019-05-17,2019-05-17,256.4602,256.5761,0.04519632427597564,0,thesis,2019
XLK,sma50_bullish_bounce,2019-05-17,2019-05-17,35.3135,35.3226,0.0257795293971963,0,thesis,2019
GLD,sma50_bullish_bounce,2019-05-31,2019-06-21,122.6726,131.848,7.479637823223939,15,time,2019
XLU,sma50_bullish_bounce,2019-06-03,2019-06-24,23.3717,24.5451,5.020824923627387,15,time,2019
XLF,sma50_bullish_bounce,2019-06-05,2019-06-17,23.5394,23.536,-0.014548709816020189,8,thesis,2019
XLP,sma50_bullish_bounce,2019-06-05,2019-06-26,47.094,48.1214,2.181625085936023,15,time,2019
XLB,sma50_bullish_bounce,2019-06-05,2019-06-26,24.3485,25.1096,3.1258896777624834,15,time,2019
XLV,sma50_bullish_bounce,2019-06-07,2019-06-28,79.8573,82.0573,2.754942036186492,15,time,2019
SPY,sma50_bullish_bounce,2019-06-10,2019-07-01,260.2648,266.6816,2.4654795302518906,15,time,2019
DIA,sma50_bullish_bounce,2019-06-10,2019-07-01,229.9254,234.4832,1.982271933299895,15,time,2019
XLK,sma50_bullish_bounce,2019-06-10,2019-07-01,36.0319,37.2814,3.467734849198534,15,time,2019
EFA,sma50_bullish_bounce,2019-06-10,2019-06-14,52.4145,51.8561,-1.0652630512339223,4,thesis,2019
XLY,sma50_bullish_bounce,2019-06-11,2019-07-02,55.1726,56.5762,2.543871219539584,15,time,2019
QQQ,sma50_bullish_bounce,2019-06-18,2019-07-10,178.0064,184.4122,3.598592346803553,15,time,2019
XLF,sma50_bullish_bounce,2019-06-19,2019-06-25,23.9414,23.6822,-1.0824631684465569,4,thesis,2019
IWM,sma50_bullish_bounce,2019-06-19,2019-06-24,141.4918,139.2768,-1.5655284245936874,3,thesis,2019
XLI,sma50_bullish_bounce,2019-06-19,2019-07-11,68.3686,68.7966,0.6260561523718122,15,time,2019
EFA,sma50_bullish_bounce,2019-06-19,2019-07-11,52.812,53.4301,1.17027365268767,15,time,2019
MDY,sma50_bullish_bounce,2019-06-19,2019-06-25,321.2948,317.364,-1.2234160404198335,4,thesis,2019
EEM,sma50_bullish_bounce,2019-06-20,2019-07-12,36.865,36.5102,-0.9624968849598292,15,time,2019
SMH,sma50_bullish_bounce,2019-06-27,2019-07-19,51.9457,55.2228,6.308703892285683,15,time,2019
XLF,sma50_bullish_bounce,2019-06-28,2019-07-22,24.1775,24.5411,1.504008222506914,15,time,2019
IWM,sma50_bullish_bounce,2019-06-28,2019-07-22,141.2716,140.7421,-0.3748254964561881,15,time,2019
MDY,sma50_bullish_bounce,2019-06-28,2019-07-22,322.2176,323.3532,0.3524292800920037,15,time,2019
TLT,sma50_bullish_bounce,2019-07-15,2019-08-05,106.8492,113.7446,6.453371918585238,15,time,2019
XLV,sma50_bullish_bounce,2019-07-24,2019-07-31,81.6536,80.7287,-1.132711620974458,5,thesis,2019
XLU,sma50_bullish_bounce,2019-07-26,2019-07-31,24.1105,23.9577,-0.6336542795836397,3,thesis,2019
XLU,sma50_bullish_bounce,2019-08-02,2019-08-05,24.2879,23.8531,-1.7899866030325229,1,thesis,2019
XLF,sma50_bullish_bounce,2019-08-05,2019-08-05,23.7033,23.3842,-1.346076928268769,0,thesis,2019
XLU,sma50_bullish_bounce,2019-08-07,2019-08-28,24.2073,24.9957,3.2570925312057186,15,time,2019
SMH,sma50_bullish_bounce,2019-08-08,2019-08-12,53.0005,52.2355,-1.4433951854689542,2,thesis,2019
XLP,sma50_bullish_bounce,2019-08-08,2019-08-12,48.9244,48.8847,-0.081097562465271,2,thesis,2019
SPY,sma50_bullish_bounce,2019-08-09,2019-08-09,264.4318,263.0376,-0.5272571121670011,0,thesis,2019
XLK,sma50_bullish_bounce,2019-08-09,2019-08-09,37.1864,36.9099,-0.7435675257804086,0,thesis,2019
QQQ,sma50_bullish_bounce,2019-08-09,2019-08-09,179.7915,178.5991,-0.6632165439380167,0,thesis,2019
XLY,sma50_bullish_bounce,2019-08-09,2019-08-09,56.0026,55.5339,-0.8369137075705524,0,thesis,2019
MDY,sma50_bullish_bounce,2019-08-09,2019-08-09,321.2711,317.7309,-1.1019283630275378,0,thesis,2019
XLB,sma50_bullish_bounce,2019-08-09,2019-08-12,25.2208,24.6797,-2.145507334592811,1,thesis,2019
SMH,sma50_bullish_bounce,2019-08-14,2019-08-14,52.5016,52.0032,-0.9494323135901261,0,thesis,2019
XLK,sma50_bullish_bounce,2019-08-14,2019-08-14,36.7247,36.1904,-1.4546696861126418,0,thesis,2019
QQQ,sma50_bullish_bounce,2019-08-14,2019-08-14,177.8722,175.0268,-1.599676806177941,0,thesis,2019
XLP,sma50_bullish_bounce,2019-08-14,2019-08-14,49.0989,48.6607,-0.8926221730195194,0,thesis,2019
XLP,sma50_bullish_bounce,2019-08-16,2019-09-09,49.7058,50.8593,2.3206470862208173,15,time,2019
SMH,sma50_bullish_bounce,2019-08-19,2019-08-23,54.4782,52.0174,-4.517002756272892,4,thesis,2019
SMH,sma50_bullish_bounce,2019-08-30,2019-09-03,54.5637,53.3972,-2.137759812457396,1,thesis,2019
XLK,sma50_bullish_bounce,2019-08-30,2019-09-03,37.7283,36.9428,-2.0818760155384197,1,thesis,2019
XLY,sma50_bullish_bounce,2019-08-30,2019-08-30,56.7129,56.1396,-1.0110458151976642,0,thesis,2019
SPY,sma50_bullish_bounce,2019-09-05,2019-09-26,268.2368,269.1273,0.33200729263362927,15,time,2019
XLK,sma50_bullish_bounce,2019-09-05,2019-09-26,38.1429,38.1004,-0.11148692605014165,15,time,2019
XLY,sma50_bullish_bounce,2019-09-05,2019-09-24,57.1081,56.2975,-1.4193622617680646,13,thesis,2019
XLF,sma50_bullish_bounce,2019-09-06,2019-09-27,24.1336,24.7279,2.4626524991111287,15,time,2019
XLI,sma50_bullish_bounce,2019-09-06,2019-09-27,69.1938,69.5922,0.5756854735267325,15,time,2019
MDY,sma50_bullish_bounce,2019-09-06,2019-09-06,321.2802,319.9321,-0.4196150063261239,0,thesis,2019
EFA,sma50_bullish_bounce,2019-09-09,2019-09-30,52.7306,53.0155,0.5402544472681958,15,time,2019
MDY,sma50_bullish_bounce,2019-09-10,2019-10-01,322.2361,318.3438,-1.2078979657458744,15,thesis,2019
QQQ,sma50_bullish_bounce,2019-09-11,2019-09-24,183.2844,180.3794,-1.5849552021862667,9,thesis,2019
IWM,sma50_bullish_bounce,2019-09-11,2019-09-27,141.7947,138.9208,-2.026789935639839,12,thesis,2019
XLB,sma50_bullish_bounce,2019-09-11,2019-10-01,25.0772,24.8037,-1.090394809490125,14,thesis,2019
XLV,sma50_bullish_bounce,2019-09-12,2019-09-25,81.6536,80.2546,-1.7133237963795178,9,thesis,2019
TLT,sma50_bullish_bounce,2019-09-18,2019-10-09,115.0453,118.6495,3.13280078705922,15,time,2019
XLP,sma50_bullish_bounce,2019-09-19,2019-10-10,50.5704,50.8264,0.5061673046643067,15,time,2019
SMH,sma50_bullish_bounce,2019-09-26,2019-10-03,57.1579,54.7894,-4.143727221019155,5,stop,2019
QQQ,sma50_bullish_bounce,2019-09-26,2019-09-27,182.529,179.4773,-1.6718776791399215,1,thesis,2019
XLY,sma50_bullish_bounce,2019-09-26,2019-09-27,56.92,56.3682,-0.969381712401518,1,thesis,2019
GLD,sma50_bullish_bounce,2019-09-30,2019-09-30,139.9098,138.7311,-0.8424351770675798,0,thesis,2019
XLK,sma50_bullish_bounce,2019-10-01,2019-10-02,38.2334,36.9505,-3.3554204115104236,1,stop,2019
QQQ,sma50_bullish_bounce,2019-10-01,2019-10-01,182.2117,179.7077,-1.3742277415521253,0,thesis,2019
XLY,sma50_bullish_bounce,2019-10-01,2019-10-02,57.0993,55.536,-2.7378458190915778,1,stop,2019
GLD,sma50_bullish_bounce,2019-10-03,2019-10-07,141.5014,140.5493,-0.6728190936725942,2,thesis,2019
SPY,sma50_bullish_bounce,2019-10-07,2019-10-08,266.461,261.4523,-1.8797085119040657,1,thesis,2019
DIA,sma50_bullish_bounce,2019-10-07,2019-10-08,234.5138,231.0944,-1.4580518758902872,1,thesis,2019
XLF,sma50_bullish_bounce,2019-10-07,2019-10-08,24.1419,23.5915,-2.2797115569096915,1,thesis,2019
XLK,sma50_bullish_bounce,2019-10-07,2019-10-08,37.9451,37.1428,-2.1142514669388546,1,thesis,2019
QQQ,sma50_bullish_bounce,2019-10-07,2019-10-08,181.029,177.9325,-1.7105329353306664,1,thesis,2019
EFA,sma50_bullish_bounce,2019-10-07,2019-10-08,52.2337,51.6171,-1.1803928955646747,1,thesis,2019
XLK,sma50_bullish_bounce,2019-10-10,2019-10-31,37.7324,39.4684,4.600846293316585,15,time,2019
EFA,sma50_bullish_bounce,2019-10-10,2019-10-31,52.0707,54.8122,5.264847566964681,15,time,2019
SPY,sma50_bullish_bounce,2019-10-11,2019-11-01,269.0034,277.4096,3.1249422983359754,15,time,2019
DIA,sma50_bullish_bounce,2019-10-11,2019-11-01,237.0366,241.6385,1.9413966054382836,15,time,2019
XLF,sma50_bullish_bounce,2019-10-11,2019-11-01,24.4861,25.6529,4.7650217429933805,15,time,2019
QQQ,sma50_bullish_bounce,2019-10-11,2019-11-01,183.4905,190.8393,4.004978612501819,15,time,2019
XLY,sma50_bullish_bounce,2019-10-11,2019-11-01,56.8586,57.3008,0.777706000549494,15,time,2019
MDY,sma50_bullish_bounce,2019-10-14,2019-11-04,321.0384,334.5487,4.208315496905102,15,time,2019
XLB,sma50_bullish_bounce,2019-10-14,2019-11-04,24.9933,25.956,3.851592597538356,15,time,2019
IWM,sma50_bullish_bounce,2019-10-16,2019-11-06,139.245,145.4184,4.4334734498252315,15,time,2019
XLP,sma50_bullish_bounce,2019-10-17,2019-11-04,50.6271,50.5426,-0.16683297362884986,12,thesis,2019
XLU,sma50_bullish_bounce,2019-10-17,2019-10-28,25.7757,25.6553,-0.4671652472097554,7,thesis,2019
XLU,sma50_bullish_bounce,2019-10-30,2019-11-04,25.7513,25.6512,-0.38872817003444693,3,thesis,2019
GLD,sma50_bullish_bounce,2019-11-01,2019-11-05,142.3522,139.3676,-2.096675579740337,2,stop,2019
XLP,sma50_bullish_bounce,2019-11-07,2019-11-07,51.0787,50.7429,-0.6573037031969653,0,thesis,2019
XLY,sma50_bullish_bounce,2019-11-12,2019-11-13,57.1937,56.8204,-0.6527787168593369,1,thesis,2019
XLP,sma50_bullish_bounce,2019-11-13,2019-12-05,50.9783,52.1033,2.2068096605835086,15,time,2019
XLY,sma50_bullish_bounce,2019-11-15,2019-11-19,57.4533,56.7356,-1.2492255454080725,2,thesis,2019
TLT,sma50_bullish_bounce,2019-11-21,2019-11-21,115.2085,115.0442,-0.14262318205071622,0,thesis,2019
TLT,sma50_bullish_bounce,2019-11-26,2019-12-02,116.3306,113.9034,-2.0864240804355116,3,stop,2019
XLY,sma50_bullish_bounce,2019-11-26,2019-12-03,57.2645,56.6272,-1.1128391715943597,4,thesis,2019
TLT,sma50_bullish_bounce,2019-12-04,2019-12-05,115.9851,114.747,-1.0674170887084444,1,thesis,2019
EEM,sma50_bullish_bounce,2019-12-04,2019-12-26,36.3955,39.0654,7.335851398635995,15,time,2019
EFA,sma50_bullish_bounce,2019-12-04,2019-12-26,55.3944,57.1562,3.1804539239586704,15,time,2019
XLB,sma50_bullish_bounce,2019-12-04,2019-12-26,25.9992,26.9417,3.625061496992732,15,time,2019
XLY,sma50_bullish_bounce,2019-12-05,2019-12-05,57.2692,56.8863,-0.6686158017976118,0,thesis,2019
TLT,sma50_bullish_bounce,2019-12-12,2019-12-12,115.0346,113.3696,-1.4473962399275675,0,thesis,2019
XLY,sma50_bullish_bounce,2019-12-12,2020-01-06,57.6798,59.6305,3.3819369635960106,15,time,2019
XLU,sma50_bullish_bounce,2019-12-16,2020-01-08,25.7432,26.1008,1.389098902467123,15,time,2019
GLD,sma50_bullish_bounce,2019-12-20,2020-01-14,139.5094,145.5443,4.325836707666242,15,time,2019
TLT,sma50_bullish_bounce,2020-01-06,2020-01-07,115.6326,113.7163,-1.6572693374639846,1,thesis,2020
XLB,sma50_bullish_bounce,2020-01-10,2020-01-10,26.3668,26.1474,-0.8322852297151018,0,thesis,2020
TLT,sma50_bullish_bounce,2020-01-13,2020-02-04,114.1344,118.8123,4.098613469950507,15,time,2020
XLB,sma50_bullish_bounce,2020-01-14,2020-01-24,26.5119,26.2176,-1.1102589372562477,7,thesis,2020
DIA,sma50_bullish_bounce,2020-01-28,2020-01-31,254.8963,251.0096,-1.5248325839816945,3,thesis,2020
IWM,sma50_bullish_bounce,2020-01-28,2020-01-31,152.0391,148.0957,-2.5936526925248615,3,stop,2020
XLY,sma50_bullish_bounce,2020-01-28,2020-02-19,59.0349,62.5086,5.884140981083963,15,time,2020
MDY,sma50_bullish_bounce,2020-01-28,2020-01-31,345.4461,338.0533,-2.1400740507833804,3,stop,2020
XLI,sma50_bullish_bounce,2020-01-29,2020-01-31,75.3304,73.5589,-2.3515962897769693,2,stop,2020
EFA,sma50_bullish_bounce,2020-01-29,2020-01-29,56.694,56.482,-0.37382371242105084,0,thesis,2020
XLF,sma50_bullish_bounce,2020-01-31,2020-01-31,26.9175,26.5273,-1.4497732496175475,0,thesis,2020
XLV,sma50_bullish_bounce,2020-01-31,2020-01-31,90.7587,89.1211,-1.8043714022418889,0,thesis,2020
SMH,sma50_bullish_bounce,2020-02-04,2020-02-24,69.0595,66.2617,-4.051242208355421,13,stop,2020
IWM,sma50_bullish_bounce,2020-02-05,2020-02-24,153.8691,149.3002,-2.969373049984525,12,gap_stop,2020
XLV,sma50_bullish_bounce,2020-02-05,2020-02-24,92.1278,89.7811,-2.5472648581633783,12,stop,2020
XLI,sma50_bullish_bounce,2020-02-05,2020-02-24,75.5202,73.2672,-2.983326912055184,12,gap_stop,2020
MDY,sma50_bullish_bounce,2020-02-05,2020-02-24,350.2528,340.5411,-2.772787491553086,12,gap_stop,2020
XLB,sma50_bullish_bounce,2020-02-06,2020-02-24,26.9517,25.8094,-4.238062651105301,11,gap_stop,2020
EFA,sma50_bullish_bounce,2020-02-11,2020-02-18,57.32,56.5313,-1.375966282663632,4,thesis,2020
EEM,sma50_bullish_bounce,2020-02-12,2020-02-14,38.882,38.4649,-1.0726949953758669,2,thesis,2020
XLP,sma50_bullish_bounce,2020-03-05,2020-03-05,52.1294,52.1935,0.12301614829792751,0,thesis,2020
XLU,sma50_bullish_bounce,2020-03-05,2020-03-09,27.6719,25.9659,-6.165034636545141,2,gap_stop,2020
TLT,sma50_bullish_bounce,2020-05-07,2020-05-11,136.1896,135.2028,-0.7245370686071451,2,thesis,2020
TLT,sma50_bullish_bounce,2020-05-13,2020-05-18,137.4635,135.4936,-1.4330167513907033,3,thesis,2020
TLT,sma50_bullish_bounce,2020-05-26,2020-05-26,136.3144,135.7263,-0.4314571643986964,0,thesis,2020
GLD,sma50_bullish_bounce,2020-06-05,2020-06-05,158.8787,157.852,-0.6462392834598263,0,thesis,2020
GLD,sma50_bullish_bounce,2020-06-11,2020-07-02,163.5134,166.813,2.017975595816357,15,time,2020
XLV,sma50_bullish_bounce,2020-06-17,2020-06-24,91.172,88.6721,-2.7420176916028383,5,thesis,2020
TLT,sma50_bullish_bounce,2020-06-29,2020-07-01,137.4401,136.1351,-0.9495066267800722,2,thesis,2020
XLV,sma50_bullish_bounce,2020-07-01,2020-07-23,91.3855,96.4008,5.488046163145288,15,time,2020
TLT,sma50_bullish_bounce,2020-07-06,2020-07-06,135.4978,135.7186,0.1629285117053625,0,thesis,2020
TLT,sma50_bullish_bounce,2020-07-08,2020-07-29,137.1588,141.6082,3.2439147165430837,15,time,2020
DIA,sma50_bullish_bounce,2020-07-31,2020-08-21,237.7119,251.7525,5.9065509099937685,15,time,2020
TLT,sma50_bullish_bounce,2020-08-24,2020-08-25,138.9827,137.3206,-1.1959020428186196,1,thesis,2020
XLU,sma50_bullish_bounce,2020-09-03,2020-09-08,25.1885,24.5681,-2.4631041305462453,2,thesis,2020
GLD,sma50_bullish_bounce,2020-09-09,2020-09-21,182.6825,179.3405,-1.829412084798221,8,thesis,2020
SMH,sma50_bullish_bounce,2020-09-10,2020-09-10,82.2155,80.078,-2.599963947672701,0,thesis,2020
IWM,sma50_bullish_bounce,2020-09-10,2020-09-10,142.2788,139.5045,-1.949884110889244,0,thesis,2020
XLV,sma50_bullish_bounce,2020-09-10,2020-09-10,96.4393,94.5049,-2.0057964640084025,0,thesis,2020
EEM,sma50_bullish_bounce,2020-09-10,2020-09-10,38.8269,38.0841,-1.9131131489776743,0,thesis,2020
MDY,sma50_bullish_bounce,2020-09-10,2020-09-10,322.1789,315.7487,-1.9958456992063778,0,thesis,2020
QQQ,sma50_bullish_bounce,2020-09-15,2020-09-17,269.9216,260.9735,-3.31507171467319,2,thesis,2020
IWM,sma50_bullish_bounce,2020-09-15,2020-09-21,143.7218,137.5767,-4.27567471759337,4,stop,2020
XLV,sma50_bullish_bounce,2020-09-15,2020-09-17,96.9301,95.8837,-1.0795073174992842,2,thesis,2020
MDY,sma50_bullish_bounce,2020-09-15,2020-09-18,324.681,317.735,-2.139324104234286,3,thesis,2020
SMH,sma50_bullish_bounce,2020-09-18,2020-09-18,82.8714,80.9876,-2.2731587252184493,0,thesis,2020
SPY,sma50_bullish_bounce,2020-09-18,2020-09-18,310.3934,305.4135,-1.6043893751638616,0,thesis,2020
XLK,sma50_bullish_bounce,2020-09-18,2020-09-18,54.448,53.3136,-2.0834853455748314,0,thesis,2020
XLP,sma50_bullish_bounce,2020-09-18,2020-09-21,55.0156,53.344,-3.0382981775637474,1,stop,2020
SMH,sma50_bullish_bounce,2020-09-23,2020-09-23,81.9358,79.8229,-2.578785517321225,0,thesis,2020
XLK,sma50_bullish_bounce,2020-09-23,2020-09-23,54.7458,52.9058,-3.361125364571804,0,thesis,2020
XLY,sma50_bullish_bounce,2020-09-23,2020-09-23,69.7809,67.7955,-2.8451857198077857,0,thesis,2020
XLI,sma50_bullish_bounce,2020-09-28,2020-10-19,71.1471,73.8837,3.8463091525191784,15,time,2020
XLY,sma50_bullish_bounce,2020-09-28,2020-10-19,69.6901,72.0122,3.332019706223033,15,time,2020
SMH,sma50_bullish_bounce,2020-09-29,2020-10-20,83.4935,89.3766,7.046132542484829,15,time,2020
SPY,sma50_bullish_bounce,2020-09-29,2020-09-29,309.0977,307.0022,-0.6779297570321252,0,thesis,2020
DIA,sma50_bullish_bounce,2020-09-29,2020-09-29,249.5189,247.9542,-0.6270988289646118,0,thesis,2020
QQQ,sma50_bullish_bounce,2020-09-29,2020-10-02,267.5903,264.8254,-1.0332362189117927,3,thesis,2020
XLP,sma50_bullish_bounce,2020-09-29,2020-09-29,54.8274,54.3318,-0.9039360763067883,0,thesis,2020
SPY,sma50_bullish_bounce,2020-10-01,2020-10-02,312.5406,308.36,-1.3376058542872826,1,thesis,2020
DIA,sma50_bullish_bounce,2020-10-01,2020-10-22,252.896,256.3993,1.3852661912709952,15,time,2020
XLP,sma50_bullish_bounce,2020-10-01,2020-10-22,55.4205,55.9961,1.0386027879032644,15,time,2020
IWM,sma50_bullish_bounce,2020-10-02,2020-10-23,139.6251,152.086,8.924532112892436,15,time,2020
EEM,sma50_bullish_bounce,2020-10-02,2020-10-02,38.441,38.5043,0.1645168449784018,0,thesis,2020
XLU,sma50_bullish_bounce,2020-10-02,2020-10-23,25.0225,27.1759,8.606086644826071,15,time,2020
MDY,sma50_bullish_bounce,2020-10-05,2020-10-26,327.2582,336.2121,2.7360226099244933,15,time,2020
XLB,sma50_bullish_bounce,2020-10-05,2020-10-26,28.5362,28.7202,0.6447651523449949,15,time,2020
SPY,sma50_bullish_bounce,2020-10-06,2020-10-06,314.5953,309.3668,-1.661969850849332,0,thesis,2020
QQQ,sma50_bullish_bounce,2020-10-06,2020-10-06,270.3278,265.646,-1.7318942818379313,0,thesis,2020
XLV,sma50_bullish_bounce,2020-10-06,2020-10-06,97.279,95.5273,-1.8007218952161508,0,thesis,2020
EEM,sma50_bullish_bounce,2020-10-06,2020-10-27,39.2216,40.1936,2.4781983449341682,15,time,2020
EFA,sma50_bullish_bounce,2020-10-06,2020-10-06,54.232,53.5066,-1.3375708345926496,0,thesis,2020
QQQ,sma50_bullish_bounce,2020-10-08,2020-10-26,273.1816,270.7725,-0.8818625608803754,12,thesis,2020
XLV,sma50_bullish_bounce,2020-10-08,2020-10-21,98.0912,96.3743,-1.7503271746781568,9,thesis,2020
EFA,sma50_bullish_bounce,2020-10-08,2020-10-15,54.3155,53.7317,-1.0748508870228712,5,thesis,2020
XLF,sma50_bullish_bounce,2020-10-16,2020-10-19,22.6526,22.2368,-1.835203130315799,1,thesis,2020
EFA,sma50_bullish_bounce,2020-10-19,2020-10-19,54.3823,53.7817,-1.1044208130386313,0,thesis,2020
SPY,sma50_bullish_bounce,2020-10-23,2020-10-26,320.167,313.4864,-2.086606844121719,1,thesis,2020
XLF,sma50_bullish_bounce,2020-10-23,2020-10-27,22.9332,22.0177,-3.9923309716198396,2,stop,2020
XLV,sma50_bullish_bounce,2020-10-23,2020-10-28,98.5201,94.8443,-3.731081834682437,3,gap_stop,2020
EFA,sma50_bullish_bounce,2020-10-26,2020-10-26,53.6053,53.2064,-0.7442250183920973,0,thesis,2020
QQQ,sma50_bullish_bounce,2020-10-28,2020-10-28,268.9348,262.2477,-2.4865048618285757,0,thesis,2020
SMH,sma50_bullish_bounce,2020-10-30,2020-10-30,84.7763,84.2027,-0.676686288625894,0,thesis,2020
IWM,sma50_bullish_bounce,2020-10-30,2020-10-30,144.2135,142.7782,-0.9952598703929061,0,thesis,2020
EEM,sma50_bullish_bounce,2020-10-30,2020-10-30,39.3356,39.1345,-0.5113267891908579,0,thesis,2020
IWM,sma50_bullish_bounce,2020-11-03,2020-11-24,148.0543,171.8114,16.04618315780355,15,time,2020
EEM,sma50_bullish_bounce,2020-11-03,2020-11-24,39.7829,43.6335,9.678997709254356,15,time,2020
MDY,sma50_bullish_bounce,2020-11-03,2020-11-24,334.8436,378.1941,12.946493273780323,15,time,2020
XLB,sma50_bullish_bounce,2020-11-03,2020-11-24,29.5424,32.1747,8.910028081205134,15,time,2020
SPY,sma50_bullish_bounce,2020-11-05,2020-11-27,323.2304,335.9132,3.923774662693269,15,time,2020
XLK,sma50_bullish_bounce,2020-11-05,2020-11-27,57.7686,58.6429,1.5133380246738826,15,time,2020
QQQ,sma50_bullish_bounce,2020-11-05,2020-11-27,283.9482,288.6715,1.6634260775700405,15,time,2020
XLY,sma50_bullish_bounce,2020-11-05,2020-11-27,73.0931,75.4704,3.252410173494824,15,time,2020
EFA,sma50_bullish_bounce,2020-11-05,2020-11-27,55.151,59.7936,8.417997217405148,15,time,2020
XLU,sma50_bullish_bounce,2020-12-03,2020-12-03,26.7467,26.4582,-1.078540287475216,0,thesis,2020
XLP,sma50_bullish_bounce,2020-12-22,2021-01-12,57.7395,57.1916,-0.9489326415957455,13,thesis,2020
GLD,sma50_bullish_bounce,2020-12-24,2021-01-08,175.7256,171.3093,-2.513165298218989,9,stop,2020
XLU,sma50_bullish_bounce,2021-01-19,2021-01-27,26.8582,26.1358,-2.689684490730171,6,thesis,2021
GLD,sma50_bullish_bounce,2021-01-21,2021-01-22,175.2851,173.7261,-0.8894176481619165,1,thesis,2021
XLI,sma50_bullish_bounce,2021-01-25,2021-01-25,81.2652,80.928,-0.41502744756614085,0,thesis,2021
XLE,sma50_bullish_bounce,2021-01-28,2021-01-29,16.5639,16.0373,-3.1792949513092417,1,thesis,2021
XLU,sma50_bullish_bounce,2021-01-29,2021-01-29,26.3663,26.3051,-0.23190039333624846,0,thesis,2021
SPY,sma50_bullish_bounce,2021-02-02,2021-02-24,352.8735,363.411,2.9862128153009815,15,time,2021
XLF,sma50_bullish_bounce,2021-02-02,2021-02-24,27.0067,30.4773,12.851248653094949,15,time,2021
DIA,sma50_bullish_bounce,2021-02-03,2021-02-25,278.5142,285.6574,2.5647466079814274,15,time,2021
XLU,sma50_bullish_bounce,2021-02-03,2021-02-16,26.6716,26.2078,-1.7390905629588005,8,thesis,2021
XLI,sma50_bullish_bounce,2021-02-05,2021-03-01,82.243,85.5493,4.02010966674986,15,time,2021
XLB,sma50_bullish_bounce,2021-02-08,2021-02-26,33.3305,32.9903,-1.0207392352103883,13,thesis,2021
XLU,sma50_bullish_bounce,2021-02-19,2021-02-19,26.4426,25.9919,-1.7044040980088937,0,thesis,2021
XLK,sma50_bullish_bounce,2021-02-24,2021-02-25,63.233,62.2968,-1.480594176501182,1,thesis,2021
QQQ,sma50_bullish_bounce,2021-02-24,2021-02-25,308.8942,302.561,-2.0502852798253035,1,thesis,2021
XLY,sma50_bullish_bounce,2021-02-25,2021-02-25,79.2476,76.6903,-3.2269749997365094,0,thesis,2021
SPY,sma50_bullish_bounce,2021-03-02,2021-03-04,362.3261,351.1214,-3.0924307383408345,2,stop,2021
XLK,sma50_bullish_bounce,2021-03-02,2021-03-03,64.8656,62.0647,-4.318006878778025,1,stop,2021
QQQ,sma50_bullish_bounce,2021-03-02,2021-03-02,314.234,307.9482,-2.0003608103267956,0,thesis,2021
EFA,sma50_bullish_bounce,2021-03-02,2021-03-04,63.5573,62.4284,-1.7761249484927966,2,thesis,2021
SPY,sma50_bullish_bounce,2021-03-08,2021-03-29,357.53,368.3332,3.0216155303496306,15,time,2021
DIA,sma50_bullish_bounce,2021-03-08,2021-03-29,288.7544,302.3585,4.711313510625792,15,time,2021
IWM,sma50_bullish_bounce,2021-03-08,2021-03-23,205.6338,203.0711,-1.2462082250530138,11,thesis,2021
MDY,sma50_bullish_bounce,2021-03-08,2021-03-29,432.7086,441.3285,1.9920734997543432,15,time,2021
XLB,sma50_bullish_bounce,2021-03-08,2021-03-29,33.9597,35.7737,5.341482331024605,15,time,2021
EFA,sma50_bullish_bounce,2021-03-10,2021-03-24,63.861,63.1945,-1.0435528374213243,10,thesis,2021
XLP,sma50_bullish_bounce,2021-03-11,2021-04-01,57.0721,59.1274,3.601202858335939,15,time,2021
XLK,sma50_bullish_bounce,2021-03-12,2021-03-12,62.7961,62.9725,0.2809660776631917,0,thesis,2021
XLY,sma50_bullish_bounce,2021-03-12,2021-03-18,78.7783,79.0701,0.3703914079476123,4,thesis,2021
EEM,sma50_bullish_bounce,2021-03-12,2021-03-12,47.7085,47.7458,0.07824924690527091,0,thesis,2021
XLU,sma50_bullish_bounce,2021-03-15,2021-04-06,26.5062,27.7254,4.599416104728693,15,time,2021
XLK,sma50_bullish_bounce,2021-03-16,2021-03-18,64.2606,62.292,-3.0633768211693613,2,thesis,2021
XLV,sma50_bullish_bounce,2021-03-16,2021-03-16,105.8446,105.4594,-0.3639615820543951,0,thesis,2021
SMH,sma50_bullish_bounce,2021-03-17,2021-03-18,113.9794,111.9779,-1.756051353860466,1,thesis,2021
QQQ,sma50_bullish_bounce,2021-03-18,2021-03-18,307.0819,301.7969,-1.7210348776564022,0,thesis,2021
SMH,sma50_bullish_bounce,2021-03-23,2021-03-23,116.3201,113.0489,-2.8121981554995568,0,thesis,2021
XLV,sma50_bullish_bounce,2021-03-23,2021-03-23,106.2303,105.0729,-1.089561171443254,0,thesis,2021
EFA,sma50_bullish_bounce,2021-03-26,2021-04-19,64.0128,66.638,4.101030464202671,15,time,2021
SMH,sma50_bullish_bounce,2021-03-29,2021-03-29,116.2424,115.2347,-0.8668821617813682,0,thesis,2021
XLK,sma50_bullish_bounce,2021-03-29,2021-03-29,63.6456,63.3792,-0.41861708792358954,0,thesis,2021
IWM,sma50_bullish_bounce,2021-03-29,2021-03-29,205.6917,200.9597,-2.3005215985113625,0,thesis,2021
XLV,sma50_bullish_bounce,2021-03-29,2021-04-20,107.1682,111.9371,4.449848333940465,15,time,2021
XLY,sma50_bullish_bounce,2021-03-31,2021-04-22,80.3231,84.231,4.865291999432442,15,time,2021
SMH,sma50_bullish_bounce,2021-04-01,2021-04-23,120.4527,120.7742,0.2669333112953476,15,time,2021
XLK,sma50_bullish_bounce,2021-04-01,2021-04-23,64.6031,68.5271,6.073971733617589,15,time,2021
IWM,sma50_bullish_bounce,2021-04-01,2021-04-07,208.8756,206.8554,-0.9671581264616425,3,thesis,2021
IWM,sma50_bullish_bounce,2021-04-09,2021-04-12,208.9601,207.8209,-0.5452133236161005,1,thesis,2021
XLE,sma50_bullish_bounce,2021-04-15,2021-04-16,20.3411,19.9501,-1.9222436742106663,1,thesis,2021
IWM,sma50_bullish_bounce,2021-04-15,2021-04-19,211.402,207.8302,-1.6895530557172966,2,thesis,2021
IWM,sma50_bullish_bounce,2021-04-26,2021-05-05,213.1959,208.4582,-2.222195199531596,7,thesis,2021
EEM,sma50_bullish_bounce,2021-04-26,2021-04-30,48.3288,47.737,-1.2245287994296805,4,thesis,2021
XLE,sma50_bullish_bounce,2021-04-29,2021-05-20,20.9937,21.4546,2.1955600760286798,15,time,2021
EEM,sma50_bullish_bounce,2021-05-04,2021-05-04,47.4781,47.1975,-0.5909597850846993,0,thesis,2021
XLK,sma50_bullish_bounce,2021-05-07,2021-05-10,66.9946,65.0791,-2.859123889561066,1,thesis,2021
QQQ,sma50_bullish_bounce,2021-05-07,2021-05-11,324.4506,309.5961,-4.578359636447226,2,gap_stop,2021
EEM,sma50_bullish_bounce,2021-05-07,2021-05-10,48.2579,47.4982,-1.5741857076135068,1,thesis,2021
SMH,sma50_bullish_bounce,2021-05-10,2021-05-10,117.0825,112.826,-3.6354781008287484,0,thesis,2021
IWM,sma50_bullish_bounce,2021-05-10,2021-05-10,211.5335,205.89,-2.667883188568121,0,thesis,2021
XLY,sma50_bullish_bounce,2021-05-12,2021-05-12,81.7811,79.7653,-2.4648001943708087,0,thesis,2021
EFA,sma50_bullish_bounce,2021-05-14,2021-06-07,66.6533,68.9954,3.5138110158337676,15,time,2021
MDY,sma50_bullish_bounce,2021-05-14,2021-06-07,463.1397,467.0905,0.8530524128883776,15,time,2021
XLU,sma50_bullish_bounce,2021-05-14,2021-05-27,28.0928,27.6358,-1.6266055854121442,9,thesis,2021
SPY,sma50_bullish_bounce,2021-05-20,2021-06-11,384.0095,394.8847,2.8320248777134127,15,time,2021
DIA,sma50_bullish_bounce,2021-05-20,2021-06-11,310.4469,315.3822,1.5897643662599048,15,time,2021
XLI,sma50_bullish_bounce,2021-05-20,2021-06-11,94.8206,95.5822,0.80324072656206,15,time,2021
XLK,sma50_bullish_bounce,2021-05-21,2021-05-21,66.2295,65.4009,-1.2511659785414908,0,thesis,2021
QQQ,sma50_bullish_bounce,2021-05-21,2021-05-21,320.6275,316.675,-1.23274207950953,0,thesis,2021
EEM,sma50_bullish_bounce,2021-05-21,2021-05-21,47.6199,46.9941,-1.314060460953903,0,thesis,2021
SMH,sma50_bullish_bounce,2021-05-25,2021-06-16,119.2289,121.4285,1.8448195006930845,15,time,2021
XLK,sma50_bullish_bounce,2021-05-25,2021-06-03,66.9657,65.9723,-1.4834326968584555,6,thesis,2021
QQQ,sma50_bullish_bounce,2021-05-25,2021-06-03,324.1596,319.5705,-1.4156799078785531,6,thesis,2021
IWM,sma50_bullish_bounce,2021-05-27,2021-06-18,211.355,208.5179,-1.342324294943098,15,thesis,2021
XLY,sma50_bullish_bounce,2021-05-28,2021-05-28,83.3542,82.7281,-0.7510594643063362,0,thesis,2021
XLV,sma50_bullish_bounce,2021-06-04,2021-06-25,112.4921,115.8009,2.941316449259257,15,time,2021
XLU,sma50_bullish_bounce,2021-06-04,2021-06-04,28.0543,27.8831,-0.6101943337569526,0,thesis,2021
XLK,sma50_bullish_bounce,2021-06-07,2021-06-28,67.317,70.6012,4.878674644550118,15,time,2021
QQQ,sma50_bullish_bounce,2021-06-07,2021-06-28,325.1105,342.9285,5.480606566108159,15,time,2021
XLU,sma50_bullish_bounce,2021-06-11,2021-06-16,28.1825,27.9087,-0.9714533052861296,3,thesis,2021
XLP,sma50_bullish_bounce,2021-06-15,2021-06-16,61.8429,60.7017,-1.8453120625143926,1,thesis,2021
XLI,sma50_bullish_bounce,2021-06-16,2021-06-16,95.6533,94.6496,-1.049325292158798,0,thesis,2021
XLF,sma50_bullish_bounce,2021-06-17,2021-06-17,34.1845,33.1372,-3.063603302522011,0,stop,2021
SMH,sma50_bullish_bounce,2021-06-22,2021-07-14,120.3264,125.6401,4.4160107218330635,15,time,2021
SPY,sma50_bullish_bounce,2021-06-22,2021-07-14,393.7328,407.3155,3.4497486076461303,15,time,2021
IWM,sma50_bullish_bounce,2021-06-22,2021-07-07,212.8295,210.048,-1.306889285502033,10,thesis,2021
EEM,sma50_bullish_bounce,2021-06-22,2021-07-06,48.0598,47.8039,-0.5324545513755496,9,thesis,2021
EFA,sma50_bullish_bounce,2021-06-22,2021-06-30,67.8298,67.3188,-0.7533901238272911,6,thesis,2021
XLY,sma50_bullish_bounce,2021-06-23,2021-07-15,84.1502,86.3932,2.6654664237159897,15,time,2021
DIA,sma50_bullish_bounce,2021-06-25,2021-07-19,315.1629,311.2305,-1.2477314565919717,15,thesis,2021
XLF,sma50_bullish_bounce,2021-06-28,2021-06-28,33.8334,33.5826,-0.7413117508321188,0,thesis,2021
MDY,sma50_bullish_bounce,2021-06-28,2021-06-28,467.6491,461.6976,-1.2726390552683653,0,thesis,2021
XLP,sma50_bullish_bounce,2021-07-01,2021-07-01,61.4025,61.0697,-0.5419692677404719,0,thesis,2021
XLF,sma50_bullish_bounce,2021-07-02,2021-07-02,33.9436,33.8391,-0.30775313141826466,0,thesis,2021
XLI,sma50_bullish_bounce,2021-07-02,2021-07-06,95.7423,94.7636,-1.022187542819275,1,thesis,2021
MDY,sma50_bullish_bounce,2021-07-02,2021-07-02,467.0183,463.8585,-0.6765902187951589,0,thesis,2021
XLP,sma50_bullish_bounce,2021-07-06,2021-07-06,61.2007,60.9646,-0.3857505006288231,0,thesis,2021
EFA,sma50_bullish_bounce,2021-07-06,2021-07-06,67.8811,67.2676,-0.9038550016271407,0,thesis,2021
XLI,sma50_bullish_bounce,2021-07-08,2021-07-08,94.3871,94.3746,-0.013336243221051536,0,thesis,2021
XLP,sma50_bullish_bounce,2021-07-08,2021-07-08,61.1218,61.0609,-0.09954211284822767,0,thesis,2021
EFA,sma50_bullish_bounce,2021-07-08,2021-07-08,66.6839,66.7641,0.12015426129219353,0,thesis,2021
IWM,sma50_bullish_bounce,2021-07-12,2021-07-13,212.1616,208.6776,-1.6421768244736956,1,thesis,2021
XLI,sma50_bullish_bounce,2021-07-12,2021-07-13,95.5752,95.0693,-0.5293252116612135,1,thesis,2021
XLP,sma50_bullish_bounce,2021-07-12,2021-08-02,61.4288,62.339,1.481796293011195,15,time,2021
EFA,sma50_bullish_bounce,2021-07-12,2021-07-15,68.0522,67.3359,-1.0525664497557652,3,thesis,2021
XLF,sma50_bullish_bounce,2021-07-13,2021-07-13,33.916,33.5918,-0.9560739277622243,0,thesis,2021
MDY,sma50_bullish_bounce,2021-07-13,2021-07-13,463.5445,457.3851,-1.3287586012870833,0,thesis,2021
XLU,sma50_bullish_bounce,2021-07-13,2021-07-13,27.8588,27.6399,-0.7859486326197151,0,thesis,2021
XLU,sma50_bullish_bounce,2021-07-15,2021-08-05,27.8416,29.0021,4.168183405893822,15,time,2021
XLY,sma50_bullish_bounce,2021-07-20,2021-08-10,84.7698,86.9876,2.616262559258442,15,time,2021
SMH,sma50_bullish_bounce,2021-07-21,2021-08-11,121.8901,127.7677,4.822018440000986,15,time,2021
DIA,sma50_bullish_bounce,2021-07-21,2021-08-11,318.3589,325.021,2.092648808536568,15,time,2021
XLI,sma50_bullish_bounce,2021-07-22,2021-07-28,96.2899,95.1805,-1.1521959549942506,4,thesis,2021
XLI,sma50_bullish_bounce,2021-07-30,2021-08-02,95.6402,95.0878,-0.5775565972272689,1,thesis,2021
MDY,sma50_bullish_bounce,2021-07-30,2021-08-02,462.396,461.0118,-0.2993654182118277,1,thesis,2021
XLB,sma50_bullish_bounce,2021-08-02,2021-08-02,38.2674,37.5486,-1.8785031617814418,0,thesis,2021
XLF,sma50_bullish_bounce,2021-08-04,2021-08-04,33.5856,33.5551,-0.09069663748337842,0,thesis,2021
XLI,sma50_bullish_bounce,2021-08-04,2021-08-04,95.863,95.023,-0.8762122458865429,0,thesis,2021
EFA,sma50_bullish_bounce,2021-08-04,2021-08-19,68.8475,67.3273,-2.2079642640622787,11,gap_stop,2021
MDY,sma50_bullish_bounce,2021-08-04,2021-08-04,461.9912,458.973,-0.6533040934313283,0,thesis,2021
XLB,sma50_bullish_bounce,2021-08-04,2021-08-04,37.8549,37.5757,-0.7375866398710018,0,thesis,2021
XLF,sma50_bullish_bounce,2021-08-06,2021-08-27,34.3842,35.7262,3.9030408947950734,15,time,2021
XLI,sma50_bullish_bounce,2021-08-06,2021-08-19,96.0486,94.8192,-1.2800117197666272,9,thesis,2021
MDY,sma50_bullish_bounce,2021-08-06,2021-08-18,466.5853,456.8026,-2.096656456825108,8,thesis,2021
XLB,sma50_bullish_bounce,2021-08-09,2021-08-30,38.0725,38.8424,2.0222169726079597,15,time,2021
TLT,sma50_bullish_bounce,2021-08-12,2021-09-02,123.855,126.6874,2.286923594375989,15,time,2021
XLY,sma50_bullish_bounce,2021-08-17,2021-08-17,85.7064,84.5717,-1.3239840905485578,0,thesis,2021
DIA,sma50_bullish_bounce,2021-08-20,2021-09-09,320.764,320.4259,-0.10541308062481658,13,thesis,2021
QQQ,sma50_bullish_bounce,2021-08-20,2021-09-13,354.6411,364.859,2.881194346330873,15,time,2021
XLI,sma50_bullish_bounce,2021-08-24,2021-09-07,96.225,95.2083,-1.0565592944365987,9,thesis,2021
XLY,sma50_bullish_bounce,2021-08-24,2021-09-15,86.7775,88.162,1.5954734905396784,15,time,2021
EFA,sma50_bullish_bounce,2021-08-24,2021-09-15,68.5481,69.7255,1.7175262662261659,15,time,2021
MDY,sma50_bullish_bounce,2021-08-24,2021-09-10,464.8908,460.4574,-0.9536366308682709,12,thesis,2021
IWM,sma50_bullish_bounce,2021-08-26,2021-08-26,208.9448,206.7062,-1.0713795272386917,0,thesis,2021
GLD,sma50_bullish_bounce,2021-08-30,2021-09-07,169.8297,167.5423,-1.3468594998337524,5,thesis,2021
IWM,sma50_bullish_bounce,2021-08-30,2021-09-10,213.7513,208.0392,-2.6723012557214765,8,thesis,2021
TLT,sma50_bullish_bounce,2021-09-10,2021-09-23,126.3978,125.6877,-0.561764589426228,9,thesis,2021
XLB,sma50_bullish_bounce,2021-09-10,2021-09-14,38.2674,37.5802,-1.7957674812872582,2,thesis,2021
XLE,sma50_bullish_bounce,2021-09-16,2021-09-20,20.9496,19.849,-5.253648988819803,2,stop,2021
SPY,sma50_bullish_bounce,2021-09-16,2021-09-20,418.4971,407.3466,-2.6643999622507297,2,gap_stop,2021
XLF,sma50_bullish_bounce,2021-09-16,2021-09-20,34.8798,33.6636,-3.486863588452982,2,gap_stop,2021
IWM,sma50_bullish_bounce,2021-09-16,2021-09-20,209.0577,202.0825,-3.336484633519632,2,stop,2021
XLV,sma50_bullish_bounce,2021-09-16,2021-09-20,123.1221,121.2474,-1.5225877702786939,2,thesis,2021
XLP,sma50_bullish_bounce,2021-09-16,2021-09-17,63.0691,62.4703,-0.9493646936683087,1,thesis,2021
MDY,sma50_bullish_bounce,2021-09-16,2021-09-17,464.0153,458.7369,-1.13753746371974,1,thesis,2021
XLB,sma50_bullish_bounce,2021-09-16,2021-09-16,37.9093,37.5667,-0.9038747464541474,0,thesis,2021
XLU,sma50_bullish_bounce,2021-09-16,2021-09-17,29.2798,28.5337,-2.5480239528817172,1,thesis,2021
XLE,sma50_bullish_bounce,2021-09-23,2021-10-14,20.7269,24.0446,16.006548895514385,15,time,2021
QQQ,sma50_bullish_bounce,2021-09-23,2021-09-28,360.5777,350.941,-2.672589243913681,3,stop,2021
XLY,sma50_bullish_bounce,2021-09-23,2021-09-30,88.0955,86.148,-2.2106323210256407,5,thesis,2021
SPY,sma50_bullish_bounce,2021-09-24,2021-09-28,414.3191,406.26,-1.945138653285594,2,thesis,2021
XLF,sma50_bullish_bounce,2021-09-24,2021-09-30,35.0216,34.5284,-1.4082200403596756,4,thesis,2021
XLK,sma50_bullish_bounce,2021-09-24,2021-09-28,75.1648,72.9838,-2.901668524815204,2,stop,2021
IWM,sma50_bullish_bounce,2021-09-24,2021-09-29,210.408,207.9162,-1.1842963343327462,3,thesis,2021
MDY,sma50_bullish_bounce,2021-09-24,2021-09-28,462.4776,459.839,-0.5705301052492784,2,thesis,2021
EFA,sma50_bullish_bounce,2021-09-27,2021-09-27,68.4712,68.488,0.024554321107839172,0,thesis,2021
XLF,sma50_bullish_bounce,2021-10-04,2021-10-25,35.1138,37.3253,6.298093190163545,15,time,2021
IWM,sma50_bullish_bounce,2021-10-04,2021-10-04,209.5778,207.3889,-1.0444245963319054,0,thesis,2021
IWM,sma50_bullish_bounce,2021-10-08,2021-10-11,210.7571,207.436,-1.5758025767220296,1,thesis,2021
XLY,sma50_bullish_bounce,2021-10-08,2021-10-29,88.2879,96.5654,9.375652211577945,15,time,2021
MDY,sma50_bullish_bounce,2021-10-08,2021-10-08,465.5454,461.5065,-0.8675667824957434,0,thesis,2021
IWM,sma50_bullish_bounce,2021-10-13,2021-11-03,209.3419,224.6949,7.333909614345324,15,time,2021
MDY,sma50_bullish_bounce,2021-10-14,2021-11-04,468.7547,494.4779,5.487556064888488,15,time,2021
SPY,sma50_bullish_bounce,2021-10-15,2021-11-05,417.4257,438.8661,5.136332580076819,15,time,2021
DIA,sma50_bullish_bounce,2021-10-15,2021-11-05,324.0114,334.0769,3.106529608085551,15,time,2021
XLB,sma50_bullish_bounce,2021-10-15,2021-11-05,38.3983,39.9028,3.918111822219439,15,time,2021
XLK,sma50_bullish_bounce,2021-10-18,2021-11-08,74.8702,80.957,8.129780556501265,15,time,2021
SMH,sma50_bullish_bounce,2021-10-19,2021-11-09,128.6936,146.5284,13.858327996076913,15,time,2021
QQQ,sma50_bullish_bounce,2021-10-19,2021-11-09,363.4856,383.6951,5.559927894556238,15,time,2021
XLI,sma50_bullish_bounce,2021-10-19,2021-11-09,96.3495,99.5304,3.301442236112928,15,time,2021
EFA,sma50_bullish_bounce,2021-10-20,2021-11-10,68.5824,68.8294,0.3601785211120756,15,time,2021
XLU,sma50_bullish_bounce,2021-10-21,2021-11-08,29.0459,28.6718,-1.2879742633088775,12,thesis,2021
XLV,sma50_bullish_bounce,2021-10-25,2021-11-15,122.0275,122.9393,0.7472059082505256,15,time,2021
XLP,sma50_bullish_bounce,2021-10-25,2021-11-15,62.8796,64.4717,2.531942097336093,15,time,2021
GLD,sma50_bullish_bounce,2021-10-28,2021-11-03,169.149,165.1747,-2.349597072474119,4,gap_stop,2021
TLT,sma50_bullish_bounce,2021-10-28,2021-11-01,125.6148,124.377,-0.9853642723270717,2,thesis,2021
TLT,sma50_bullish_bounce,2021-11-03,2021-11-03,125.8005,123.6381,-1.7188804218565723,0,thesis,2021
TLT,sma50_bullish_bounce,2021-11-05,2021-11-15,126.3961,123.4144,-2.3590142717059948,6,stop,2021
XLU,sma50_bullish_bounce,2021-11-10,2021-11-30,28.8984,28.477,-1.4583335494173233,13,thesis,2021
TLT,sma50_bullish_bounce,2021-11-19,2021-11-23,125.5961,122.7293,-2.282591730712491,2,thesis,2021
XLE,sma50_bullish_bounce,2021-11-23,2021-11-26,23.8055,23.425,-1.5984217181291172,2,thesis,2021
XLF,sma50_bullish_bounce,2021-11-23,2021-11-26,36.7179,35.6443,-2.9236659336998483,2,stop,2021
XLV,sma50_bullish_bounce,2021-11-24,2021-11-30,122.5184,119.9346,-2.1088817971205542,3,thesis,2021
IWM,sma50_bullish_bounce,2021-11-26,2021-11-26,212.2383,209.8276,-1.1358709510759235,0,thesis,2021
TLT,sma50_bullish_bounce,2021-11-26,2021-12-17,126.66,128.4058,1.3784070095174128,15,time,2021
SPY,sma50_bullish_bounce,2021-12-03,2021-12-20,430.9598,427.6713,-0.7630608562011809,11,thesis,2021
XLB,sma50_bullish_bounce,2021-12-03,2021-12-20,38.9901,39.1186,0.3294210766117578,11,thesis,2021
XLU,sma50_bullish_bounce,2021-12-03,2021-12-27,29.0937,30.5729,5.084399954035579,15,time,2021
XLP,sma50_bullish_bounce,2021-12-06,2021-12-28,63.6211,67.8316,6.618221776008837,15,time,2021
DIA,sma50_bullish_bounce,2021-12-07,2021-12-17,328.5961,326.4215,-0.6617824625529289,8,thesis,2021
QQQ,sma50_bullish_bounce,2021-12-07,2021-12-17,382.2361,373.5913,-2.2616330487817082,8,thesis,2021
XLV,sma50_bullish_bounce,2021-12-07,2021-12-29,122.2776,131.0403,7.166230447133115,15,time,2021
XLI,sma50_bullish_bounce,2021-12-07,2021-12-14,97.5135,95.9711,-1.5816836571997617,5,thesis,2021
XLY,sma50_bullish_bounce,2021-12-07,2021-12-14,98.7502,94.301,-4.505544557503239,5,stop,2021
XLE,sma50_bullish_bounce,2021-12-08,2021-12-13,24.3207,23.4545,-3.561729441512007,3,thesis,2021
MDY,sma50_bullish_bounce,2021-12-08,2021-12-09,483.7254,477.3517,-1.3176267231787664,1,thesis,2021
EFA,sma50_bullish_bounce,2021-12-09,2021-12-09,67.5904,67.3359,-0.3765710360474239,0,thesis,2021
XLI,sma50_bullish_bounce,2021-12-16,2021-12-17,97.6252,95.1998,-2.484412497675026,1,thesis,2021
XLY,sma50_bullish_bounce,2021-12-16,2021-12-16,97.1917,94.3956,-2.8769439365359695,0,thesis,2021
GLD,sma50_bullish_bounce,2021-12-17,2021-12-17,168.8987,167.6322,-0.7498710657152352,0,thesis,2021
SMH,sma50_bullish_bounce,2021-12-21,2022-01-07,145.3476,144.6577,-0.47467705939603366,12,thesis,2021
XLK,sma50_bullish_bounce,2021-12-21,2022-01-05,80.9629,81.2744,0.384656096871705,10,thesis,2021
SPY,sma50_bullish_bounce,2021-12-22,2022-01-13,435.8834,436.6481,0.17544331037249172,15,thesis,2021
DIA,sma50_bullish_bounce,2021-12-22,2022-01-13,328.296,333.4092,1.5575053232539382,15,time,2021
QQQ,sma50_bullish_bounce,2021-12-22,2022-01-05,378.7124,373.4658,-1.3853920331676206,9,thesis,2021
TLT,sma50_bullish_bounce,2021-12-22,2021-12-29,127.7245,124.8643,-2.239367364135547,4,thesis,2021
XLB,sma50_bullish_bounce,2021-12-22,2022-01-13,39.6453,40.8996,3.1637150216384358,15,time,2021
GLD,sma50_bullish_bounce,2021-12-23,2022-01-03,168.8587,168.1617,-0.41278337794532494,6,thesis,2021
XLY,sma50_bullish_bounce,2021-12-27,2022-01-05,98.0695,97.787,-0.2880378500142444,7,thesis,2021
EFA,sma50_bullish_bounce,2021-12-27,2022-01-10,68.3399,67.9004,-0.6430990676485449,10,thesis,2021
XLI,sma50_bullish_bounce,2021-12-28,2022-01-18,98.0683,97.6018,-0.4756609253301458,14,thesis,2021
MDY,sma50_bullish_bounce,2021-12-28,2022-01-05,488.0705,481.7191,-1.301327365294247,6,thesis,2021
TLT,sma50_bullish_bounce,2022-01-03,2022-01-03,124.8925,122.8466,-1.6380795333463372,0,thesis,2022
XLE,sma50_bullish_bounce,2022-01-04,2022-01-26,24.811,27.8353,12.1891660358743,15,time,2022
XLF,sma50_bullish_bounce,2022-01-04,2022-01-19,37.042,36.2839,-2.0465924240933853,10,thesis,2022
GLD,sma50_bullish_bounce,2022-01-05,2022-01-06,170.7906,166.9928,-2.2236417682318987,1,gap_stop,2022
MDY,sma50_bullish_bounce,2022-01-07,2022-01-07,484.9746,480.4813,-0.9265075530310196,0,thesis,2022
XLV,sma50_bullish_bounce,2022-01-11,2022-01-13,126.402,124.6367,-1.3965323706754296,2,thesis,2022
GLD,sma50_bullish_bounce,2022-01-12,2022-01-27,170.3602,167.4324,-1.7185859586303143,10,thesis,2022
SMH,sma50_bullish_bounce,2022-01-12,2022-01-13,149.3119,146.4361,-1.9260620365635472,1,thesis,2022
EFA,sma50_bullish_bounce,2022-01-12,2022-01-18,69.2046,67.7016,-2.171819244363049,3,stop,2022
SMH,sma50_bullish_bounce,2022-01-18,2022-01-18,147.3005,142.85,-3.021369277985775,0,thesis,2022
DIA,sma50_bullish_bounce,2022-01-18,2022-01-18,328.6474,326.6246,-0.6154767597958188,0,thesis,2022
XLB,sma50_bullish_bounce,2022-01-18,2022-01-18,40.1944,40.0182,-0.43839254340197753,0,thesis,2022
XLU,sma50_bullish_bounce,2022-01-20,2022-01-24,30.21,29.2957,-3.0263347498417192,2,stop,2022
XLP,sma50_bullish_bounce,2022-01-25,2022-01-26,66.6966,65.8982,-1.1971483729796395,1,thesis,2022
XLP,sma50_bullish_bounce,2022-01-31,2022-02-11,66.8477,66.7407,-0.16000739348880355,9,thesis,2022
XLU,sma50_bullish_bounce,2022-02-01,2022-02-01,30.1969,29.818,-1.2547339101565913,0,thesis,2022
XLF,sma50_bullish_bounce,2022-02-02,2022-02-17,36.6622,36.2654,-1.082296191225618,11,thesis,2022
GLD,sma50_bullish_bounce,2022-02-03,2022-02-25,168.4783,176.3735,4.686149574432519,15,time,2022
DIA,sma50_bullish_bounce,2022-02-03,2022-02-03,328.4196,324.2163,-1.279875713702483,0,thesis,2022
XLU,sma50_bullish_bounce,2022-02-03,2022-02-04,30.2318,29.8834,-1.1524516985220834,1,thesis,2022
XLP,sma50_bullish_bounce,2022-02-18,2022-02-22,67.3898,66.9093,-0.7130805099524795,1,thesis,2022
XLU,sma50_bullish_bounce,2022-03-04,2022-03-25,30.2493,31.9721,5.6951731066258615,15,time,2022
XLV,sma50_bullish_bounce,2022-03-16,2022-04-06,123.7797,129.6803,4.767010974407393,15,time,2022
XLI,sma50_bullish_bounce,2022-03-18,2022-04-06,95.5913,93.4247,-2.2665596011503086,13,thesis,2022
XLB,sma50_bullish_bounce,2022-03-18,2022-04-08,38.9681,40.5586,4.081408474180459,15,time,2022
SPY,sma50_bullish_bounce,2022-03-21,2022-04-11,419.8062,414.7999,-1.1925253004026581,15,thesis,2022
DIA,sma50_bullish_bounce,2022-03-21,2022-03-23,322.0254,318.4149,-1.121157860568689,2,thesis,2022
SMH,sma50_bullish_bounce,2022-03-25,2022-04-01,134.7972,129.3241,-4.060212845426858,5,thesis,2022
XLF,sma50_bullish_bounce,2022-03-25,2022-03-31,36.4058,35.5628,-2.3156326734731003,4,thesis,2022
XLK,sma50_bullish_bounce,2022-03-25,2022-04-06,76.8567,74.6569,-2.8622200887092664,8,thesis,2022
XLP,sma50_bullish_bounce,2022-03-28,2022-04-19,67.017,70.7231,5.530045617351509,15,time,2022
GLD,sma50_bullish_bounce,2022-03-30,2022-04-21,179.9398,181.8779,1.0771288785313526,15,time,2022
XLV,sma50_bullish_bounce,2022-04-26,2022-04-26,124.7721,123.0705,-1.363736162936935,0,thesis,2022
XLE,sma50_bullish_bounce,2022-04-28,2022-05-09,32.5456,32.7823,0.7272433700190373,7,thesis,2022
XLB,sma50_bullish_bounce,2022-04-29,2022-04-29,39.9829,38.9771,-2.51567409895439,0,thesis,2022
XLB,sma50_bullish_bounce,2022-05-04,2022-05-05,39.6293,39.3117,-0.8012828665911575,1,thesis,2022
XLP,sma50_bullish_bounce,2022-05-05,2022-05-10,69.3649,67.8542,-2.177803791320121,3,thesis,2022
XLU,sma50_bullish_bounce,2022-05-05,2022-05-05,31.6487,31.4713,-0.5606940049962983,0,thesis,2022
XLB,sma50_bullish_bounce,2022-05-31,2022-05-31,39.7487,39.4355,-0.7879480453729104,0,thesis,2022
XLB,sma50_bullish_bounce,2022-06-03,2022-06-09,39.8406,38.6196,-3.0647132001082045,4,thesis,2022
XLU,sma50_bullish_bounce,2022-06-03,2022-06-08,32.7492,32.3587,-1.1924707469569307,3,thesis,2022
XLE,sma50_bullish_bounce,2023-04-28,2023-05-02,37.6449,35.985,-4.409168004297747,2,stop,2023
XLY,sma50_bullish_bounce,2023-04-28,2023-05-04,71.5495,70.1807,-1.9130897648411915,4,thesis,2023
EEM,sma50_bullish_bounce,2023-04-28,2023-05-02,36.011,35.6438,-1.0199195979557762,2,thesis,2023
XLI,sma50_bullish_bounce,2023-05-01,2023-05-02,95.4946,94.8083,-0.7187058608910335,1,thesis,2023
XLB,sma50_bullish_bounce,2023-05-01,2023-05-02,37.9179,37.4105,-1.338267358798395,1,thesis,2023
TLT,sma50_bullish_bounce,2023-05-03,2023-05-08,93.4878,91.0301,-2.6289035172132214,3,thesis,2023
SMH,sma50_bullish_bounce,2023-05-09,2023-05-09,122.05,121.3626,-0.5631773878799429,0,thesis,2023
EEM,sma50_bullish_bounce,2023-05-10,2023-05-12,36.1868,35.5792,-1.679071143217603,2,thesis,2023
SMH,sma50_bullish_bounce,2023-05-16,2023-06-07,124.1435,142.4143,14.71744381172131,15,time,2023
DIA,sma50_bullish_bounce,2023-05-16,2023-05-16,315.5542,312.6899,-0.907705028811856,0,thesis,2023
EEM,sma50_bullish_bounce,2023-05-16,2023-05-23,36.0573,35.7084,-0.9676921142305006,5,thesis,2023
DIA,sma50_bullish_bounce,2023-05-18,2023-05-23,316.6828,313.6134,-0.9692163499443129,3,thesis,2023
XLI,sma50_bullish_bounce,2023-05-18,2023-05-23,94.6639,93.922,-0.7836608619951391,3,thesis,2023
MDY,sma50_bullish_bounce,2023-05-19,2023-05-23,438.6752,429.0005,-2.2054271937117176,2,thesis,2023
XLV,sma50_bullish_bounce,2023-05-22,2023-05-23,124.6666,122.9983,-1.3382165667630064,1,thesis,2023
DIA,sma50_bullish_bounce,2023-06-05,2023-06-27,321.4651,322.5162,0.32696895066350873,15,time,2023
XLI,sma50_bullish_bounce,2023-06-05,2023-06-27,96.5831,100.8323,4.399435902960058,15,time,2023
MDY,sma50_bullish_bounce,2023-06-05,2023-06-27,439.1756,452.7094,3.081620310730804,15,time,2023
EFA,sma50_bullish_bounce,2023-06-07,2023-06-07,64.914,64.457,-0.704054695818146,0,thesis,2023
XLB,sma50_bullish_bounce,2023-06-08,2023-06-09,37.6076,37.068,-1.4350005335807436,1,thesis,2023
EFA,sma50_bullish_bounce,2023-06-09,2023-06-23,65.2056,64.5207,-1.050398441257272,9,thesis,2023
XLB,sma50_bullish_bounce,2023-06-13,2023-07-06,37.5935,37.9759,1.0171621739761827,15,time,2023
XLV,sma50_bullish_bounce,2023-06-16,2023-06-27,125.6715,124.4072,-1.0060752354522862,6,thesis,2023
TLT,sma50_bullish_bounce,2023-06-21,2023-06-22,90.9153,90.2924,-0.6851652853306023,1,thesis,2023
TLT,sma50_bullish_bounce,2023-06-29,2023-06-29,90.3493,89.7893,-0.6198267941016522,0,thesis,2023
XLV,sma50_bullish_bounce,2023-06-30,2023-07-06,125.5701,123.9987,-1.251434645531413,3,thesis,2023
EEM,sma50_bullish_bounce,2023-06-30,2023-07-06,36.871,36.23,-1.738673726490847,3,thesis,2023
XLP,sma50_bullish_bounce,2023-07-05,2023-07-06,68.6825,68.536,-0.21320033757907808,1,thesis,2023
EEM,sma50_bullish_bounce,2023-07-10,2023-07-31,36.4889,39.0205,6.9378901283304595,15,time,2023
DIA,sma50_bullish_bounce,2023-07-11,2023-08-01,324.6003,338.9079,4.407777727105389,15,time,2023
EFA,sma50_bullish_bounce,2023-07-12,2023-08-02,66.226,65.6118,-0.9274791690489614,15,thesis,2023
XLU,sma50_bullish_bounce,2023-07-13,2023-07-18,30.5861,29.9271,-2.1546221577780744,3,thesis,2023
XLV,sma50_bullish_bounce,2023-07-17,2023-08-07,125.037,127.2383,1.7604804362729265,15,time,2023
XLP,sma50_bullish_bounce,2023-07-17,2023-07-17,68.2765,68.1953,-0.1188844114869414,0,thesis,2023
GLD,sma50_bullish_bounce,2023-07-19,2023-07-27,183.6334,180.2396,-1.8481757168273494,6,thesis,2023
TLT,sma50_bullish_bounce,2023-07-20,2023-07-20,90.6383,89.9971,-0.7074946790490033,0,thesis,2023
XLP,sma50_bullish_bounce,2023-07-20,2023-08-10,69.0146,68.7663,-0.3598714476964249,15,time,2023
XLU,sma50_bullish_bounce,2023-07-21,2023-08-03,30.9703,29.9846,-3.1826590874509786,9,stop,2023
GLD,sma50_bullish_bounce,2023-07-31,2023-08-01,182.6124,180.2795,-1.2775012385324747,1,thesis,2023
EFA,sma50_bullish_bounce,2023-08-08,2023-08-08,65.57,65.7663,0.29940964085413135,0,thesis,2023
SPY,sma50_bullish_bounce,2023-08-14,2023-08-15,428.8518,426.2529,-0.6060136689698514,1,thesis,2023
IWM,sma50_bullish_bounce,2023-08-14,2023-08-15,183.5222,181.4198,-1.1455815531686064,1,thesis,2023
XLY,sma50_bullish_bounce,2023-08-14,2023-08-15,82.3847,81.8496,-0.6494658762224104,1,thesis,2023
XLP,sma50_bullish_bounce,2023-08-14,2023-08-15,69.1069,67.7994,-1.892021332890137,1,thesis,2023
QQQ,sma50_bullish_bounce,2023-08-15,2023-08-15,363.3843,359.7717,-0.9941737027278297,0,thesis,2023
MDY,sma50_bullish_bounce,2023-08-15,2023-08-15,467.3356,462.8944,-0.9503138961526436,0,thesis,2023
XLB,sma50_bullish_bounce,2023-08-15,2023-08-15,38.789,38.4521,-0.8683708948209912,0,thesis,2023
XLF,sma50_bullish_bounce,2023-08-17,2023-08-17,32.7152,32.3831,-1.0152053280283013,0,thesis,2023
XLV,sma50_bullish_bounce,2023-08-21,2023-08-24,127.0646,125.8227,-0.9773923545749907,3,thesis,2023
XLV,sma50_bullish_bounce,2023-08-28,2023-09-05,127.4454,125.5852,-1.459593214926258,5,thesis,2023
GLD,sma50_bullish_bounce,2023-08-30,2023-09-05,180.7606,178.4614,-1.2719711450987492,3,thesis,2023
SMH,sma50_bullish_bounce,2023-08-30,2023-09-07,152.8019,149.1457,-2.3927849600582585,5,thesis,2023
SPY,sma50_bullish_bounce,2023-08-30,2023-09-06,433.4904,429.4578,-0.930254197231517,4,thesis,2023
DIA,sma50_bullish_bounce,2023-08-30,2023-09-05,333.3101,330.6242,-0.8058458080685171,3,thesis,2023
XLF,sma50_bullish_bounce,2023-08-30,2023-09-05,32.9729,32.7165,-0.7776767774085536,3,thesis,2023
XLK,sma50_bullish_bounce,2023-08-30,2023-09-07,85.1476,84.4388,-0.8324197993377802,5,thesis,2023
QQQ,sma50_bullish_bounce,2023-08-30,2023-09-07,368.8151,365.3093,-0.9505415874126455,5,thesis,2023
XLI,sma50_bullish_bounce,2023-08-30,2023-09-05,103.8814,102.3439,-1.4800054774347648,3,thesis,2023
MDY,sma50_bullish_bounce,2023-08-30,2023-09-05,465.2694,459.7051,-1.1959452953398064,3,thesis,2023
XLB,sma50_bullish_bounce,2023-08-30,2023-09-05,39.0913,38.7916,-0.7667163405360777,3,thesis,2023
XLY,sma50_bullish_bounce,2023-08-31,2023-09-06,83.171,82.0251,-1.3777730286516743,3,thesis,2023
IWM,sma50_bullish_bounce,2023-09-05,2023-09-05,183.242,180.1566,-1.6837747878430065,0,thesis,2023
QQQ,sma50_bullish_bounce,2023-09-11,2023-09-15,369.5824,364.082,-1.4882751768720226,4,thesis,2023
SPY,sma50_bullish_bounce,2023-09-12,2023-09-12,431.0216,429.2365,-0.41416507745298814,0,thesis,2023
XLF,sma50_bullish_bounce,2023-09-13,2023-09-20,33.2689,33.0063,-0.7892076894058575,5,thesis,2023
SPY,sma50_bullish_bounce,2023-09-15,2023-09-15,432.7258,428.2201,-1.0412563212462311,0,thesis,2023
DIA,sma50_bullish_bounce,2023-09-15,2023-09-15,333.3875,330.696,-0.807323114685421,0,thesis,2023
GLD,sma50_bullish_bounce,2023-09-19,2023-09-19,179.7195,179.0408,-0.37767294826055453,0,thesis,2023
GLD,sma50_bullish_bounce,2023-09-21,2023-09-21,178.0379,177.872,-0.09318667483787513,0,thesis,2023
XLK,sma50_bullish_bounce,2023-10-10,2023-10-18,83.2052,82.3078,-1.0786189713528516,6,thesis,2023
SMH,sma50_bullish_bounce,2023-10-11,2023-10-13,148.7629,146.2383,-1.6970659722640336,2,thesis,2023
QQQ,sma50_bullish_bounce,2023-10-11,2023-10-13,364.4819,359.1715,-1.4569510489821802,2,thesis,2023
XLE,sma50_bullish_bounce,2023-10-16,2023-10-23,41.2978,40.5891,-1.7161294306555885,5,thesis,2023
SMH,sma50_bullish_bounce,2023-10-17,2023-10-17,144.7634,146.1792,0.978011700093151,0,thesis,2023
QQQ,sma50_bullish_bounce,2023-10-17,2023-10-18,360.4128,357.2935,-0.8654803353104423,1,thesis,2023
XLK,sma50_bullish_bounce,2023-11-03,2023-11-27,83.515,90.4934,8.355828270097842,15,time,2023
SMH,sma50_bullish_bounce,2023-11-06,2023-11-28,147.884,158.41,7.117760786863125,15,time,2023
SPY,sma50_bullish_bounce,2023-11-06,2023-11-28,421.432,439.385,4.2599906296652446,15,time,2023
DIA,sma50_bullish_bounce,2023-11-06,2023-11-28,326.4862,339.1849,3.889510389649198,15,time,2023
QQQ,sma50_bullish_bounce,2023-11-06,2023-11-28,363.0533,383.6651,5.677349433689138,15,time,2023
XLF,sma50_bullish_bounce,2023-11-08,2023-11-30,32.2381,34.3556,6.568318852505284,15,time,2023
XLY,sma50_bullish_bounce,2023-11-08,2023-11-09,79.3901,77.5224,-2.352532712508437,1,thesis,2023
XLI,sma50_bullish_bounce,2023-11-13,2023-12-05,98.4809,103.7887,5.389664313065312,15,time,2023
XLY,sma50_bullish_bounce,2023-11-13,2023-12-05,78.6219,83.3722,6.041980623829635,15,time,2023
GLD,sma50_bullish_bounce,2023-11-14,2023-12-06,181.8817,187.6522,3.172644357997867,15,time,2023
XLE,sma50_bullish_bounce,2023-12-20,2023-12-20,39.5304,38.9484,-1.472251422413584,0,thesis,2023
XLE,sma50_bullish_bounce,2023-12-22,2023-12-28,39.4611,38.7777,-1.7317693813443613,3,thesis,2023
XLE,sma50_bullish_bounce,2024-01-03,2024-01-08,39.2437,37.8989,-3.426896558066428,3,stop,2024
GLD,sma50_bullish_bounce,2024-01-09,2024-01-17,188.8687,185.6542,-1.7019849197262404,5,thesis,2024
IWM,sma50_bullish_bounce,2024-01-18,2024-02-05,185.8097,186.6345,0.4438833348884952,12,thesis,2024
XLY,sma50_bullish_bounce,2024-01-18,2024-01-25,84.8257,83.5996,-1.44542613762626,5,thesis,2024
EFA,sma50_bullish_bounce,2024-01-18,2024-02-08,67.7301,69.0863,2.002272639904845,15,time,2024
GLD,sma50_bullish_bounce,2024-01-19,2024-01-24,188.4483,186.2136,-1.1858218611087934,3,thesis,2024
XLB,sma50_bullish_bounce,2024-01-19,2024-01-24,39.3104,38.9409,-0.9401461290165614,3,thesis,2024
XLE,sma50_bullish_bounce,2024-01-26,2024-02-16,38.6288,39.4884,2.2253183958334644,15,time,2024
GLD,sma50_bullish_bounce,2024-01-30,2024-02-05,189.8897,187.3824,-1.32037686542813,4,thesis,2024
XLY,sma50_bullish_bounce,2024-01-30,2024-01-31,85.5218,83.6094,-2.236072504707709,1,thesis,2024
XLB,sma50_bullish_bounce,2024-01-30,2024-01-31,39.559,39.2224,-0.8510659383669905,1,thesis,2024
TLT,sma50_bullish_bounce,2024-01-31,2024-02-05,86.93,85.1449,-2.0534453739482927,3,thesis,2024
XLY,sma50_bullish_bounce,2024-02-02,2024-02-26,85.9727,88.9561,3.470150018766005,15,time,2024
XLB,sma50_bullish_bounce,2024-02-02,2024-02-05,39.6642,38.6238,-2.6229841437465873,1,stop,2024
GLD,sma50_bullish_bounce,2024-02-07,2024-02-08,188.6384,188.1417,-0.26334775546105194,1,thesis,2024
IWM,sma50_bullish_bounce,2024-02-07,2024-02-29,189.0834,198.0985,4.767823074270727,15,time,2024
XLB,sma50_bullish_bounce,2024-02-13,2024-02-13,39.6785,39.418,-0.6567134746753633,0,thesis,2024
MDY,sma50_bullish_bounce,2024-02-14,2024-03-07,495.613,526.237,6.179030898507665,15,time,2024
XLB,sma50_bullish_bounce,2024-02-16,2024-03-11,40.6729,43.1107,5.993730298382438,15,time,2024
GLD,sma50_bullish_bounce,2024-02-26,2024-02-26,187.9778,188.0118,0.018094516959199503,0,thesis,2024
XLU,sma50_bullish_bounce,2024-03-05,2024-03-26,29.2955,29.7033,1.3920111326713558,15,time,2024
TLT,sma50_bullish_bounce,2024-03-06,2024-03-13,86.82,85.6756,-1.3181151646250333,5,thesis,2024
IWM,sma50_bullish_bounce,2024-03-20,2024-04-10,196.3419,195.8721,-0.2393072717699951,14,thesis,2024
TLT,sma50_bullish_bounce,2024-03-28,2024-04-01,85.9108,84.2566,-1.9254360537013016,1,thesis,2024
XLK,sma50_bullish_bounce,2024-04-03,2024-04-04,101.5883,100.5527,-1.0193552951606288,1,thesis,2024
XLY,sma50_bullish_bounce,2024-04-03,2024-04-04,87.8399,87.1889,-0.7411618478712301,1,thesis,2024
DIA,sma50_bullish_bounce,2024-04-08,2024-04-10,375.9365,370.8071,-1.364422815619326,2,thesis,2024
XLK,sma50_bullish_bounce,2024-04-08,2024-04-10,101.9733,100.8483,-1.1032230685025568,2,thesis,2024
QQQ,sma50_bullish_bounce,2024-04-08,2024-04-15,436.5717,425.4833,-2.5398780022038325,5,thesis,2024
XLP,sma50_bullish_bounce,2024-04-08,2024-04-11,69.9588,69.7532,-0.29396632783893484,3,thesis,2024
XLY,sma50_bullish_bounce,2024-04-09,2024-04-10,89.122,87.5517,-1.7619993410080026,1,thesis,2024
EFA,sma50_bullish_bounce,2024-04-11,2024-04-12,72.481,71.0588,-1.9622356204455627,1,stop,2024
XLK,sma50_bullish_bounce,2024-04-12,2024-04-12,101.84,101.1981,-0.6303276485911224,0,thesis,2024
IWM,sma50_bullish_bounce,2024-04-12,2024-04-12,196.5572,193.6885,-1.4595121852362336,0,thesis,2024
XLY,sma50_bullish_bounce,2024-04-12,2024-04-12,87.7466,86.8261,-1.0490233198928944,0,thesis,2024
SMH,sma50_bullish_bounce,2024-04-17,2024-04-17,218.0813,210.596,-3.432361355326674,0,thesis,2024
XLU,sma50_bullish_bounce,2024-04-18,2024-05-09,30.171,33.4074,10.72699195176745,15,time,2024
XLP,sma50_bullish_bounce,2024-04-22,2024-05-13,70.3265,72.8301,3.559925898408345,15,time,2024
XLF,sma50_bullish_bounce,2024-04-23,2024-04-30,39.7162,38.9611,-1.9012273532581503,5,thesis,2024
XLB,sma50_bullish_bounce,2024-04-23,2024-04-23,42.1912,42.2697,0.18605039732062512,0,thesis,2024
XLI,sma50_bullish_bounce,2024-04-24,2024-04-30,119.3735,117.7397,-1.3685854004905518,4,thesis,2024
EEM,sma50_bullish_bounce,2024-04-26,2024-05-17,39.0118,41.5023,6.383900530380759,15,time,2024
SMH,sma50_bullish_bounce,2024-04-29,2024-04-30,216.0645,212.2716,-1.7554486975932093,1,thesis,2024
XLB,sma50_bullish_bounce,2024-04-29,2024-04-30,43.1411,42.4372,-1.6315292784103708,1,thesis,2024
XLY,sma50_bullish_bounce,2024-04-30,2024-04-30,87.555,86.0957,-1.6667972315697277,0,thesis,2024
EFA,sma50_bullish_bounce,2024-04-30,2024-04-30,71.9552,71.1394,-1.1338320059128604,0,thesis,2024
SPY,sma50_bullish_bounce,2024-05-06,2024-05-28,500.7555,515.3774,2.919981465178334,15,time,2024
SMH,sma50_bullish_bounce,2024-05-07,2024-05-29,221.1016,243.5636,10.159140813629076,15,time,2024
XLE,sma50_bullish_bounce,2024-05-07,2024-05-16,43.551,43.5663,0.0351907047098976,7,thesis,2024
DIA,sma50_bullish_bounce,2024-05-07,2024-05-29,376.2496,371.622,-1.2299241678023765,15,thesis,2024
XLF,sma50_bullish_bounce,2024-05-07,2024-05-28,39.8226,39.7238,-0.2482924879324555,14,thesis,2024
XLK,sma50_bullish_bounce,2024-05-07,2024-05-07,101.455,100.6266,-0.816482342998226,0,thesis,2024
QQQ,sma50_bullish_bounce,2024-05-07,2024-05-29,435.8696,450.535,3.364649741000858,15,time,2024
XLY,sma50_bullish_bounce,2024-05-07,2024-05-07,88.2673,87.5174,-0.8496196078926821,0,thesis,2024
XLB,sma50_bullish_bounce,2024-05-08,2024-05-23,43.5633,43.3661,-0.4526126730645119,11,thesis,2024
XLK,sma50_bullish_bounce,2024-05-09,2024-05-31,100.9515,103.5332,2.5573883604472103,15,time,2024
IWM,sma50_bullish_bounce,2024-05-09,2024-05-29,199.2336,197.0419,-1.1000885917014203,13,thesis,2024
XLV,sma50_bullish_bounce,2024-05-10,2024-05-28,138.2654,137.2005,-0.77013603162297,11,thesis,2024
XLY,sma50_bullish_bounce,2024-05-10,2024-05-10,88.0315,87.3115,-0.8179480628729419,0,thesis,2024
XLY,sma50_bullish_bounce,2024-05-15,2024-05-16,88.1641,87.1595,-1.1395342754736082,1,thesis,2024
XLE,sma50_bullish_bounce,2024-05-20,2024-05-21,44.2828,43.6733,-1.3763929985528334,1,thesis,2024
XLY,sma50_bullish_bounce,2024-05-20,2024-05-20,87.5747,86.9536,-0.7092154338100176,0,thesis,2024
TLT,sma50_bullish_bounce,2024-05-21,2024-05-28,83.9704,82.2715,-2.023257463608774,4,stop,2024
XLY,sma50_bullish_bounce,2024-05-22,2024-05-22,87.4765,86.6006,-1.001210106126349,0,thesis,2024
XLI,sma50_bullish_bounce,2024-05-28,2024-05-28,120.7812,119.1156,-1.37901739467432,0,thesis,2024
MDY,sma50_bullish_bounce,2024-05-28,2024-05-29,532.0508,519.383,-2.380944969457721,1,stop,2024
XLB,sma50_bullish_bounce,2024-05-28,2024-05-29,43.8416,42.9544,-2.023678337213586,1,thesis,2024
IWM,sma50_bullish_bounce,2024-05-31,2024-06-04,200.1909,196.8859,-1.6509053999017476,2,thesis,2024
SPY,sma50_bullish_bounce,2024-06-03,2024-06-25,515.6392,531.698,3.1143460741621665,15,time,2024
XLF,sma50_bullish_bounce,2024-06-03,2024-06-04,40.2676,39.7624,-1.254626155050087,1,thesis,2024
XLV,sma50_bullish_bounce,2024-06-03,2024-06-25,138.3714,141.5613,2.3052964746252513,15,time,2024
XLP,sma50_bullish_bounce,2024-06-03,2024-06-25,72.6836,73.3894,0.9710872001308379,15,time,2024
MDY,sma50_bullish_bounce,2024-06-03,2024-06-04,534.9049,521.5016,-2.505742869255456,1,stop,2024
XLB,sma50_bullish_bounce,2024-06-03,2024-06-04,43.9039,43.0836,-1.868420079027866,1,thesis,2024
GLD,sma50_bullish_bounce,2024-06-04,2024-06-04,216.4562,215.0547,-0.6474801534324337,0,thesis,2024
GLD,sma50_bullish_bounce,2024-06-06,2024-06-07,218.5784,212.7104,-2.684581011156828,1,stop,2024
IWM,sma50_bullish_bounce,2024-06-06,2024-06-07,199.4387,196.1353,-1.656385999877541,1,thesis,2024
MDY,sma50_bullish_bounce,2024-06-06,2024-06-06,524.6374,523.6378,-0.19053699468196683,0,thesis,2024
DIA,sma50_bullish_bounce,2024-06-07,2024-06-13,376.5295,373.8446,-0.7130742778572174,4,thesis,2024
XLY,sma50_bullish_bounce,2024-06-07,2024-07-01,87.1326,89.9165,3.1949796255534846,15,time,2024
XLF,sma50_bullish_bounce,2024-06-10,2024-06-11,39.9484,39.4342,-1.2872348238351483,1,thesis,2024
EEM,sma50_bullish_bounce,2024-06-11,2024-07-03,39.9696,41.4644,3.7396718104034,15,time,2024
DIA,sma50_bullish_bounce,2024-06-18,2024-07-11,376.5585,385.0908,2.2658539177807357,15,time,2024
EFA,sma50_bullish_bounce,2024-06-18,2024-06-21,73.3424,73.0179,-0.4424728353807361,2,thesis,2024
XLF,sma50_bullish_bounce,2024-06-20,2024-06-27,39.8323,39.7066,-0.31557509870684397,5,thesis,2024
XLU,sma50_bullish_bounce,2024-06-20,2024-06-26,32.5734,32.473,-0.30813229167300227,4,thesis,2024
GLD,sma50_bullish_bounce,2024-06-21,2024-06-21,218.0478,214.5652,-1.5971784828556657,0,thesis,2024
XLI,sma50_bullish_bounce,2024-06-21,2024-06-21,119.6162,119.1447,-0.39419866529648573,0,thesis,2024
MDY,sma50_bullish_bounce,2024-06-24,2024-06-25,524.4804,520.4073,-0.7766029416865661,1,thesis,2024
XLI,sma50_bullish_bounce,2024-06-25,2024-06-25,119.7933,118.6303,-0.9708065079898076,0,thesis,2024
XLB,sma50_bullish_bounce,2024-06-25,2024-06-25,43.202,42.649,-1.2799866834621865,0,thesis,2024
EFA,sma50_bullish_bounce,2024-06-26,2024-06-26,73.2673,73.2333,-0.046375930519759745,0,thesis,2024
IWM,sma50_bullish_bounce,2024-06-28,2024-07-01,199.7016,196.673,-1.5165711502302281,1,thesis,2024
XLF,sma50_bullish_bounce,2024-07-01,2024-07-23,40.0871,41.8388,4.369529757467716,15,time,2024
XLP,sma50_bullish_bounce,2024-07-03,2024-07-03,72.6149,72.4698,-0.19980019980019303,0,thesis,2024
EFA,sma50_bullish_bounce,2024-07-03,2024-07-24,74.3842,73.9172,-0.62794726617178,14,thesis,2024
XLE,sma50_bullish_bounce,2024-07-05,2024-07-05,42.9234,42.2515,-1.5654296670583712,0,thesis,2024
TLT,sma50_bullish_bounce,2024-07-05,2024-07-24,85.0229,84.1633,-1.0110167454170593,13,thesis,2024
XLV,sma50_bullish_bounce,2024-07-08,2024-07-29,139.8519,144.863,3.5832013555650466,15,time,2024
XLP,sma50_bullish_bounce,2024-07-08,2024-07-29,73.5648,74.4418,1.192054195315162,15,time,2024
IWM,sma50_bullish_bounce,2024-07-11,2024-08-01,203.6392,211.7175,3.9669593753204335,15,time,2024
XLI,sma50_bullish_bounce,2024-07-12,2024-08-02,120.972,119.3206,-1.365128644669411,15,thesis,2024
MDY,sma50_bullish_bounce,2024-07-12,2024-08-02,537.9153,524.1697,-2.5553532145018765,15,stop,2024
XLB,sma50_bullish_bounce,2024-07-12,2024-07-24,43.4575,43.1109,-0.7976188726768196,8,thesis,2024
XLU,sma50_bullish_bounce,2024-07-12,2024-07-15,33.5787,32.8224,-2.25231278034157,1,thesis,2024
XLE,sma50_bullish_bounce,2024-07-16,2024-07-23,42.9939,42.3593,-1.4759311535875064,5,thesis,2024
XLU,sma50_bullish_bounce,2024-07-17,2024-08-07,33.1104,34.5926,4.476563135103118,15,time,2024
SMH,sma50_bullish_bounce,2024-07-23,2024-07-24,253.3205,238.9333,-5.679451480003261,1,thesis,2024
EEM,sma50_bullish_bounce,2024-07-23,2024-07-23,40.9067,40.7677,-0.33976673804324564,0,thesis,2024
XLE,sma50_bullish_bounce,2024-07-26,2024-08-02,43.0691,41.567,-3.4875581569556613,5,stop,2024
TLT,sma50_bullish_bounce,2024-07-26,2024-08-16,85.6495,89.9062,4.969844608506424,15,time,2024
XLB,sma50_bullish_bounce,2024-07-26,2024-08-05,43.6021,42.4216,-2.7074814124824598,6,stop,2024
SPY,sma50_bullish_bounce,2024-07-29,2024-07-30,533.9261,528.9363,-0.9345553452291266,1,thesis,2024
XLY,sma50_bullish_bounce,2024-07-29,2024-08-02,90.5001,86.9245,-3.951007522082828,4,gap_stop,2024
XLP,sma50_bullish_bounce,2024-07-31,2024-08-21,74.0873,77.4851,4.586114657988216,15,time,2024
IWM,sma50_bullish_bounce,2024-08-05,2024-08-05,193.8442,197.6603,1.968674671054882,0,thesis,2024
XLV,sma50_bullish_bounce,2024-08-07,2024-08-07,142.5992,140.9627,-1.1476408479740074,0,thesis,2024
DIA,sma50_bullish_bounce,2024-08-09,2024-08-12,382.6964,381.5346,-0.3035927433915786,1,thesis,2024
XLF,sma50_bullish_bounce,2024-08-09,2024-08-30,40.9903,44.3295,8.146438412660096,15,time,2024
XLI,sma50_bullish_bounce,2024-08-09,2024-08-30,120.8941,127.8081,5.719054055550243,15,time,2024
DIA,sma50_bullish_bounce,2024-08-14,2024-09-05,386.1526,396.0872,2.57269082476439,15,time,2024
IWM,sma50_bullish_bounce,2024-08-14,2024-08-14,204.3543,202.0397,-1.1326075780287326,0,thesis,2024
EEM,sma50_bullish_bounce,2024-08-14,2024-08-14,40.7442,40.5005,-0.597975081070623,0,thesis,2024
SPY,sma50_bullish_bounce,2024-08-15,2024-09-06,537.329,527.3358,-1.859796196523844,15,thesis,2024
XLE,sma50_bullish_bounce,2024-08-16,2024-08-20,42.2938,41.5856,-1.6744764399212686,2,thesis,2024
QQQ,sma50_bullish_bounce,2024-08-16,2024-08-28,468.1826,465.9916,-0.4679726462189615,8,thesis,2024
XLY,sma50_bullish_bounce,2024-08-16,2024-09-06,89.5205,89.6119,0.10204389003711789,14,thesis,2024
EEM,sma50_bullish_bounce,2024-08-16,2024-09-03,41.2701,40.5673,-1.702822580974106,11,thesis,2024
XLB,sma50_bullish_bounce,2024-08-16,2024-09-06,43.5298,43.2456,-0.6529498879887852,14,thesis,2024
XLK,sma50_bullish_bounce,2024-08-19,2024-08-22,109.2234,108.7634,-0.42120551717421684,3,thesis,2024
XLE,sma50_bullish_bounce,2024-08-26,2024-08-28,42.9422,42.0967,-1.9688886768652991,2,thesis,2024
XLK,sma50_bullish_bounce,2024-08-26,2024-08-26,110.6476,109.1384,-1.3638982905505803,0,thesis,2024
XLK,sma50_bullish_bounce,2024-08-28,2024-08-28,109.8762,108.2847,-1.4484250307121527,0,thesis,2024
XLE,sma50_bullish_bounce,2024-08-30,2024-09-03,42.2985,41.7403,-1.3195309067290606,1,thesis,2024
QQQ,sma50_bullish_bounce,2024-09-03,2024-09-03,468.7572,456.5601,-2.602010065221616,0,thesis,2024
IWM,sma50_bullish_bounce,2024-09-05,2024-09-05,209.1636,207.1718,-0.9522512049673026,0,thesis,2024
XLY,sma50_bullish_bounce,2024-09-10,2024-10-01,91.4552,98.2447,7.42395671127023,15,time,2024
XLB,sma50_bullish_bounce,2024-09-10,2024-10-01,43.7323,46.4589,6.234747510161198,15,time,2024
SPY,sma50_bullish_bounce,2024-09-12,2024-10-03,542.717,555.8336,2.4168491666063607,15,time,2024
DIA,sma50_bullish_bounce,2024-09-12,2024-10-03,398.085,408.468,2.6082168136919437,15,time,2024
XLI,sma50_bullish_bounce,2024-09-12,2024-10-03,124.9856,131.2565,5.017276526744907,15,time,2024
EFA,sma50_bullish_bounce,2024-09-12,2024-10-03,75.6608,76.8772,1.6077636045992882,15,time,2024
XLK,sma50_bullish_bounce,2024-09-13,2024-09-18,108.5954,107.1743,-1.308651791541271,3,thesis,2024
QQQ,sma50_bullish_bounce,2024-09-13,2024-10-04,468.044,482.4571,3.079448575027932,15,time,2024
IWM,sma50_bullish_bounce,2024-09-16,2024-10-07,213.1698,213.2737,0.04870127564116089,15,time,2024
EEM,sma50_bullish_bounce,2024-09-16,2024-10-07,41.1075,45.1957,9.94502878402912,15,time,2024
MDY,sma50_bullish_bounce,2024-09-16,2024-10-07,544.095,553.3181,1.6951150024848927,15,time,2024
SMH,sma50_bullish_bounce,2024-09-20,2024-09-20,237.2458,235.8794,-0.5759354274820327,0,thesis,2024
SMH,sma50_bullish_bounce,2024-09-24,2024-10-15,239.511,245.0608,2.3171417918996795,15,time,2024
XLE,sma50_bullish_bounce,2024-09-24,2024-09-25,42.7046,41.2103,-3.499160883199137,1,thesis,2024
XLV,sma50_bullish_bounce,2024-09-27,2024-10-03,148.8501,146.8278,-1.35861034389273,4,thesis,2024
XLE,sma50_bullish_bounce,2024-10-02,2024-10-23,43.1405,42.4633,-1.5697769116876703,15,time,2024
TLT,sma50_bullish_bounce,2024-10-03,2024-10-03,90.5783,89.8402,-0.8149632350364255,0,thesis,2024
XLP,sma50_bullish_bounce,2024-10-07,2024-10-07,77.8331,76.877,-1.2284112716151485,0,thesis,2024
XLV,sma50_bullish_bounce,2024-10-10,2024-10-10,148.8889,148.0391,-0.5707753098364576,0,thesis,2024
XLP,sma50_bullish_bounce,2024-10-10,2024-10-10,77.8618,77.3821,-0.6159869158661846,0,thesis,2024
IWM,sma50_bullish_bounce,2024-10-11,2024-10-31,213.052,213.5974,0.2559990985208094,14,thesis,2024
XLV,sma50_bullish_bounce,2024-10-14,2024-10-15,149.588,148.1166,-0.9836294507901133,1,thesis,2024
XLP,sma50_bullish_bounce,2024-10-14,2024-10-21,77.9286,77.7253,-0.2609306496175523,5,thesis,2024
EFA,sma50_bullish_bounce,2024-10-21,2024-10-21,76.4867,75.8468,-0.8366362561738505,0,thesis,2024
XLP,sma50_bullish_bounce,2024-10-23,2024-10-23,77.9286,78.0112,0.10596022197191246,0,thesis,2024
XLE,sma50_bullish_bounce,2024-10-29,2024-10-29,42.1645,41.5318,-1.5005709553898239,0,thesis,2024
XLB,sma50_bullish_bounce,2024-10-29,2024-10-31,45.6464,45.1299,-1.131421450285408,2,thesis,2024
EEM,sma50_bullish_bounce,2024-10-31,2024-10-31,42.647,42.4187,-0.5354459858462723,0,thesis,2024
SMH,sma50_bullish_bounce,2024-11-04,2024-11-15,243.7134,237.912,-2.380429182819044,9,thesis,2024
DIA,sma50_bullish_bounce,2024-11-04,2024-11-04,409.2903,406.731,-0.6253032771284861,0,thesis,2024
XLK,sma50_bullish_bounce,2024-11-04,2024-11-25,111.0246,115.4847,4.017187808782596,15,time,2024
XLE,sma50_bullish_bounce,2024-11-05,2024-11-26,42.643,45.0212,5.576882256058502,15,time,2024
IWM,sma50_bullish_bounce,2024-11-05,2024-11-26,215.5779,236.0204,9.48264101474905,15,time,2024
MDY,sma50_bullish_bounce,2024-11-05,2024-11-26,555.3673,603.7391,8.709878143419903,15,time,2024
SPY,sma50_bullish_bounce,2024-11-06,2024-11-27,577.9171,586.189,1.4313457965011267,15,time,2024
DIA,sma50_bullish_bounce,2024-11-06,2024-11-27,423.7378,435.882,2.8659576218525773,15,time,2024
XLI,sma50_bullish_bounce,2024-11-06,2024-11-27,137.481,139.6545,1.5809595649562747,15,time,2024
EEM,sma50_bullish_bounce,2024-11-07,2024-11-08,43.5554,42.6095,-2.1716992082462694,1,thesis,2024
XLU,sma50_bullish_bounce,2024-11-12,2024-11-12,37.6968,37.3031,-1.0445034520514929,0,thesis,2024
XLU,sma50_bullish_bounce,2024-11-19,2024-12-06,37.9254,37.8734,-0.13713199573481827,12,thesis,2024
GLD,sma50_bullish_bounce,2024-11-22,2024-11-25,248.4482,242.1182,-2.5478039910568406,1,stop,2024
XLP,sma50_bullish_bounce,2024-11-25,2024-12-17,78.6735,77.649,-1.3022378448984573,15,thesis,2024
XLB,sma50_bullish_bounce,2024-11-26,2024-11-26,45.9127,45.5939,-0.6944871422540522,0,thesis,2024
TLT,sma50_bullish_bounce,2024-12-02,2024-12-11,87.3863,86.2112,-1.3447161999554424,7,thesis,2024
XLB,sma50_bullish_bounce,2024-12-02,2024-12-02,45.9418,45.7727,-0.3680931645389296,0,thesis,2024
SMH,sma50_bullish_bounce,2024-12-05,2024-12-05,250.2506,246.1911,-1.6221764460649268,0,thesis,2024
XLE,sma50_bullish_bounce,2024-12-06,2024-12-06,43.7753,43.0354,-1.690327913605083,0,thesis,2024
EFA,sma50_bullish_bounce,2024-12-12,2024-12-12,74.5157,74.1045,-0.5517832497116792,0,thesis,2024
SMH,sma50_bullish_bounce,2024-12-17,2024-12-18,248.8498,239.9347,-3.582515608770964,1,thesis,2024
SPY,sma50_bullish_bounce,2024-12-23,2024-12-30,581.5253,577.741,-0.650757621284126,4,thesis,2024
XLK,sma50_bullish_bounce,2024-12-23,2024-12-31,117.2254,115.1441,-1.7754777757633566,5,thesis,2024
QQQ,sma50_bullish_bounce,2024-12-23,2025-01-10,516.2263,502.9385,-2.574013883387005,11,thesis,2024
SMH,sma50_bullish_bounce,2024-12-24,2024-12-30,249.9128,243.6572,-2.50312690650486,3,thesis,2024
XLF,sma50_bullish_bounce,2024-12-26,2024-12-27,47.7352,47.6203,-0.2407257680162922,1,thesis,2024
SMH,sma50_bullish_bounce,2025-01-06,2025-01-10,258.1255,245.8278,-4.764242805349472,3,stop,2025
SPY,sma50_bullish_bounce,2025-01-06,2025-01-07,586.82,578.1436,-1.47854061901046,1,thesis,2025
XLK,sma50_bullish_bounce,2025-01-06,2025-01-07,118.312,115.8572,-2.0749170541615403,1,thesis,2025
GLD,sma50_bullish_bounce,2025-01-10,2025-02-03,248.258,259.6801,4.600882038250775,15,time,2025
XLY,sma50_bullish_bounce,2025-01-10,2025-01-10,109.7975,108.9172,-0.8017622994066387,0,thesis,2025
XLE,sma50_bullish_bounce,2025-01-14,2025-01-28,43.039,42.6717,-0.8533966261706327,9,thesis,2025
XLY,sma50_bullish_bounce,2025-01-14,2025-01-14,110.8552,109.3217,-1.383344084489846,0,thesis,2025
SMH,sma50_bullish_bounce,2025-01-16,2025-01-27,256.5688,241.4861,-5.878600364434295,6,gap_stop,2025
XLF,sma50_bullish_bounce,2025-01-16,2025-02-07,48.4105,50.6191,4.562179970333258,15,time,2025
QQQ,sma50_bullish_bounce,2025-01-16,2025-01-16,515.66,508.7792,-1.3343671314511418,0,thesis,2025
XLU,sma50_bullish_bounce,2025-01-17,2025-01-27,37.7787,36.4949,-3.3980770521305215,5,stop,2025
SPY,sma50_bullish_bounce,2025-01-21,2025-02-11,591.1503,594.5265,0.57112178601888,15,time,2025
DIA,sma50_bullish_bounce,2025-01-21,2025-02-11,427.0341,435.7134,2.032462736550711,15,time,2025
XLK,sma50_bullish_bounce,2025-01-22,2025-01-27,118.714,113.193,-4.650656120105934,3,gap_stop,2025
EEM,sma50_bullish_bounce,2025-01-24,2025-01-27,41.7237,40.9223,-1.9209016937952073,1,thesis,2025
XLY,sma50_bullish_bounce,2025-01-28,2025-02-07,113.9935,111.265,-2.393544775210854,8,thesis,2025
XLP,sma50_bullish_bounce,2025-01-28,2025-01-28,76.7494,75.6357,-1.451056432588893,0,thesis,2025
MDY,sma50_bullish_bounce,2025-01-28,2025-01-29,582.5459,579.221,-0.5707467333683325,1,thesis,2025
QQQ,sma50_bullish_bounce,2025-01-29,2025-02-03,519.1178,513.767,-1.0307470697716203,3,thesis,2025
EEM,sma50_bullish_bounce,2025-01-29,2025-02-03,41.5487,41.1552,-0.9471929870979445,3,thesis,2025
XLI,sma50_bullish_bounce,2025-01-31,2025-02-03,136.8173,133.0821,-2.7300474642450445,1,stop,2025
XLP,sma50_bullish_bounce,2025-01-31,2025-01-31,76.0469,75.847,-0.26293512600568114,0,thesis,2025
MDY,sma50_bullish_bounce,2025-01-31,2025-02-03,587.5851,568.4652,-3.253986680302867,1,gap_stop,2025
XLU,sma50_bullish_bounce,2025-01-31,2025-02-04,37.649,37.1904,-1.2180584304434472,2,thesis,2025
XLE,sma50_bullish_bounce,2025-02-05,2025-02-06,43.0008,42.2283,-1.7964307103687682,1,thesis,2025
QQQ,sma50_bullish_bounce,2025-02-05,2025-02-24,518.4818,515.5122,-0.5727491025701581,12,thesis,2025
IWM,sma50_bullish_bounce,2025-02-06,2025-02-06,227.229,224.9451,-1.0050947074796701,0,thesis,2025
MDY,sma50_bullish_bounce,2025-02-06,2025-02-07,586.4139,574.9874,-1.9485410492804056,1,thesis,2025
XLU,sma50_bullish_bounce,2025-02-06,2025-02-28,37.8027,37.962,0.42132878127396634,15,time,2025
SMH,sma50_bullish_bounce,2025-02-07,2025-02-07,249.0347,243.9958,-2.023364360275204,0,thesis,2025
XLI,sma50_bullish_bounce,2025-02-07,2025-02-21,135.9136,132.2697,-2.68106691169524,9,stop,2025
SMH,sma50_bullish_bounce,2025-02-11,2025-02-24,247.1786,242.4223,-1.9242453820789596,8,thesis,2025
XLE,sma50_bullish_bounce,2025-02-11,2025-03-03,43.4451,41.8024,-3.781073519846001,13,stop,2025
XLK,sma50_bullish_bounce,2025-02-11,2025-02-21,116.5605,116.3078,-0.2167882736204496,7,thesis,2025
XLP,sma50_bullish_bounce,2025-02-11,2025-03-05,76.9418,79.1697,2.895562127633733,15,time,2025
SPY,sma50_bullish_bounce,2025-02-13,2025-02-24,594.8999,586.5707,-1.400093668787361,6,thesis,2025
IWM,sma50_bullish_bounce,2025-02-19,2025-02-19,222.2016,222.7611,0.251799577071532,0,thesis,2025
MDY,sma50_bullish_bounce,2025-02-19,2025-02-20,576.3452,569.9975,-1.1013780631840109,1,thesis,2025
DIA,sma50_bullish_bounce,2025-02-26,2025-02-26,427.7595,424.8507,-0.6800060185613188,0,thesis,2025
DIA,sma50_bullish_bounce,2025-03-03,2025-03-03,430.7978,420.1306,-2.476157860465933,0,stop,2025
XLI,sma50_bullish_bounce,2025-03-03,2025-03-03,134.6858,131.7405,-2.1867760513471612,0,thesis,2025
EEM,sma50_bullish_bounce,2025-03-03,2025-03-03,42.2585,41.5627,-1.6465064374713734,0,thesis,2025
EEM,sma50_bullish_bounce,2025-03-05,2025-03-26,42.7447,43.0669,0.7536990602230453,15,time,2025
XLU,sma50_bullish_bounce,2025-03-11,2025-03-11,37.5002,37.0946,-1.0815111017880907,0,thesis,2025
XLE,sma50_bullish_bounce,2025-03-17,2025-04-03,42.8479,41.6783,-2.7295785067014577,13,thesis,2025
XLU,sma50_bullish_bounce,2025-03-17,2025-03-25,37.8603,37.1214,-1.9516012430799479,6,thesis,2025
XLP,sma50_bullish_bounce,2025-03-18,2025-03-18,77.5673,76.5864,-1.2645345018907017,0,thesis,2025
XLF,sma50_bullish_bounce,2025-03-26,2025-03-26,49.6866,49.2932,-0.7917409554787924,0,thesis,2025
XLP,sma50_bullish_bounce,2025-03-27,2025-04-04,77.5138,75.7467,-2.279749061954439,6,thesis,2025
EFA,sma50_bullish_bounce,2025-04-01,2025-04-03,77.8048,76.2631,-1.9814950585245183,2,thesis,2025
XLU,sma50_bullish_bounce,2025-04-01,2025-04-04,38.1048,36.9321,-3.0775457005052576,3,stop,2025
EEM,sma50_bullish_bounce,2025-04-02,2025-04-03,42.5113,41.6986,-1.9118313988867874,1,thesis,2025
XLP,sma50_bullish_bounce,2025-04-14,2025-04-16,78.0556,77.3879,-0.8553250215165509,2,thesis,2025
XLP,sma50_bullish_bounce,2025-04-21,2025-04-28,79.2647,77.7837,-1.8684287947196787,5,thesis,2025
XLU,sma50_bullish_bounce,2025-04-21,2025-04-21,37.4375,36.6437,-2.1205194974366015,0,thesis,2025
EFA,sma50_bullish_bounce,2025-04-23,2025-05-14,79.0797,81.7512,3.378202826313337,15,time,2025
XLU,sma50_bullish_bounce,2025-04-23,2025-05-14,38.0903,38.27,0.4717206860585632,15,time,2025
EEM,sma50_bullish_bounce,2025-04-25,2025-05-16,42.0252,44.8912,6.819928771701433,15,time,2025
XLP,sma50_bullish_bounce,2025-04-30,2025-05-13,79.0229,77.1755,-2.3377783453694345,9,thesis,2025
XLF,sma50_bullish_bounce,2025-05-01,2025-05-22,47.7219,49.2442,3.189865578396933,15,time,2025
XLP,sma50_bullish_bounce,2025-05-16,2025-06-09,78.5682,78.7588,0.2425656958508604,15,time,2025
GLD,sma50_bullish_bounce,2025-05-19,2025-06-10,298.1479,306.4033,2.7689031414563248,15,time,2025
XLP,sma50_bullish_bounce,2025-06-11,2025-06-13,79.0423,78.1603,-1.1158480599699594,2,thesis,2025
XLP,sma50_bullish_bounce,2025-06-17,2025-06-17,78.3458,77.7451,-0.7666356331767932,0,thesis,2025
XLP,sma50_bullish_bounce,2025-06-24,2025-06-25,79.2728,77.9966,-1.6099240810139914,1,thesis,2025
GLD,sma50_bullish_bounce,2025-06-25,2025-06-27,305.6153,300.9188,-1.5367444694526333,2,thesis,2025
XLP,sma50_bullish_bounce,2025-07-01,2025-07-09,78.9514,78.5603,-0.49529333155409194,5,thesis,2025
GLD,sma50_bullish_bounce,2025-07-03,2025-07-08,307.357,303.8558,-1.1391293160535443,2,thesis,2025
GLD,sma50_bullish_bounce,2025-07-11,2025-07-28,309.1688,305.1046,-1.314573489459403,11,thesis,2025
XLP,sma50_bullish_bounce,2025-07-11,2025-07-11,78.6884,78.5506,-0.1750982694778136,0,thesis,2025
EFA,sma50_bullish_bounce,2025-07-17,2025-07-31,85.3176,84.5386,-0.9130666588999858,10,thesis,2025
XLP,sma50_bullish_bounce,2025-07-18,2025-07-18,79.039,78.6284,-0.5195570039452035,0,thesis,2025
XLP,sma50_bullish_bounce,2025-07-23,2025-07-28,79.526,78.4048,-1.409855418672279,3,thesis,2025
XLP,sma50_bullish_bounce,2025-07-30,2025-07-30,79.1169,78.2201,-1.133548345926605,0,thesis,2025
GLD,sma50_bullish_bounce,2025-08-04,2025-08-12,311.1108,307.9617,-1.0122017235617897,6,thesis,2025
XLF,sma50_bullish_bounce,2025-08-05,2025-08-07,51.3059,50.5344,-1.5036264626710816,2,thesis,2025
IWM,sma50_bullish_bounce,2025-08-05,2025-08-26,218.511,231.6398,6.00829831144416,15,time,2025
XLY,sma50_bullish_bounce,2025-08-05,2025-08-26,108.7396,115.8332,6.523436154626361,15,time,2025
EFA,sma50_bullish_bounce,2025-08-05,2025-08-26,85.7531,88.7694,3.5173713248454197,15,time,2025
XLP,sma50_bullish_bounce,2025-08-07,2025-08-25,79.6332,78.7936,-1.054267248626084,12,thesis,2025
XLF,sma50_bullish_bounce,2025-08-11,2025-09-02,51.2171,52.7183,2.930966215778419,15,time,2025
MDY,sma50_bullish_bounce,2025-08-13,2025-09-04,577.8533,592.7811,2.5833168370926307,15,time,2025
XLB,sma50_bullish_bounce,2025-08-13,2025-09-04,44.1211,44.7983,1.5346948799269233,15,time,2025
GLD,sma50_bullish_bounce,2025-08-14,2025-08-14,308.2379,306.9427,-0.42018602294113805,0,thesis,2025
GLD,sma50_bullish_bounce,2025-08-25,2025-09-16,309.9797,339.2504,9.442787532217922,15,time,2025
XLE,sma50_bullish_bounce,2025-08-25,2025-09-16,42.6743,43.49,1.911520618206386,15,time,2025
XLK,sma50_bullish_bounce,2025-08-25,2025-09-16,130.6506,135.3386,3.588212437452354,15,time,2025
TLT,sma50_bullish_bounce,2025-08-25,2025-09-02,83.6581,82.7454,-1.0909710170651787,5,thesis,2025
QQQ,sma50_bullish_bounce,2025-09-03,2025-09-24,567.0681,593.3366,4.632340548483316,15,time,2025
EEM,sma50_bullish_bounce,2025-09-03,2025-09-24,49.0593,52.0476,6.09137865342646,15,time,2025
EFA,sma50_bullish_bounce,2025-09-03,2025-09-24,87.5437,89.4262,2.1503947417499614,15,time,2025
TLT,sma50_bullish_bounce,2025-09-04,2025-09-25,84.257,85.9826,2.048053547289208,15,time,2025
SMH,sma50_bullish_bounce,2025-09-05,2025-09-26,294.4489,320.5009,8.847730862828772,15,time,2025
XLI,sma50_bullish_bounce,2025-09-05,2025-09-05,149.969,148.8606,-0.7390878096496634,0,thesis,2025
XLF,sma50_bullish_bounce,2025-09-09,2025-09-30,52.2226,53.1682,1.8107825303080194,15,time,2025
XLI,sma50_bullish_bounce,2025-09-09,2025-09-09,149.2278,148.1899,-0.6954965564236915,0,thesis,2025
XLI,sma50_bullish_bounce,2025-09-11,2025-09-17,149.6626,149.0677,-0.3974966450341455,4,thesis,2025
XLB,sma50_bullish_bounce,2025-09-11,2025-09-24,44.5488,43.8575,-1.551755041834546,9,thesis,2025
XLU,sma50_bullish_bounce,2025-09-11,2025-09-16,41.1497,40.8877,-0.6367381788397464,3,thesis,2025
XLI,sma50_bullish_bounce,2025-09-19,2025-09-25,151.4514,149.7628,-1.1149329023016685,4,thesis,2025
XLU,sma50_bullish_bounce,2025-09-22,2025-10-13,41.3826,44.4652,7.448945414745078,15,time,2025
MDY,sma50_bullish_bounce,2025-09-26,2025-10-10,587.4513,571.7994,-2.6643847459837833,10,stop,2025
XLV,sma50_bullish_bounce,2025-10-01,2025-10-22,138.1665,143.9664,4.197713248143087,15,time,2025
XLF,sma50_bullish_bounce,2025-10-03,2025-10-10,52.8296,51.6172,-2.294899003054751,5,stop,2025
XLB,sma50_bullish_bounce,2025-10-06,2025-10-06,44.4046,44.2518,-0.3441057581499263,0,thesis,2025
XLB,sma50_bullish_bounce,2025-10-09,2025-10-09,44.5725,43.7047,-1.9469968582371822,0,thesis,2025
XLY,sma50_bullish_bounce,2025-10-14,2025-10-16,114.817,115.4019,0.5094079786487127,2,thesis,2025
EFA,sma50_bullish_bounce,2025-10-14,2025-11-04,89.4794,90.3728,0.9984515539622318,15,time,2025
SPY,sma50_bullish_bounce,2025-10-15,2025-11-05,662.0022,671.3404,1.4106032329717078,15,time,2025
DIA,sma50_bullish_bounce,2025-10-15,2025-11-05,459.9394,467.5156,1.6472057832358056,15,time,2025
XLF,sma50_bullish_bounce,2025-10-15,2025-10-16,52.8395,51.3464,-2.8257650294694514,1,stop,2025
XLI,sma50_bullish_bounce,2025-10-15,2025-10-16,152.613,150.1392,-1.6209719757087737,1,thesis,2025
MDY,sma50_bullish_bounce,2025-10-15,2025-10-16,593.9521,582.0283,-2.007530696272497,1,thesis,2025
XLY,sma50_bullish_bounce,2025-10-20,2025-10-30,117.1653,116.0623,-0.9414160630144663,8,thesis,2025
XLP,sma50_bullish_bounce,2025-10-20,2025-10-21,78.3556,77.602,-0.9617195554135316,1,thesis,2025
XLI,sma50_bullish_bounce,2025-10-21,2025-11-04,152.6428,151.1394,-0.9848770596665002,10,thesis,2025
MDY,sma50_bullish_bounce,2025-10-21,2025-10-22,590.9944,585.6437,-0.9053797634331895,1,thesis,2025
XLE,sma50_bullish_bounce,2025-10-23,2025-10-28,43.7482,42.6788,-2.444397633471751,3,thesis,2025
XLP,sma50_bullish_bounce,2025-10-23,2025-10-23,78.2869,77.6607,-0.7998807438056921,0,thesis,2025
MDY,sma50_bullish_bounce,2025-10-24,2025-10-30,601.2568,583.7915,-2.9047942642062563,4,thesis,2025
TLT,sma50_bullish_bounce,2025-11-04,2025-11-05,87.5471,86.5741,-1.1113263394511574,1,thesis,2025
IWM,sma50_bullish_bounce,2025-11-06,2025-11-06,242.6773,238.3155,-1.7973504849203126,0,thesis,2025
XLI,sma50_bullish_bounce,2025-11-06,2025-11-06,152.0771,151.1196,-0.6296109492121227,0,thesis,2025
XLY,sma50_bullish_bounce,2025-11-06,2025-11-06,119.2798,116.9263,-1.9730986478918688,0,thesis,2025
EFA,sma50_bullish_bounce,2025-11-06,2025-11-17,91.2409,90.8172,-0.46446873337208094,7,thesis,2025
XLE,sma50_bullish_bounce,2025-11-07,2025-11-25,43.3615,43.2895,-0.16600762468881314,12,thesis,2025
TLT,sma50_bullish_bounce,2025-11-07,2025-11-13,87.1375,86.9829,-0.17744682132603273,4,thesis,2025
SPY,sma50_bullish_bounce,2025-11-10,2025-11-17,672.3469,656.5569,-2.3484925201080697,5,stop,2025
DIA,sma50_bullish_bounce,2025-11-10,2025-11-18,467.2535,456.6028,-2.2794147632145156,6,stop,2025
XLK,sma50_bullish_bounce,2025-11-10,2025-11-14,146.2229,139.9554,-4.286269496371064,4,gap_stop,2025
QQQ,sma50_bullish_bounce,2025-11-10,2025-11-14,617.2842,596.7706,-3.323199742383931,4,gap_stop,2025
XLI,sma50_bullish_bounce,2025-11-10,2025-11-13,152.8214,150.5353,-1.495920594356781,3,thesis,2025
XLU,sma50_bullish_bounce,2025-11-10,2025-11-19,44.0934,43.2813,-1.8418683983561612,7,thesis,2025
XLY,sma50_bullish_bounce,2025-11-11,2025-11-13,118.6827,115.1934,-2.9400693549700985,2,thesis,2025
XLF,sma50_bullish_bounce,2025-11-12,2025-11-13,52.6318,52.2898,-0.6498589458911574,1,thesis,2025
IWM,sma50_bullish_bounce,2025-11-12,2025-11-13,243.2535,234.4403,-3.623052183066089,1,stop,2025
MDY,sma50_bullish_bounce,2025-11-12,2025-11-13,593.2374,581.8006,-1.9278783139974887,1,thesis,2025
SMH,sma50_bullish_bounce,2025-11-17,2025-11-18,341.2202,331.9239,-2.72442349079004,1,thesis,2025
SMH,sma50_bullish_bounce,2025-11-20,2025-11-20,348.1256,327.2355,-6.000727044304178,0,stop,2025
TLT,sma50_bullish_bounce,2025-11-25,2025-12-01,88.0639,86.7169,-1.529473912022572,3,stop,2025
XLU,sma50_bullish_bounce,2025-11-25,2025-11-25,43.814,43.4476,-0.8362522604130618,0,thesis,2025
SPY,sma50_bullish_bounce,2025-11-26,2025-12-17,672.7341,665.2174,-1.1173473340633455,14,thesis,2025
DIA,sma50_bullish_bounce,2025-11-26,2025-12-18,468.1391,475.4258,1.5565360507992843,15,time,2025
QQQ,sma50_bullish_bounce,2025-11-26,2025-12-15,610.8911,607.7097,-0.5207843345995444,12,thesis,2025
IWM,sma50_bullish_bounce,2025-11-26,2025-12-18,243.4621,247.4317,1.630453980821489,15,time,2025
MDY,sma50_bullish_bounce,2025-11-26,2025-12-18,594.1009,602.294,1.379072896436906,15,time,2025
XLE,sma50_bullish_bounce,2025-11-28,2025-12-16,43.7286,42.8059,-2.1102173233677024,12,thesis,2025
XLF,sma50_bullish_bounce,2025-11-28,2025-12-19,52.5131,54.1255,3.07049101071577,15,time,2025
EEM,sma50_bullish_bounce,2025-11-28,2025-12-12,53.1729,53.145,-0.05237274746466847,10,thesis,2025
EFA,sma50_bullish_bounce,2025-11-28,2025-12-19,91.7926,93.879,2.272868920110227,15,time,2025
XLB,sma50_bullish_bounce,2025-11-28,2025-12-08,44.0194,42.8619,-2.629581021412297,6,thesis,2025
XLU,sma50_bullish_bounce,2025-11-28,2025-12-01,44.1865,43.3008,-2.0044738051291144,1,thesis,2025
XLI,sma50_bullish_bounce,2025-12-01,2025-12-01,151.3725,149.9807,-0.9194757663001596,0,thesis,2025
XLY,sma50_bullish_bounce,2025-12-01,2025-12-22,117.0758,121.7301,3.9754550107964137,15,time,2025
XLK,sma50_bullish_bounce,2025-12-03,2025-12-12,143.5259,142.9804,-0.38005528460679505,7,thesis,2025
XLI,sma50_bullish_bounce,2025-12-04,2025-12-26,153.1091,156.2284,2.0372517306446403,15,time,2025
XLB,sma50_bullish_bounce,2025-12-11,2026-01-05,43.7478,46.1548,5.502151709640102,15,time,2025
SMH,sma50_bullish_bounce,2025-12-17,2025-12-17,352.1472,337.8495,-4.060139419537512,0,thesis,2025
XLE,sma50_bullish_bounce,2025-12-18,2025-12-18,43.714,43.1185,-1.3620879446490042,0,thesis,2025
SMH,sma50_bullish_bounce,2025-12-22,2026-01-14,362.7724,387.9617,6.943538561024076,15,time,2025
SPY,sma50_bullish_bounce,2025-12-22,2026-01-14,681.0049,686.0239,0.737000200428306,15,time,2025
XLK,sma50_bullish_bounce,2025-12-22,2025-12-31,145.8007,143.4763,-1.594175064975445,6,thesis,2025
QQQ,sma50_bullish_bounce,2025-12-22,2025-12-31,620.5061,612.25,-1.330550953408216,6,thesis,2025
EEM,sma50_bullish_bounce,2025-12-22,2026-01-14,53.7446,57.3939,6.790091833809986,15,time,2025
XLE,sma50_bullish_bounce,2025-12-23,2025-12-26,43.8101,43.5551,-0.5821631043690267,2,thesis,2025
XLE,sma50_bullish_bounce,2025-12-30,2026-01-22,44.2347,48.1963,8.955973650667893,15,time,2025
IWM,sma50_bullish_bounce,2026-01-05,2026-01-27,249.0036,263.3694,5.769286777177474,15,time,2026
XLY,sma50_bullish_bounce,2026-01-06,2026-01-20,119.1722,118.5261,-0.5421133238835085,9,thesis,2026
XLK,sma50_bullish_bounce,2026-01-07,2026-01-08,146.3199,143.7454,-1.7594918367619394,1,thesis,2026
QQQ,sma50_bullish_bounce,2026-01-07,2026-01-20,622.1939,605.5145,-2.680745953001751,8,stop,2026
XLK,sma50_bullish_bounce,2026-01-12,2026-01-20,144.9818,141.3536,-2.5025232827428745,5,thesis,2026
XLF,sma50_bullish_bounce,2026-01-15,2026-01-20,53.8082,52.6904,-2.077264756098185,2,thesis,2026
TLT,sma50_bullish_bounce,2026-01-15,2026-01-16,87.0817,86.0841,-1.1455543314315308,1,thesis,2026
XLU,sma50_bullish_bounce,2026-01-16,2026-01-20,42.6409,42.3487,-0.6852827973854669,1,thesis,2026
XLV,sma50_bullish_bounce,2026-01-21,2026-01-28,154.0398,152.8504,-0.77210609738948,5,thesis,2026
SPY,sma50_bullish_bounce,2026-01-22,2026-02-05,686.8896,672.325,-2.1203688508475094,10,stop,2026
QQQ,sma50_bullish_bounce,2026-01-22,2026-02-03,621.5048,614.4526,-1.134689973487668,8,thesis,2026
XLY,sma50_bullish_bounce,2026-01-22,2026-02-04,121.7644,119.5012,-1.8586399462886427,9,thesis,2026
XLK,sma50_bullish_bounce,2026-01-26,2026-01-30,145.0617,143.3867,-1.1547221594725543,4,thesis,2026
XLU,sma50_bullish_bounce,2026-01-28,2026-02-02,42.9668,42.0135,-2.218757824592843,3,thesis,2026
XLF,sma50_bullish_bounce,2026-02-03,2026-02-03,53.312,53.0173,-0.5527838406040209,0,thesis,2026
XLK,sma50_bullish_bounce,2026-02-03,2026-02-03,145.6709,139.993,-3.897715418245118,0,stop,2026
XLV,sma50_bullish_bounce,2026-02-03,2026-02-03,153.6229,152.6424,-0.6382509391777313,0,thesis,2026
XLU,sma50_bullish_bounce,2026-02-04,2026-02-26,42.9372,46.5086,8.317760324725132,15,time,2026
XLV,sma50_bullish_bounce,2026-02-05,2026-02-05,154.2979,153.3754,-0.5978264234484776,0,thesis,2026
SMH,sma50_bullish_bounce,2026-02-06,2026-03-02,389.5892,405.9836,4.208127920473581,15,time,2026
SPY,sma50_bullish_bounce,2026-02-09,2026-02-12,686.4613,676.991,-1.3795791159216475,3,thesis,2026
XLF,sma50_bullish_bounce,2026-02-09,2026-02-09,53.6692,53.4233,-0.4581646098092418,0,thesis,2026
TLT,sma50_bullish_bounce,2026-02-09,2026-03-03,85.9946,88.3103,2.6927859559387146,15,time,2026
XLV,sma50_bullish_bounce,2026-02-09,2026-03-03,156.3921,155.2575,-0.7254886002323158,15,time,2026
IWM,sma50_bullish_bounce,2026-02-17,2026-03-03,261.554,257.9076,-1.3941405835425469,10,thesis,2026
SPY,sma50_bullish_bounce,2026-02-23,2026-02-23,684.8782,678.104,-0.9891134270171964,0,thesis,2026
DIA,sma50_bullish_bounce,2026-02-23,2026-02-23,492.1029,484.6741,-1.5096127823926553,0,thesis,2026
SPY,sma50_bullish_bounce,2026-02-25,2026-02-27,687.2181,681.6813,-0.8056766943253746,2,thesis,2026
DIA,sma50_bullish_bounce,2026-02-25,2026-02-27,491.2371,486.3128,-1.0024441372391335,2,thesis,2026
QQQ,sma50_bullish_bounce,2026-02-26,2026-02-26,614.754,607.197,-1.2292758181122077,0,thesis,2026
MDY,sma50_bullish_bounce,2026-03-04,2026-03-06,647.2707,623.7203,-3.6384177200781354,2,stop,2026
SMH,sma50_bullish_bounce,2026-03-05,2026-03-06,396.4561,380.1794,-4.105529398503838,1,thesis,2026
IWM,sma50_bullish_bounce,2026-03-05,2026-03-05,258.1747,255.4403,-1.0591094577772742,0,thesis,2026
XLV,sma50_bullish_bounce,2026-03-05,2026-03-05,153.9703,152.4542,-0.9846668390724234,0,thesis,2026
EEM,sma50_bullish_bounce,2026-03-05,2026-03-05,57.7777,57.2747,-0.8706381298550947,0,thesis,2026
EFA,sma50_bullish_bounce,2026-03-05,2026-03-05,98.3239,97.5177,-0.8199208384797041,0,thesis,2026
TLT,sma50_bullish_bounce,2026-03-09,2026-03-11,87.369,86.049,-1.510875012340751,2,thesis,2026
XLI,sma50_bullish_bounce,2026-03-09,2026-03-12,167.4246,164.2082,-1.9211032827835428,3,thesis,2026
SMH,sma50_bullish_bounce,2026-03-11,2026-03-12,400.41,387.7419,-3.1637931799426755,1,thesis,2026
XLP,sma50_bullish_bounce,2026-03-16,2026-03-17,84.2333,83.5619,-0.7971273171259785,1,thesis,2026
XLU,sma50_bullish_bounce,2026-03-25,2026-04-16,45.2764,46.0099,1.6199234661174122,15,time,2026
SMH,sma50_bullish_bounce,2026-04-08,2026-04-29,423.5832,499.0804,17.82347585927495,15,time,2026
XLE,sma50_bullish_bounce,2026-04-09,2026-04-14,57.8411,55.4938,-4.058050368257094,3,thesis,2026
XLI,sma50_bullish_bounce,2026-04-09,2026-04-30,169.6325,173.9774,2.5613327377862705,15,time,2026
XLB,sma50_bullish_bounce,2026-04-09,2026-04-30,51.4193,51.227,-0.3740078862965346,15,time,2026
SPY,sma50_bullish_bounce,2026-04-10,2026-05-01,680.2488,718.0794,5.561287685679983,15,time,2026
DIA,sma50_bullish_bounce,2026-04-10,2026-05-01,480.8993,492.9074,2.497012516836139,15,time,2026
QQQ,sma50_bullish_bounce,2026-04-10,2026-05-01,611.7796,672.7366,9.963881136468933,15,time,2026
XLU,sma50_bullish_bounce,2026-04-27,2026-04-29,46.1219,45.3448,-1.6848493124839048,2,thesis,2026
EFA,sma50_bullish_bounce,2026-04-29,2026-04-29,98.9348,98.2749,-0.6669935764897161,0,thesis,2026
XLP,sma50_bullish_bounce,2026-05-01,2026-05-04,84.2204,82.8814,-1.5898411250367395,1,thesis,2026
XLU,sma50_bullish_bounce,2026-05-01,2026-05-06,46.5893,45.3746,-2.6074516464020148,3,thesis,2026
XLP,sma50_bullish_bounce,2026-05-06,2026-05-28,83.8426,83.7644,-0.093292241865639,15,time,2026
XLB,sma50_bullish_bounce,2026-05-06,2026-05-15,52.1772,50.4574,-3.2961031413379915,7,stop,2026
XLE,sma50_bullish_bounce,2026-05-15,2026-05-26,58.338,57.3783,-1.6449544271743943,6,thesis,2026
XLV,sma50_bullish_bounce,2026-05-20,2026-06-02,147.0391,145.6114,-0.9709285378662891,8,thesis,2026
XLI,sma50_bullish_bounce,2026-05-21,2026-06-10,169.5626,169.0744,-0.28795355739287265,13,thesis,2026
XLY,sma50_bullish_bounce,2026-05-21,2026-06-05,117.4735,114.5169,-2.5167837275692495,10,thesis,2026
XLB,sma50_bullish_bounce,2026-05-27,2026-06-05,50.8708,50.391,-0.9432591008138869,7,thesis,2026
XLE,sma50_bullish_bounce,2026-06-04,2026-06-05,58.1392,57.1998,-1.6157729512088825,1,thesis,2026
XLP,sma50_bullish_bounce,2026-06-08,2026-06-08,82.4807,82.4151,-0.0795173559991591,0,thesis,2026
XLE,sma50_bullish_bounce,2026-06-09,2026-06-09,57.7218,56.9221,-1.3854472270726559,0,thesis,2026
XLP,sma50_bullish_bounce,2026-06-10,2026-06-18,84.2601,82.6433,-1.918876829660443,6,thesis,2026
XLE,sma50_bullish_bounce,2026-06-11,2026-06-11,58.4175,56.6543,-3.018247288614695,0,thesis,2026
SPY,sma50_bullish_bounce,2026-06-12,2026-06-26,739.5455,718.9736,-2.7816955626602913,9,stop,2026
XLB,sma50_bullish_bounce,2026-06-12,2026-06-23,51.5689,50.8191,-1.4539007036527218,6,thesis,2026
XLP,sma50_bullish_bounce,2026-06-24,2026-06-30,84.124,82.9869,-1.351707798300994,4,thesis,2026
XLB,sma50_bullish_bounce,2026-06-25,2026-06-29,51.4614,50.6093,-1.6557455425799894,2,thesis,2026
GLD,breakout_20d,2011-08-19,2011-08-24,181.8216,175.5924,-3.426035716607334,3,stop,2011
TLT,breakout_20d,2011-08-19,2011-10-12,73.3848,76.2015,3.83829639161819,37,channel,2011
XLP,breakout_20d,2011-08-31,2011-09-06,20.7167,19.8472,-4.196950406002353,3,gap_stop,2011
XLV,breakout_20d,2011-09-01,2011-09-06,25.9703,24.6066,-5.251088771932277,2,gap_stop,2011
XLU,breakout_20d,2011-09-01,2011-09-06,10.2632,9.8252,-4.268027049290746,2,stop,2011
QQQ,breakout_20d,2011-09-16,2011-09-22,49.4993,46.9249,-5.2008574159484455,4,stop,2011
XLU,breakout_20d,2011-09-19,2011-10-04,10.2672,9.8675,-3.8930528492949756,11,stop,2011
XLK,breakout_20d,2011-10-14,2011-11-17,10.7018,10.4825,-2.0494087026523222,24,channel,2011
QQQ,breakout_20d,2011-10-17,2011-11-17,51.0054,49.0751,-3.7844516017631724,23,channel,2011
XLY,breakout_20d,2011-10-17,2011-11-17,16.1635,15.8881,-1.704051007622931,23,channel,2011
XLP,breakout_20d,2011-10-24,2011-11-01,21.2152,20.5339,-3.2115444159708906,6,gap_stop,2011
XLU,breakout_20d,2011-10-24,2011-11-17,10.6766,10.4875,-1.7703277806936701,18,channel,2011
DIA,breakout_20d,2011-10-25,2011-11-21,87.2189,84.9972,-2.5473266269220196,19,channel,2011
XLV,breakout_20d,2011-10-25,2011-11-21,26.1806,25.1472,-3.947294596749251,19,stop,2011
GLD,breakout_20d,2011-10-26,2011-11-17,167.197,166.9329,-0.15797091766182048,16,channel,2011
XLE,breakout_20d,2011-10-28,2011-11-01,21.5481,20.0614,-6.899496571732556,2,gap_stop,2011
SPY,breakout_20d,2011-10-28,2011-11-01,98.9176,94.1156,-4.85454288269338,2,gap_stop,2011
TLT,breakout_20d,2011-11-23,2011-12-01,81.0113,77.7911,-3.974990781385246,5,gap_stop,2011
XLP,breakout_20d,2011-12-01,2012-02-29,21.5387,22.5519,4.704036471187956,60,time,2011
XLV,breakout_20d,2011-12-21,2012-03-06,26.8936,28.0642,4.352478002311,50,channel,2011
XLU,breakout_20d,2011-12-21,2012-01-19,10.827,10.6543,-1.5950262610243682,18,channel,2011
DIA,breakout_20d,2011-12-27,2012-03-06,90.8531,94.7196,4.255722008017138,47,channel,2011
SPY,breakout_20d,2011-12-28,2012-03-06,98.3861,104.585,6.30051352480514,46,channel,2011
XLI,breakout_20d,2012-01-04,2012-03-05,26.4005,28.2637,7.057300542437384,41,channel,2012
QQQ,breakout_20d,2012-01-06,2012-04-03,50.9442,60.3066,18.377763804337953,60,time,2012
XLY,breakout_20d,2012-01-06,2012-04-03,16.9037,19.0831,12.893043868776655,60,time,2012
SMH,breakout_20d,2012-01-11,2012-03-05,13.5493,14.2093,4.871602096938998,36,channel,2012
XLE,breakout_20d,2012-01-11,2012-03-05,21.4223,22.336,4.265103061341402,36,channel,2012
IWM,breakout_20d,2012-01-11,2012-03-02,62.5358,65.9442,5.450428072463276,35,channel,2012
MDY,breakout_20d,2012-01-11,2012-03-06,137.5987,145.1227,5.468110361453804,37,channel,2012
XLF,breakout_20d,2012-01-12,2012-03-06,8.6875,8.9938,3.525687890974405,36,channel,2012
XLB,breakout_20d,2012-01-12,2012-02-14,13.422,13.6331,1.5729102773662573,22,channel,2012
XLK,breakout_20d,2012-01-13,2012-04-10,10.8192,12.274,13.44710659836148,59,channel,2012
GLD,breakout_20d,2012-01-23,2012-02-29,162.4823,164.1257,1.011418280555798,26,channel,2012
EEM,breakout_20d,2012-01-26,2012-03-06,31.2103,30.9944,-0.6916353647488993,27,channel,2012
EFA,breakout_20d,2012-02-06,2012-03-06,34.5071,34.0316,-1.3778904333628494,20,channel,2012
XLP,breakout_20d,2012-03-06,2012-04-10,22.5495,22.8146,1.1756999244314725,24,channel,2012
XLU,breakout_20d,2012-03-13,2012-03-15,11.0247,10.8051,-1.9924971149297033,2,stop,2012
SPY,breakout_20d,2012-03-14,2012-04-09,108.955,107.7483,-1.1075170841834847,17,channel,2012
DIA,breakout_20d,2012-03-14,2012-04-09,98.1411,96.0267,-2.1544298441970033,17,gap_stop,2012
XLF,breakout_20d,2012-03-14,2012-04-09,9.6354,9.5532,-0.8532157042186239,17,channel,2012
XLV,breakout_20d,2012-03-14,2012-04-10,29.0168,28.8842,-0.4572288821709236,18,channel,2012
XLI,breakout_20d,2012-03-14,2012-04-09,28.9577,28.0028,-3.29738687795903,17,gap_stop,2012
MDY,breakout_20d,2012-03-14,2012-04-09,152.1233,147.5032,-3.0370975638020714,17,gap_stop,2012
SMH,breakout_20d,2012-03-20,2012-04-04,15.0283,14.7523,-1.8367547256255001,11,channel,2012
IWM,breakout_20d,2012-03-20,2012-04-09,68.4394,66.0145,-3.5430600699511094,13,gap_stop,2012
EFA,breakout_20d,2012-03-20,2012-04-04,35.5739,34.5156,-2.9750397031139797,11,gap_stop,2012
TLT,breakout_20d,2012-04-11,2012-07-06,78.3749,86.4621,10.318496404393374,60,time,2012
XLU,breakout_20d,2012-04-27,2012-07-24,11.0831,11.6475,5.092486016651643,60,time,2012
XLY,breakout_20d,2012-04-30,2012-05-08,19.4265,18.842,-3.008320678743459,6,gap_stop,2012
DIA,breakout_20d,2012-05-02,2012-05-07,98.6304,96.5108,-2.1490622568338225,3,stop,2012
XLV,breakout_20d,2012-06-15,2012-07-24,29.3999,29.6425,0.825189414489258,26,channel,2012
XLP,breakout_20d,2012-06-15,2012-06-25,23.6922,23.2046,-2.0582887556830465,6,stop,2012
SPY,breakout_20d,2012-06-18,2012-09-12,104.8804,113.1413,7.876553944226794,60,time,2012
DIA,breakout_20d,2012-06-18,2012-08-23,95.207,98.1167,3.056140667919216,47,channel,2012
XLF,breakout_20d,2012-06-18,2012-09-12,8.9583,9.8752,10.235424818160709,60,time,2012
SMH,breakout_20d,2012-06-19,2012-06-25,13.7448,13.1607,-4.249718600642193,4,stop,2012
XLK,breakout_20d,2012-06-19,2012-06-26,12.0078,11.6158,-3.264523730981672,5,stop,2012
QQQ,breakout_20d,2012-06-19,2012-06-28,56.7225,54.7738,-3.435503215219715,7,stop,2012
IWM,breakout_20d,2012-06-20,2012-07-24,64.9739,63.4929,-2.279390907323231,23,channel,2012
XLI,breakout_20d,2012-06-20,2012-06-25,27.4398,26.4746,-3.517505340886107,3,stop,2012
XLY,breakout_20d,2012-06-20,2012-06-25,18.7977,18.1561,-3.4127782790645766,3,stop,2012
XLB,breakout_20d,2012-06-20,2012-06-22,13.2679,12.7447,-3.943457214819912,2,stop,2012
XLP,breakout_20d,2012-07-02,2012-07-23,23.8368,23.8647,0.11718443475816631,14,channel,2012
EFA,breakout_20d,2012-07-02,2012-07-12,33.1475,31.9459,-3.6249389485476735,7,stop,2012
MDY,breakout_20d,2012-07-03,2012-07-24,145.1758,139.9299,-3.613432703986552,14,stop,2012
XLK,breakout_20d,2012-07-05,2012-07-11,12.1416,11.7551,-3.1827254032065766,4,stop,2012
QQQ,breakout_20d,2012-07-05,2012-07-11,57.5481,55.6223,-3.346460024162856,4,stop,2012
EEM,breakout_20d,2012-07-05,2012-07-12,29.3231,27.8663,-4.967860653807432,5,gap_stop,2012
XLB,breakout_20d,2012-07-05,2012-07-11,13.328,12.8072,-3.9077191554186985,4,stop,2012
TLT,breakout_20d,2012-07-10,2012-08-07,87.1807,85.8057,-1.5771669338000338,20,channel,2012
XLY,breakout_20d,2012-07-20,2012-07-24,18.7083,18.1401,-3.0371638455587546,2,stop,2012
XLE,breakout_20d,2012-07-27,2012-08-30,21.0891,21.4869,1.8862599295760285,24,channel,2012
XLI,breakout_20d,2012-07-30,2012-08-30,27.8739,27.9574,0.2997357563697012,23,channel,2012
XLP,breakout_20d,2012-07-30,2012-08-23,24.5113,24.2425,-1.0966536461494814,18,channel,2012
XLU,breakout_20d,2012-07-30,2012-08-02,11.9414,11.6808,-2.1822676766229177,3,stop,2012
SMH,breakout_20d,2012-08-06,2012-08-23,14.0423,13.9803,-0.4414449821031896,13,channel,2012
XLK,breakout_20d,2012-08-06,2012-09-26,12.3923,12.8375,3.5922974959986753,36,channel,2012
QQQ,breakout_20d,2012-08-06,2012-10-09,58.5334,59.7558,2.0883330987577553,45,channel,2012
EFA,breakout_20d,2012-08-06,2012-08-30,33.8818,33.7745,-0.3167253626727651,18,channel,2012
XLY,breakout_20d,2012-08-08,2012-09-26,18.9167,19.8137,4.741594792811088,34,channel,2012
MDY,breakout_20d,2012-08-08,2012-09-25,146.1766,151.3688,3.5520501164338247,33,channel,2012
XLB,breakout_20d,2012-08-08,2012-08-30,13.4295,13.2489,-1.3453087494052385,16,channel,2012
IWM,breakout_20d,2012-08-17,2012-09-26,67.4132,69.1374,2.557665028548506,27,channel,2012
GLD,breakout_20d,2012-08-23,2012-10-12,161.5714,169.8899,5.148512169653663,35,channel,2012
XLV,breakout_20d,2012-09-07,2012-10-23,31.4897,31.9496,1.4604192342658529,32,channel,2012
XLP,breakout_20d,2012-09-07,2012-09-12,24.766,24.3532,-1.6669728603636802,3,stop,2012
XLE,breakout_20d,2012-09-10,2012-09-26,22.299,22.1834,-0.5182922401279155,12,channel,2012
EFA,breakout_20d,2012-09-10,2012-09-26,35.0992,35.28,0.5150856615442789,12,channel,2012
XLB,breakout_20d,2012-09-10,2012-10-23,13.8469,13.6313,-1.5565957778416517,31,channel,2012
SPY,breakout_20d,2012-09-14,2012-09-26,115.3228,113.0104,-2.0052087896457516,8,stop,2012
DIA,breakout_20d,2012-09-14,2012-10-10,102.2644,100.5068,-1.7187268957094104,18,channel,2012
XLF,breakout_20d,2012-09-14,2012-09-20,10.2345,9.9674,-2.609592548457318,4,stop,2012
XLI,breakout_20d,2012-09-14,2012-09-25,28.9745,28.4031,-1.97231031965448,7,channel,2012
EEM,breakout_20d,2012-09-14,2012-09-26,31.3614,30.3223,-3.3134052743890474,8,gap_stop,2012
XLP,breakout_20d,2012-09-20,2012-10-19,24.8761,24.7042,-0.6911348569619724,21,channel,2012
XLU,breakout_20d,2012-10-05,2012-11-02,11.7307,11.5105,-1.87657515262879,18,stop,2012
XLF,breakout_20d,2012-10-18,2012-10-23,10.2644,9.9884,-2.6890661762884016,3,stop,2012
EFA,breakout_20d,2012-10-18,2012-10-23,36.3232,35.2734,-2.8902058763462635,3,gap_stop,2012
TLT,breakout_20d,2012-11-09,2012-12-12,86.2045,84.1155,-2.4232104458327464,22,channel,2012
GLD,breakout_20d,2012-11-26,2012-11-28,169.7296,165.2646,-2.630652514114795,2,gap_stop,2012
EFA,breakout_20d,2012-11-26,2013-02-07,35.8866,38.8239,8.184856943679542,50,channel,2012
XLY,breakout_20d,2012-11-29,2013-02-25,20.2545,21.1882,4.6095143500484825,58,channel,2012
XLP,breakout_20d,2012-11-29,2012-12-19,24.7467,24.6765,-0.28368489739167835,14,channel,2012
EEM,breakout_20d,2012-12-06,2013-01-28,31.4282,32.6451,3.872275398932956,34,channel,2012
DIA,breakout_20d,2012-12-10,2012-12-26,99.8255,99.3435,-0.4828032358030643,11,channel,2012
XLF,breakout_20d,2012-12-10,2013-02-25,10.0876,10.942,8.469689533384074,51,channel,2012
XLI,breakout_20d,2012-12-10,2012-12-28,29.2401,29.1918,-0.16509659621660733,13,channel,2012
XLV,breakout_20d,2012-12-11,2012-12-24,32.6124,32.0901,-1.6017513910056347,9,channel,2012
MDY,breakout_20d,2012-12-11,2013-02-21,155.8695,168.149,7.878013815434537,48,channel,2012
SMH,breakout_20d,2012-12-12,2013-03-12,14.0635,15.4408,9.793380827260734,60,time,2012
XLE,breakout_20d,2012-12-12,2012-12-28,22.0232,21.4062,-2.80178711436212,11,stop,2012
SPY,breakout_20d,2012-12-12,2012-12-27,113.6651,111.155,-2.2083944056226046,10,stop,2012
IWM,breakout_20d,2012-12-12,2013-02-25,69.7174,74.6682,7.101267961963287,49,channel,2012
XLB,breakout_20d,2012-12-18,2013-02-20,14.0139,14.49,3.397699679781563,42,channel,2012
XLK,breakout_20d,2012-12-19,2012-12-26,12.3974,12.0457,-2.8369492581636235,4,stop,2012
QQQ,breakout_20d,2012-12-19,2012-12-26,59.4125,57.7007,-2.881269576518719,4,stop,2012
XLU,breakout_20d,2012-12-19,2012-12-27,11.4445,11.1654,-2.438507319518468,5,gap_stop,2012
SPY,breakout_20d,2013-01-03,2013-02-25,116.0533,118.2093,1.8578514122176815,35,channel,2013
DIA,breakout_20d,2013-01-03,2013-02-25,101.696,104.9253,3.1754642048353876,35,channel,2013
XLK,breakout_20d,2013-01-03,2013-02-21,12.5742,12.3553,-1.7408397569693368,33,channel,2013
QQQ,breakout_20d,2013-01-03,2013-02-04,60.1552,59.3918,-1.269070726633037,21,channel,2013
XLI,breakout_20d,2013-01-03,2013-02-25,30.4684,31.3722,2.966354237262747,35,channel,2013
XLE,breakout_20d,2013-01-07,2013-02-21,22.5437,23.6351,4.8411597443450916,31,channel,2013
XLU,breakout_20d,2013-01-07,2013-04-04,11.4579,12.7547,11.318501176561323,60,time,2013
XLV,breakout_20d,2013-01-10,2013-02-25,33.4389,34.3816,2.819324056777117,30,channel,2013
XLP,breakout_20d,2013-01-14,2013-04-11,25.1716,28.5145,13.280312458177024,60,time,2013
QQQ,breakout_20d,2013-02-11,2013-02-21,60.8982,59.4325,-2.4068131909133705,7,stop,2013
DIA,breakout_20d,2013-02-28,2013-05-24,107.2663,117.1278,9.19347593391613,60,time,2013
XLV,breakout_20d,2013-03-05,2013-05-30,35.4701,39.5841,11.598418571775815,60,time,2013
XLY,breakout_20d,2013-03-05,2013-05-30,22.2185,24.403,9.832049236149265,60,time,2013
SPY,breakout_20d,2013-03-06,2013-05-31,123.0885,130.25,5.818209893927051,60,channel,2013
XLF,breakout_20d,2013-03-06,2013-04-03,11.4784,11.4051,-0.6391223672017277,19,channel,2013
XLK,breakout_20d,2013-03-06,2013-04-05,12.781,12.4682,-2.447691133341523,21,stop,2013
QQQ,breakout_20d,2013-03-06,2013-04-18,61.668,60.1186,-2.512466039493688,30,stop,2013
IWM,breakout_20d,2013-03-08,2013-04-02,78.667,77.8726,-1.0098272334813863,16,channel,2013
XLI,breakout_20d,2013-03-11,2013-04-03,32.8339,32.1936,-1.949869589926212,16,channel,2013
EFA,breakout_20d,2013-03-11,2013-03-25,39.6574,39.1309,-1.3275847319979772,10,channel,2013
MDY,breakout_20d,2013-03-11,2013-04-03,174.1661,172.3449,-1.0456931929552549,16,channel,2013
XLB,breakout_20d,2013-03-12,2013-03-21,15.1824,14.9089,-1.8019827469986094,7,channel,2013
SMH,breakout_20d,2013-03-15,2013-03-18,15.6454,15.2029,-2.8284101929908934,1,stop,2013
XLE,breakout_20d,2013-03-15,2013-03-19,24.5531,23.9276,-2.5474079580177444,2,stop,2013
TLT,breakout_20d,2013-04-08,2013-04-10,85.0785,83.2615,-2.135647926361506,2,stop,2013
XLU,breakout_20d,2013-04-08,2013-05-06,12.8516,13.0526,1.5634672164902552,20,channel,2013
XLF,breakout_20d,2013-04-11,2013-04-15,11.804,11.5013,-2.563981786665437,2,stop,2013
XLK,breakout_20d,2013-04-11,2013-04-17,12.9011,12.607,-2.2800936621887757,4,stop,2013
EFA,breakout_20d,2013-04-11,2013-04-17,40.4467,39.4869,-2.37289871389873,4,stop,2013
XLP,breakout_20d,2013-04-17,2013-05-29,28.6279,28.8027,0.6105620306789294,29,channel,2013
SMH,breakout_20d,2013-04-24,2013-06-12,15.6671,16.1905,3.340766891706748,34,channel,2013
EFA,breakout_20d,2013-04-26,2013-05-23,40.7744,41.3805,1.4864459865089552,19,channel,2013
QQQ,breakout_20d,2013-04-30,2013-06-05,63.0758,64.5169,2.284598103313984,25,channel,2013
XLK,breakout_20d,2013-05-01,2013-06-05,13.0367,13.2687,1.7793110317411154,24,channel,2013
EEM,breakout_20d,2013-05-01,2013-05-22,32.2406,31.9826,-0.8001648959282237,15,channel,2013
MDY,breakout_20d,2013-05-01,2013-06-05,178.5028,178.341,-0.09065553593811115,24,channel,2013
TLT,breakout_20d,2013-05-02,2013-05-03,85.8988,84.2307,-1.9419623256149654,1,stop,2013
XLF,breakout_20d,2013-05-06,2013-06-05,12.0462,12.3147,2.2291873476032453,21,channel,2013
IWM,breakout_20d,2013-05-06,2013-06-05,79.9249,81.111,1.4840815145231723,21,channel,2013
XLB,breakout_20d,2013-05-06,2013-06-05,15.2871,15.1114,-1.1495734621452591,21,channel,2013
XLE,breakout_20d,2013-05-07,2013-05-31,24.7781,24.7686,-0.038378221170398685,17,channel,2013
XLI,breakout_20d,2013-05-07,2013-06-05,33.5525,33.643,0.2696865070675347,20,channel,2013
IWM,breakout_20d,2013-07-08,2013-08-15,84.7616,86.265,1.77369058728587,28,channel,2013
XLY,breakout_20d,2013-07-08,2013-08-15,25.1309,25.1454,0.057672366045324885,28,channel,2013
SPY,breakout_20d,2013-07-10,2013-08-15,132.4215,133.2864,0.653201512664614,26,channel,2013
XLF,breakout_20d,2013-07-10,2013-08-12,12.8498,12.9902,1.0924064426276248,23,channel,2013
MDY,breakout_20d,2013-07-10,2013-08-15,186.1464,186.9303,0.4211411218818073,26,channel,2013
QQQ,breakout_20d,2013-07-11,2013-08-15,66.8757,67.829,1.4255134983061968,25,channel,2013
XLV,breakout_20d,2013-07-11,2013-08-12,40.0535,40.9839,2.3229343254654866,22,channel,2013
SMH,breakout_20d,2013-07-12,2013-07-29,17.0219,16.416,-3.5599788912339614,11,stop,2013
DIA,breakout_20d,2013-07-12,2013-08-14,118.8747,117.9486,-0.7790563427440444,23,channel,2013
XLK,breakout_20d,2013-07-12,2013-08-19,13.6052,13.4845,-0.8871790114778233,26,channel,2013
XLI,breakout_20d,2013-07-12,2013-08-15,35.3503,35.5647,0.6064808461131665,24,channel,2013
EFA,breakout_20d,2013-07-12,2013-08-21,40.7887,41.1704,0.9356219777334251,28,channel,2013
XLU,breakout_20d,2013-07-12,2013-08-13,12.5971,12.6635,0.5271788726693538,22,channel,2013
XLE,breakout_20d,2013-07-15,2013-08-15,25.3895,25.2151,-0.6868919345621838,23,channel,2013
XLP,breakout_20d,2013-07-16,2013-08-14,29.1622,29.1464,-0.0542002306079814,21,channel,2013
XLB,breakout_20d,2013-07-22,2013-08-21,15.6086,15.5389,-0.44649577991454636,22,channel,2013
SMH,breakout_20d,2013-09-10,2013-12-04,17.048,17.781,4.299606136312817,60,time,2013
XLE,breakout_20d,2013-09-10,2013-09-30,25.9904,25.7513,-0.9199770467512192,14,channel,2013
QQQ,breakout_20d,2013-09-10,2013-10-08,70.458,69.5733,-1.2555729829444973,20,channel,2013
XLB,breakout_20d,2013-09-10,2013-09-30,16.1988,16.2552,0.3478408096645902,14,channel,2013
IWM,breakout_20d,2013-09-11,2013-10-08,88.7063,88.1464,-0.6312392526151012,19,channel,2013
XLI,breakout_20d,2013-09-11,2013-09-30,36.5482,36.9136,0.9998727103189164,13,channel,2013
EEM,breakout_20d,2013-09-11,2013-09-30,31.1223,30.7434,-1.2176690361734077,13,channel,2013
EFA,breakout_20d,2013-09-11,2013-10-07,42.5972,43.0365,1.0313005755251403,18,channel,2013
XLV,breakout_20d,2013-09-12,2013-09-25,41.3899,41.0068,-0.9255891311006237,9,channel,2013
XLY,breakout_20d,2013-09-12,2013-10-07,25.9736,26.0065,0.12640579715388345,17,channel,2013
DIA,breakout_20d,2013-09-16,2013-09-25,120.0383,117.8805,-1.7975940325823503,7,stop,2013
SPY,breakout_20d,2013-09-17,2013-09-30,136.8283,135.2483,-1.1547800512809792,9,channel,2013
XLF,breakout_20d,2013-09-17,2013-09-24,13.0866,12.8299,-1.9619687338676584,5,channel,2013
XLP,breakout_20d,2013-09-17,2013-09-27,29.1267,28.5614,-1.9410874926143795,8,stop,2013
MDY,breakout_20d,2013-09-17,2013-10-08,191.9288,190.2348,-0.8826189886422253,15,channel,2013
XLK,breakout_20d,2013-09-19,2013-09-30,13.9843,13.6266,-2.557509955206716,7,gap_stop,2013
XLU,breakout_20d,2013-09-19,2013-09-23,12.6987,12.3361,-2.85553615184847,2,stop,2013
QQQ,breakout_20d,2013-10-15,2013-11-07,71.9786,73.3754,1.9406390188351441,17,channel,2013
IWM,breakout_20d,2013-10-15,2013-11-01,91.6585,92.0938,0.4748405144853418,13,channel,2013
MDY,breakout_20d,2013-10-15,2013-11-07,196.116,196.5595,0.22612893394724498,17,channel,2013
XLE,breakout_20d,2013-10-17,2013-12-11,26.6805,26.416,-0.9913977384396921,38,channel,2013
XLV,breakout_20d,2013-10-17,2013-11-07,42.3252,42.5247,0.4714178151288717,15,channel,2013
SPY,breakout_20d,2013-10-18,2013-12-12,140.2377,143.3949,2.2513234463743315,38,channel,2013
XLF,breakout_20d,2013-10-18,2013-11-07,13.4466,13.0735,-2.7747284949304007,14,channel,2013
XLY,breakout_20d,2013-10-18,2013-11-07,26.8171,26.9495,0.4938086912368522,14,channel,2013
EEM,breakout_20d,2013-10-18,2013-10-31,32.8455,32.0256,-2.4961546062636564,9,channel,2013
EFA,breakout_20d,2013-10-18,2013-11-01,44.9652,44.6506,-0.699671066979346,10,channel,2013
XLK,breakout_20d,2013-10-21,2013-12-12,14.2874,14.6561,2.580704872418216,37,channel,2013
XLI,breakout_20d,2013-10-21,2014-01-13,38.0634,41.0108,7.743467873281684,57,channel,2013
XLP,breakout_20d,2013-10-21,2013-12-05,29.5607,30.2635,2.377716251713302,32,channel,2013
XLB,breakout_20d,2013-10-21,2013-11-07,16.9003,16.7853,-0.6806157387062473,13,channel,2013
XLU,breakout_20d,2013-10-21,2013-11-26,12.7145,12.59,-0.9788702619467515,26,channel,2013
DIA,breakout_20d,2013-10-23,2013-12-12,119.2273,122.0496,2.367130036988785,35,channel,2013
QQQ,breakout_20d,2013-11-14,2014-01-29,75.2196,76.7629,2.051770584965573,50,channel,2013
XLV,breakout_20d,2013-11-14,2013-12-11,43.6753,43.9614,0.6551023115317633,18,channel,2013
XLY,breakout_20d,2013-11-14,2014-01-13,27.905,28.2344,1.1806043525038223,39,channel,2013
MDY,breakout_20d,2013-11-14,2013-12-11,202.3851,199.6367,-1.3580136878885818,18,channel,2013
XLB,breakout_20d,2013-11-15,2013-12-03,17.319,16.9212,-2.2973785518871748,11,stop,2013
XLF,breakout_20d,2013-11-18,2014-01-23,13.6265,13.9144,2.1132166553301523,44,channel,2013
IWM,breakout_20d,2013-11-25,2013-12-11,95.1724,92.6101,-2.6923010410812576,11,stop,2013
SMH,breakout_20d,2013-12-09,2013-12-12,18.1944,17.749,-2.447654508746966,3,stop,2013
DIA,breakout_20d,2013-12-19,2014-01-13,125.4082,126.0543,0.5151302779645706,15,channel,2013
XLB,breakout_20d,2013-12-19,2014-01-13,17.478,17.5295,0.29490669178358075,15,channel,2013
SMH,breakout_20d,2013-12-23,2014-01-27,18.3914,18.1566,-1.277014500566953,22,channel,2013
SPY,breakout_20d,2013-12-23,2014-01-13,147.9655,147.0548,-0.6155018446892591,13,channel,2013
XLK,breakout_20d,2013-12-23,2014-01-13,15.1751,14.9988,-1.161610076535824,13,channel,2013
MDY,breakout_20d,2013-12-23,2014-01-24,206.2124,204.2444,-0.9543261986922347,21,channel,2013
IWM,breakout_20d,2013-12-24,2014-01-27,97.9075,95.3203,-2.6425196885001,21,stop,2013
XLE,breakout_20d,2013-12-27,2014-01-09,27.5646,26.935,-2.2837919945531304,8,stop,2013
XLV,breakout_20d,2013-12-27,2014-01-24,45.3987,45.365,-0.0741108400995949,18,channel,2013
EFA,breakout_20d,2013-12-27,2014-01-24,45.9537,45.1269,-1.7993521164292092,18,gap_stop,2013
XLU,breakout_20d,2014-01-13,2014-03-06,12.7703,13.3055,4.190484454339605,36,channel,2014
XLK,breakout_20d,2014-01-16,2014-01-24,15.4762,15.1425,-2.1558813353949158,5,stop,2014
TLT,breakout_20d,2014-01-27,2014-02-12,76.1306,75.2491,-1.1579324795876311,12,channel,2014
XLV,breakout_20d,2014-02-12,2014-03-14,47.179,47.6308,0.9576573562473767,21,channel,2014
QQQ,breakout_20d,2014-02-14,2014-03-14,81.146,80.476,-0.8256799189983122,19,channel,2014
GLD,breakout_20d,2014-02-18,2014-03-19,127.5474,127.9619,0.3249679063635824,21,channel,2014
SMH,breakout_20d,2014-02-18,2014-04-11,19.0267,19.3497,1.6976226883303802,38,channel,2014
XLK,breakout_20d,2014-02-18,2014-03-14,15.5321,15.295,-1.5264649706100863,18,channel,2014
XLE,breakout_20d,2014-02-25,2014-03-13,27.3707,26.9291,-1.6134750065522119,12,channel,2014
IWM,breakout_20d,2014-02-25,2014-03-26,99.3986,97.7767,-1.6317133310878917,21,channel,2014
XLI,breakout_20d,2014-02-25,2014-04-11,41.4214,40.8684,-1.335090036358666,33,channel,2014
EFA,breakout_20d,2014-02-25,2014-03-03,46.5113,45.4761,-2.225681018973691,4,stop,2014
MDY,breakout_20d,2014-02-25,2014-03-26,212.483,211.0769,-0.6617619857474555,21,channel,2014
XLY,breakout_20d,2014-02-26,2014-03-24,28.761,28.3277,-1.5066258790804476,18,channel,2014
XLB,breakout_20d,2014-02-27,2014-03-27,18.1304,18.1586,0.15566644161519871,20,channel,2014
SPY,breakout_20d,2014-03-03,2014-04-10,149.7497,148.8988,-0.5681926338878984,28,channel,2014
DIA,breakout_20d,2014-03-03,2014-04-10,126.2432,126.1151,-0.1015355635206161,28,channel,2014
XLP,breakout_20d,2014-03-03,2014-05-28,30.2024,31.9754,5.870460458463289,60,time,2014
XLF,breakout_20d,2014-03-05,2014-04-07,14.1876,14.1147,-0.5135581663173627,23,channel,2014
EEM,breakout_20d,2014-03-07,2014-03-12,30.3894,29.3621,-3.38038837371899,3,gap_stop,2014
EFA,breakout_20d,2014-03-07,2014-03-12,46.7453,45.4497,-2.7716117978233368,3,gap_stop,2014
XLU,breakout_20d,2014-03-18,2014-03-19,13.7702,13.4442,-2.367342774936554,1,stop,2014
XLK,breakout_20d,2014-03-21,2014-03-27,15.8365,15.4516,-2.4303337836729444,4,stop,2014
TLT,breakout_20d,2014-03-27,2014-04-02,78.2374,76.6755,-1.9963085388070567,4,gap_stop,2014
EEM,breakout_20d,2014-03-28,2014-06-24,31.0986,33.0685,6.334412791695865,60,time,2014
XLU,breakout_20d,2014-03-28,2014-05-09,13.7804,14.2206,3.1943759046449305,29,channel,2014
XLE,breakout_20d,2014-03-31,2014-06-25,28.1212,31.4748,11.925527842623861,60,time,2014
XLK,breakout_20d,2014-04-02,2014-04-04,15.9315,15.5279,-2.533429238961582,2,stop,2014
MDY,breakout_20d,2014-04-03,2014-04-04,218.0879,212.6387,-2.4986206912110176,1,stop,2014
TLT,breakout_20d,2014-04-16,2014-07-14,79.0039,81.3596,2.981745513599754,60,time,2014
EFA,breakout_20d,2014-04-30,2014-05-20,46.8417,46.6588,-0.39044490598699744,14,channel,2014
SPY,breakout_20d,2014-05-13,2014-05-15,154.8012,151.6581,-2.0303882758469616,2,stop,2014
DIA,breakout_20d,2014-05-13,2014-05-15,130.8791,128.5312,-1.7939225650761559,2,stop,2014
XLK,breakout_20d,2014-05-13,2014-08-01,15.9272,16.8003,5.481373031741854,56,channel,2014
QQQ,breakout_20d,2014-05-13,2014-08-01,80.4934,86.3494,7.2751497648973595,56,channel,2014
XLI,breakout_20d,2014-05-13,2014-05-15,43.3477,42.3317,-2.3438564695807518,2,stop,2014
MDY,breakout_20d,2014-05-13,2014-05-15,215.0471,209.1401,-2.74682935785987,2,stop,2014
XLB,breakout_20d,2014-05-13,2014-07-31,18.9235,19.1077,0.9731346908577354,55,channel,2014
XLV,breakout_20d,2014-05-23,2014-07-17,48.3502,49.6006,2.586039230761883,37,channel,2014
SMH,breakout_20d,2014-05-27,2014-07-25,20.2134,21.6082,6.900803591102855,42,channel,2014
XLY,breakout_20d,2014-05-27,2014-07-31,28.5197,28.7984,0.9773803222029587,46,channel,2014
SPY,breakout_20d,2014-05-28,2014-07-31,156.0067,157.7235,1.10048315267548,45,channel,2014
XLF,breakout_20d,2014-05-28,2014-07-31,14.3697,14.5471,1.234157776415068,45,channel,2014
IWM,breakout_20d,2014-05-28,2014-07-10,96.8107,98.6313,1.8805944635090333,30,channel,2014
EFA,breakout_20d,2014-05-28,2014-07-10,47.5094,47.4598,-0.10434135708679015,30,channel,2014
MDY,breakout_20d,2014-05-28,2014-07-17,215.5883,218.2483,1.2338767434088904,35,channel,2014
DIA,breakout_20d,2014-06-02,2014-07-31,131.3326,129.9237,-1.0726988840048524,42,channel,2014
XLP,breakout_20d,2014-06-02,2014-07-28,32.4874,32.3544,-0.4095471803162054,39,channel,2014
XLI,breakout_20d,2014-06-03,2014-07-10,43.5568,43.3616,-0.44815034600897974,26,channel,2014
XLU,breakout_20d,2014-06-19,2014-07-03,14.7548,14.3801,-2.5396439355273914,10,stop,2014
GLD,breakout_20d,2014-06-20,2014-07-14,126.4463,125.5943,-0.6738341432910411,15,channel,2014
EEM,breakout_20d,2014-07-02,2014-08-06,33.6812,33.3608,-0.9513300763327126,24,channel,2014
TLT,breakout_20d,2014-07-18,2014-09-05,82.8128,83.669,1.0338998473206074,34,channel,2014
QQQ,breakout_20d,2014-08-19,2014-09-15,89.913,89.861,-0.0577718735671473,18,channel,2014
XLV,breakout_20d,2014-08-20,2014-10-01,51.6,52.1006,0.9701849164291731,29,channel,2014
XLY,breakout_20d,2014-08-20,2014-09-09,29.8064,29.843,0.12281383360253084,13,channel,2014
EEM,breakout_20d,2014-08-20,2014-09-09,34.5421,34.3273,-0.621770941453681,13,channel,2014
MDY,breakout_20d,2014-08-20,2014-09-15,222.4245,221.8942,-0.23842221308197908,17,channel,2014
SMH,breakout_20d,2014-08-21,2014-09-15,22.4544,22.3479,-0.4743019439522267,16,channel,2014
SPY,breakout_20d,2014-08-22,2014-09-25,163.1547,161.1279,-1.2422498081004374,23,channel,2014
XLF,breakout_20d,2014-08-22,2014-09-25,15.09,15.0374,-0.3489029235772656,23,channel,2014
XLK,breakout_20d,2014-08-22,2014-09-25,17.4154,17.1205,-1.6934607373101707,23,channel,2014
DIA,breakout_20d,2014-08-26,2014-10-01,134.7781,132.5293,-1.6685253433309954,25,stop,2014
IWM,breakout_20d,2014-08-26,2014-09-15,99.369,97.6557,-1.724191897551819,13,channel,2014
XLU,breakout_20d,2014-08-29,2014-09-12,14.6124,14.3422,-1.8488117070763366,9,channel,2014
EFA,breakout_20d,2014-09-04,2014-09-08,47.4067,46.636,-1.6257527246798076,2,stop,2014
XLP,breakout_20d,2014-09-08,2014-10-15,33.0521,32.5447,-1.535224832808002,27,gap_stop,2014
SMH,breakout_20d,2014-09-19,2014-09-22,23.2264,22.6566,-2.4532147358950374,1,stop,2014
TLT,breakout_20d,2014-10-02,2014-12-29,85.5705,91.4636,6.8868719609245455,60,time,2014
XLU,breakout_20d,2014-10-09,2014-10-15,14.919,14.52,-2.674544147424962,4,stop,2014
XLU,breakout_20d,2014-10-23,2014-11-14,15.1455,15.3892,1.6090145886457519,16,channel,2014
XLV,breakout_20d,2014-10-27,2014-12-12,53.8394,56.6648,5.24770627233444,33,channel,2014
XLI,breakout_20d,2014-10-27,2014-12-10,43.5072,45.0249,3.4882295508154693,31,channel,2014
SPY,breakout_20d,2014-10-29,2014-12-10,163.2678,166.7248,2.117429742299204,29,channel,2014
QQQ,breakout_20d,2014-10-29,2014-12-12,91.4736,93.869,2.618765159887193,31,channel,2014
IWM,breakout_20d,2014-10-29,2014-11-19,98.335,98.8164,0.489607985828977,15,channel,2014
MDY,breakout_20d,2014-10-29,2014-12-10,220.3744,222.1745,0.8168196939733141,29,channel,2014
DIA,breakout_20d,2014-10-31,2014-12-10,137.0944,138.7103,1.1786098246071575,27,channel,2014
XLF,breakout_20d,2014-10-31,2014-12-12,15.5704,15.7348,1.0560508512465372,29,channel,2014
XLY,breakout_20d,2014-10-31,2014-12-10,30.0292,30.6445,2.049199297789661,27,channel,2014
XLP,breakout_20d,2014-10-31,2014-12-12,34.2864,35.0071,2.1018622937070353,29,channel,2014
SMH,breakout_20d,2014-11-03,2014-12-12,22.697,23.8668,5.1539137036419325,28,channel,2014
XLK,breakout_20d,2014-11-03,2014-12-12,17.6909,17.6686,-0.12609335827952206,28,channel,2014
XLB,breakout_20d,2014-11-12,2014-12-01,19.3612,19.1963,-0.851970448109296,12,channel,2014
EEM,breakout_20d,2014-11-24,2014-12-01,32.4437,31.4891,-2.9424696176591603,4,gap_stop,2014
XLU,breakout_20d,2014-12-19,2015-02-06,16.2567,16.0861,-1.0498901807993288,32,channel,2014
IWM,breakout_20d,2014-12-22,2015-01-06,102.4968,98.9419,-3.468247561222182,9,stop,2014
XLP,breakout_20d,2014-12-23,2015-01-02,36.3544,35.4584,-2.464760284653289,6,stop,2014
DIA,breakout_20d,2014-12-24,2015-01-05,143.1816,139.8558,-2.3228221698349483,6,stop,2014
XLF,breakout_20d,2014-12-24,2015-01-05,16.4574,16.0247,-2.6292363736869384,6,stop,2014
XLI,breakout_20d,2014-12-24,2015-01-05,46.928,45.5842,-2.8634532444063665,6,stop,2014
XLY,breakout_20d,2014-12-24,2015-01-05,31.8347,31.0286,-2.53228030625956,6,stop,2014
MDY,breakout_20d,2014-12-24,2015-01-05,230.5091,224.6149,-2.5570229406249423,6,stop,2014
TLT,breakout_20d,2015-01-06,2015-02-06,95.5659,95.7579,0.20089006341086346,22,channel,2015
GLD,breakout_20d,2015-01-16,2015-02-06,121.8517,118.113,-3.068269438373461,14,stop,2015
XLP,breakout_20d,2015-01-22,2015-01-28,36.8116,35.8761,-2.5413201650198003,4,stop,2015
XLV,breakout_20d,2015-01-23,2015-02-02,59.035,57.0194,-3.414153806650022,6,stop,2015
XLY,breakout_20d,2015-02-04,2015-03-10,31.8171,32.8764,3.3294254871398588,23,channel,2015
MDY,breakout_20d,2015-02-04,2015-03-06,231.3153,234.2362,1.262759769049504,21,channel,2015
XLB,breakout_20d,2015-02-04,2015-03-06,19.4475,20.036,3.0261051415128914,21,channel,2015
IWM,breakout_20d,2015-02-06,2015-03-10,103.6555,103.6206,-0.033605433700167886,21,channel,2015
XLK,breakout_20d,2015-02-11,2015-03-06,18.2736,18.5344,1.4272264675805335,16,channel,2015
QQQ,breakout_20d,2015-02-12,2015-03-10,96.9729,97.0178,0.046270145167270904,17,channel,2015
SMH,breakout_20d,2015-02-13,2015-03-10,25.0489,24.6425,-1.622216085949335,16,channel,2015
SPY,breakout_20d,2015-02-13,2015-03-06,172.8672,171.2263,-0.9492434054801269,14,channel,2015
DIA,breakout_20d,2015-02-13,2015-03-06,143.1531,141.9833,-0.8171623321936883,14,channel,2015
XLF,breakout_20d,2015-02-13,2015-03-10,16.0569,15.6056,-2.811044646237093,16,channel,2015
XLI,breakout_20d,2015-02-13,2015-03-04,46.5442,46.6142,0.1503374065413121,12,channel,2015
EFA,breakout_20d,2015-02-19,2015-03-06,45.8265,45.3511,-1.0373005374556432,11,channel,2015
XLV,breakout_20d,2015-02-20,2015-03-10,59.1012,58.7516,-0.5915255922194773,12,channel,2015
XLP,breakout_20d,2015-02-25,2015-03-06,36.7969,36.005,-2.1520625727739606,7,stop,2015
XLV,breakout_20d,2015-03-17,2015-04-01,60.6009,59.513,-1.79522218077115,11,channel,2015
XLF,breakout_20d,2015-03-19,2015-03-25,16.2145,15.7911,-2.611320371208603,4,stop,2015
IWM,breakout_20d,2015-03-19,2015-04-30,107.3322,104.6038,-2.5419399124777753,29,stop,2015
TLT,breakout_20d,2015-03-19,2015-04-22,96.3129,93.6449,-2.7700516091153204,23,stop,2015
MDY,breakout_20d,2015-03-19,2015-04-30,240.7219,236.8631,-1.6030059237598926,29,channel,2015
XLY,breakout_20d,2015-03-23,2015-03-26,33.9649,32.9471,-2.9966235606360025,3,gap_stop,2015
EFA,breakout_20d,2015-03-23,2015-03-31,46.9161,45.5857,-2.835692244201149,6,gap_stop,2015
XLP,breakout_20d,2015-04-07,2015-04-29,36.7996,35.9246,-2.377907195470985,16,stop,2015
EEM,breakout_20d,2015-04-07,2015-05-06,32.4972,32.9847,1.5002723487026248,21,channel,2015
EFA,breakout_20d,2015-04-16,2015-05-05,47.5,47.0356,-0.9778384183562916,13,channel,2015
XLB,breakout_20d,2015-04-16,2015-05-26,20.0482,20.1197,0.35683233520080737,27,channel,2015
SPY,breakout_20d,2015-04-24,2015-04-30,175.79,172.1648,-2.062201659703411,4,stop,2015
XLK,breakout_20d,2015-04-24,2015-05-06,18.9598,18.5042,-2.402898007340537,8,stop,2015
QQQ,breakout_20d,2015-04-24,2015-04-30,101.5737,99.193,-2.3438059744469886,4,stop,2015
XLV,breakout_20d,2015-04-24,2015-04-28,61.8838,60.3327,-2.5064512962784335,2,stop,2015
XLY,breakout_20d,2015-04-27,2015-04-28,34.4518,33.6742,-2.2570880082848688,1,stop,2015
XLF,breakout_20d,2015-05-05,2015-06-29,16.1498,16.0427,-0.6631890203827151,38,channel,2015
DIA,breakout_20d,2015-05-11,2015-06-04,145.3013,143.285,-1.3876556617876457,17,channel,2015
XLI,breakout_20d,2015-05-15,2015-05-29,46.8729,45.775,-2.342349222332696,9,stop,2015
EFA,breakout_20d,2015-05-15,2015-05-26,48.5042,47.3934,-2.290025835866638,6,stop,2015
XLP,breakout_20d,2015-05-18,2015-05-26,36.8738,36.1428,-1.9825443565615553,5,stop,2015
SMH,breakout_20d,2015-05-19,2015-06-08,25.7942,25.1414,-2.530778503477027,13,channel,2015
SPY,breakout_20d,2015-05-19,2015-06-04,177.1022,174.1705,-1.655389764878723,11,channel,2015
MDY,breakout_20d,2015-05-19,2015-06-05,244.5145,239.2458,-2.1547598728837047,12,stop,2015
XLV,breakout_20d,2015-05-20,2015-07-08,62.4654,61.4737,-1.5876899488938445,33,channel,2015
XLK,breakout_20d,2015-05-28,2015-06-08,19.1974,18.7183,-2.4955348192881477,7,stop,2015
QQQ,breakout_20d,2015-05-28,2015-06-08,102.0714,99.5692,-2.451393953847847,7,stop,2015
IWM,breakout_20d,2015-06-04,2015-07-07,108.2831,105.4589,-2.6081356944459677,22,stop,2015
XLY,breakout_20d,2015-06-04,2015-06-08,34.1375,33.57,-1.662346275008253,2,channel,2015
XLY,breakout_20d,2015-06-19,2015-06-29,34.5791,33.8736,-2.0403644010893562,6,stop,2015
MDY,breakout_20d,2015-06-19,2015-06-29,244.4823,239.3456,-2.101035535403417,6,stop,2015
XLP,breakout_20d,2015-07-08,2015-08-19,36.3558,36.8792,1.4396394905969334,30,channel,2015
XLY,breakout_20d,2015-07-14,2015-08-12,35.0721,34.1622,-2.5943899125670633,21,stop,2015
XLV,breakout_20d,2015-07-15,2015-07-24,64.1313,62.4572,-2.6104875126722105,7,stop,2015
XLF,breakout_20d,2015-07-17,2015-08-12,16.8359,16.3995,-2.592002114531211,18,stop,2015
QQQ,breakout_20d,2015-07-17,2015-07-27,104.2368,101.5019,-2.623759827673511,6,stop,2015
XLK,breakout_20d,2015-07-20,2015-07-22,19.2617,18.7557,-2.6266724611604286,2,gap_stop,2015
SPY,breakout_20d,2015-07-21,2015-07-24,177.2876,173.6709,-2.040003860984896,3,stop,2015
TLT,breakout_20d,2015-08-04,2015-08-26,91.3811,90.2877,-1.1964936557331995,16,channel,2015
XLU,breakout_20d,2015-08-13,2015-08-24,15.8578,15.3742,-3.049284383692774,7,stop,2015
MDY,breakout_20d,2015-08-18,2015-08-20,240.3851,234.2237,-2.5631359036912382,2,gap_stop,2015
TLT,breakout_20d,2015-10-05,2015-10-29,92.1869,90.6195,-1.7002050188868134,18,channel,2015
XLP,breakout_20d,2015-10-06,2015-11-06,36.4852,36.8772,1.074445601973828,23,channel,2015
XLU,breakout_20d,2015-10-06,2015-10-28,15.5739,15.5357,-0.24537703197466953,16,channel,2015
XLK,breakout_20d,2015-10-12,2015-11-12,18.4519,19.1459,3.7615075038445633,23,channel,2015
XLY,breakout_20d,2015-10-13,2015-11-13,34.696,34.5822,-0.32804112141615605,23,channel,2015
GLD,breakout_20d,2015-10-15,2015-10-28,113.3132,110.555,-2.4341339762445124,9,stop,2015
QQQ,breakout_20d,2015-10-19,2015-11-12,99.99,103.5423,3.5526159057516438,18,channel,2015
SMH,breakout_20d,2015-10-23,2015-10-29,24.9998,24.0174,-3.929486578690544,4,stop,2015
SPY,breakout_20d,2015-10-23,2015-11-12,173.8638,171.4986,-1.360356723160694,14,channel,2015
DIA,breakout_20d,2015-10-23,2015-11-12,142.3138,140.956,-0.9540478253859841,14,channel,2015
XLI,breakout_20d,2015-10-23,2015-11-12,45.4041,44.4696,-2.0580587565272923,14,channel,2015
XLF,breakout_20d,2015-10-26,2015-11-13,16.0537,15.8756,-1.1093417328392308,14,channel,2015
XLI,breakout_20d,2015-11-23,2015-12-03,45.9345,44.7746,-2.525134072154811,7,stop,2015
SMH,breakout_20d,2015-12-01,2015-12-11,24.9373,24.1668,-3.0896770774734184,8,stop,2015
TLT,breakout_20d,2015-12-02,2015-12-03,91.7905,90.1532,-1.7836817794009696,1,stop,2015
XLP,breakout_20d,2015-12-07,2015-12-11,38.0405,37.0644,-2.5659496702888474,4,stop,2015
TLT,breakout_20d,2015-12-14,2015-12-16,92.1048,90.012,-2.2722404058979295,2,stop,2015
XLV,breakout_20d,2015-12-17,2016-01-04,60.9247,58.8329,-3.433387401311605,10,stop,2015
XLP,breakout_20d,2015-12-17,2015-12-18,38.5138,37.4828,-2.6768878895397807,1,stop,2015
XLU,breakout_20d,2015-12-24,2016-03-23,15.5662,17.6124,13.14550226647675,60,time,2015
XLP,breakout_20d,2015-12-30,2016-01-04,38.7597,37.6398,-2.8891807646521217,2,gap_stop,2015
DIA,breakout_20d,2016-03-15,2016-04-29,140.1337,145.1433,3.5748875086599297,32,channel,2016
XLK,breakout_20d,2016-03-15,2016-04-22,19.071,19.4378,1.923626701644765,27,channel,2016
XLY,breakout_20d,2016-03-15,2016-04-11,34.5128,34.8009,0.8348887117187509,18,channel,2016
SMH,breakout_20d,2016-03-21,2016-04-29,24.8901,24.0059,-3.5525178766025567,28,stop,2016
SPY,breakout_20d,2016-03-21,2016-04-29,173.1031,174.6705,0.9054357686435921,28,channel,2016
XLI,breakout_20d,2016-03-21,2016-05-04,46.5679,46.2573,-0.666835927234144,31,channel,2016
EEM,breakout_20d,2016-03-21,2016-04-07,27.1147,26.0649,-3.8717424330520944,12,stop,2016
MDY,breakout_20d,2016-03-21,2016-06-14,228.6976,236.9188,3.594754608711259,59,channel,2016
XLB,breakout_20d,2016-03-21,2016-05-04,18.484,18.732,1.3416886418447405,31,channel,2016
QQQ,breakout_20d,2016-03-30,2016-04-27,101.9903,100.02,-1.9318338875703667,20,channel,2016
TLT,breakout_20d,2016-03-30,2016-04-20,97.88,97.4577,-0.43148232793850383,15,channel,2016
XLP,breakout_20d,2016-03-30,2016-04-21,40.45,39.5866,-2.1344955087710615,16,stop,2016
XLU,breakout_20d,2016-03-30,2016-04-20,17.8901,17.3699,-2.9072918446140794,15,stop,2016
XLV,breakout_20d,2016-04-07,2016-05-04,58.8723,58.3254,-0.9288889147927915,19,channel,2016
XLE,breakout_20d,2016-04-13,2016-05-04,21.1767,21.4518,1.298848261351826,15,channel,2016
IWM,breakout_20d,2016-04-14,2016-05-03,98.5971,97.8391,-0.7687739130865512,13,channel,2016
EEM,breakout_20d,2016-04-14,2016-05-03,27.8247,26.7898,-3.7191286867814144,13,gap_stop,2016
XLY,breakout_20d,2016-04-19,2016-04-28,36.1112,35.3482,-2.1128092751376393,7,channel,2016
EFA,breakout_20d,2016-04-19,2016-05-03,43.6053,42.4058,-2.750789778326912,10,stop,2016
XLF,breakout_20d,2016-04-20,2016-06-10,15.695,15.5362,-1.0119107891134016,36,channel,2016
GLD,breakout_20d,2016-04-29,2016-05-19,122.5524,118.881,-2.9958037521812697,14,gap_stop,2016
XLU,breakout_20d,2016-05-05,2016-05-18,17.7996,17.2762,-2.940881683058394,9,stop,2016
XLY,breakout_20d,2016-05-11,2016-05-13,35.8415,35.0387,-2.239882911138691,2,channel,2016
XLP,breakout_20d,2016-05-11,2016-05-17,41.0662,40.1774,-2.1643656255101007,4,stop,2016
SMH,breakout_20d,2016-05-25,2016-06-24,25.5877,25.0861,-1.9603463013888045,21,channel,2016
XLK,breakout_20d,2016-05-26,2016-06-13,19.6157,19.4512,-0.8385080311008597,11,channel,2016
QQQ,breakout_20d,2016-05-26,2016-06-10,101.8692,101.2845,-0.5739978222440101,10,channel,2016
SPY,breakout_20d,2016-05-31,2016-06-13,178.6083,176.4652,-1.199883927276879,9,channel,2016
IWM,breakout_20d,2016-05-31,2016-06-24,100.8454,97.93,-2.8910370503721583,18,stop,2016
XLV,breakout_20d,2016-05-31,2016-06-24,60.2131,58.6025,-2.6749622879447488,18,gap_stop,2016
EEM,breakout_20d,2016-06-03,2016-06-14,26.9472,26.2209,-2.6952166338204964,7,stop,2016
TLT,breakout_20d,2016-06-06,2016-06-23,100.5651,99.9484,-0.6131886560223454,13,channel,2016
XLU,breakout_20d,2016-06-06,2016-08-05,18.1252,18.4663,1.881800880726603,43,channel,2016
XLE,breakout_20d,2016-06-07,2016-06-16,22.6011,21.7832,-3.618732505603983,7,stop,2016
DIA,breakout_20d,2016-06-07,2016-06-14,147.482,144.5925,-1.9592250785142928,5,stop,2016
XLI,breakout_20d,2016-06-07,2016-06-16,47.4647,46.3874,-2.269752670846925,7,stop,2016
EFA,breakout_20d,2016-06-07,2016-06-10,43.4592,42.009,-3.3368760682451093,3,gap_stop,2016
XLB,breakout_20d,2016-06-09,2016-06-14,19.6587,19.1135,-2.7731937645135374,3,stop,2016
XLP,breakout_20d,2016-06-10,2016-07-26,40.9445,42.0175,2.6205854521313077,31,channel,2016
GLD,breakout_20d,2016-06-16,2016-06-16,125.2952,122.489,-2.2396266278445487,0,stop,2016
EEM,breakout_20d,2016-06-24,2016-06-27,26.3388,25.8609,-1.8143833573189605,1,channel,2016
EFA,breakout_20d,2016-06-24,2016-06-27,40.1775,38.7952,-3.4406366456347204,1,stop,2016
GLD,breakout_20d,2016-07-05,2016-07-20,128.9288,125.2512,-2.8524100329274327,11,stop,2016
TLT,breakout_20d,2016-07-05,2016-07-15,107.6321,104.9547,-2.4875262502088824,8,stop,2016
XLV,breakout_20d,2016-07-07,2016-08-16,62.0982,62.7346,1.0249167079004362,28,channel,2016
SPY,breakout_20d,2016-07-11,2016-08-02,181.7797,183.4248,0.9049900635557329,16,channel,2016
DIA,breakout_20d,2016-07-11,2016-08-02,149.7539,150.4767,0.4826734846745673,16,channel,2016
QQQ,breakout_20d,2016-07-11,2016-09-09,103.3735,106.5322,3.0556415118877522,43,channel,2016
XLI,breakout_20d,2016-07-11,2016-08-02,48.3332,48.3039,-0.060579570496299695,16,channel,2016
XLY,breakout_20d,2016-07-11,2016-08-02,36.5641,36.2524,-0.852374891667318,16,channel,2016
SMH,breakout_20d,2016-07-12,2016-09-09,26.9692,29.0221,7.612109125179822,42,channel,2016
XLK,breakout_20d,2016-07-12,2016-09-09,20.1347,20.7555,3.0829488295091245,42,channel,2016
IWM,breakout_20d,2016-07-12,2016-09-09,105.0908,106.8638,1.6871922099394476,42,channel,2016
EEM,breakout_20d,2016-07-12,2016-08-23,28.3729,29.6482,4.49465504335973,30,channel,2016
MDY,breakout_20d,2016-07-12,2016-09-09,247.6068,245.6832,-0.7768777533752602,42,channel,2016
XLE,breakout_20d,2016-07-13,2016-07-25,23.1134,22.2819,-3.5975194616734707,8,channel,2016
XLF,breakout_20d,2016-07-13,2016-08-02,15.7586,15.7744,0.09977261335638588,14,channel,2016
XLB,breakout_20d,2016-07-15,2016-09-09,19.9947,19.4066,-2.941302543776214,39,channel,2016
EFA,breakout_20d,2016-08-01,2016-08-26,43.1374,43.4306,0.6798728913638863,19,channel,2016
SPY,breakout_20d,2016-08-08,2016-09-09,186.222,182.8047,-1.8350646303879392,23,stop,2016
XLF,breakout_20d,2016-08-08,2016-09-26,16.279,15.89,-2.389398400356657,34,stop,2016
DIA,breakout_20d,2016-08-12,2016-08-26,153.3903,151.7099,-1.0954956354280343,10,channel,2016
XLY,breakout_20d,2016-08-12,2016-08-26,36.9295,36.437,-1.3334603136220036,10,channel,2016
XLE,breakout_20d,2016-08-19,2016-08-31,23.5968,22.7993,-3.379812075239197,8,stop,2016
XLI,breakout_20d,2016-08-19,2016-09-09,49.4709,48.5898,-1.7812291152366266,14,stop,2016
EFA,breakout_20d,2016-09-06,2016-09-09,44.4048,43.5413,-1.9445601946531998,3,stop,2016
EEM,breakout_20d,2016-09-07,2016-09-09,30.7286,29.8804,-2.7604222312824667,2,stop,2016
XLE,breakout_20d,2016-09-09,2016-09-12,23.7302,23.0097,-3.036377057411077,1,stop,2016
XLK,breakout_20d,2016-09-22,2016-10-13,21.6702,21.1884,-2.2234600489732026,15,stop,2016
QQQ,breakout_20d,2016-09-22,2016-10-13,111.283,108.8384,-2.1966870845586906,15,stop,2016
XLU,breakout_20d,2016-09-22,2016-09-28,18.7898,18.2315,-2.9710238585976545,4,stop,2016
SMH,breakout_20d,2016-09-23,2016-11-03,30.8904,30.4601,-1.3929654798074176,29,channel,2016
IWM,breakout_20d,2016-09-23,2016-10-11,110.884,107.9362,-2.658474324688598,12,stop,2016
XLE,breakout_20d,2016-10-11,2016-10-26,23.9743,23.075,-3.7508446718047095,11,stop,2016
QQQ,breakout_20d,2016-10-25,2016-10-28,112.0321,109.7579,-2.029985613445384,3,stop,2016
XLF,breakout_20d,2016-10-28,2016-11-02,16.6331,16.2259,-2.4481944871366346,3,stop,2016
XLU,breakout_20d,2016-11-01,2016-11-02,18.1313,17.6095,-2.8778720083228793,1,stop,2016
GLD,breakout_20d,2016-11-03,2016-11-09,123.4834,121.0139,-1.9998184119310425,4,stop,2016
XLF,breakout_20d,2016-11-08,2017-01-17,16.6498,19.231,15.502762583083317,46,channel,2016
DIA,breakout_20d,2016-11-09,2016-12-30,150.8931,164.3068,8.889521254099652,35,channel,2016
XLI,breakout_20d,2016-11-09,2016-12-28,49.2329,53.1452,7.946527133065695,33,channel,2016
SPY,breakout_20d,2016-11-10,2016-12-30,186.2201,192.3031,3.2665772744982613,34,channel,2016
XLV,breakout_20d,2016-11-10,2016-11-18,61.1486,59.1629,-3.247354374491618,6,stop,2016
XLB,breakout_20d,2016-11-10,2016-12-30,19.9742,20.5709,2.9873982850144865,34,channel,2016
IWM,breakout_20d,2016-11-11,2017-02-09,110.7211,121.4894,9.725602820349533,60,time,2016
MDY,breakout_20d,2016-11-11,2017-02-09,249.7791,276.5941,10.735500281335653,60,time,2016
XLE,breakout_20d,2016-11-16,2017-01-09,24.038,25.1702,4.709999020976063,35,channel,2016
SMH,breakout_20d,2016-11-17,2016-12-01,31.7703,30.7968,-3.0643133167155168,9,channel,2016
XLY,breakout_20d,2016-11-17,2016-12-23,36.4726,37.4789,2.759126421084268,25,channel,2016
EFA,breakout_20d,2016-12-08,2017-03-08,43.6294,45.3381,3.916338807604114,60,time,2016
SMH,breakout_20d,2016-12-09,2017-03-09,33.0971,35.4117,6.993254675088467,60,time,2016
XLK,breakout_20d,2016-12-12,2016-12-30,21.9417,21.931,-0.04870527457450091,13,channel,2016
QQQ,breakout_20d,2016-12-14,2016-12-30,112.9404,111.0516,-1.6723665263579046,11,channel,2016
XLU,breakout_20d,2016-12-14,2016-12-15,18.0909,17.5126,-3.1964437160633907,1,stop,2016
XLV,breakout_20d,2017-01-06,2017-01-20,60.418,59.5049,-1.5112769307093932,9,channel,2017
EEM,breakout_20d,2017-01-06,2017-02-28,29.2503,30.8312,5.404775108854354,35,channel,2017
SPY,breakout_20d,2017-01-09,2017-03-21,195.6017,201.9529,3.24700330216503,49,channel,2017
XLK,breakout_20d,2017-01-09,2017-04-05,22.4611,24.1642,7.582404208133142,60,time,2017
QQQ,breakout_20d,2017-01-09,2017-03-21,114.608,121.9243,6.383755761201915,49,channel,2017
XLY,breakout_20d,2017-01-18,2017-03-21,38.3191,39.2323,2.383180109874883,43,channel,2017
XLU,breakout_20d,2017-01-18,2017-04-13,18.162,19.3018,6.275518456386209,60,time,2017
XLI,breakout_20d,2017-01-20,2017-03-21,54.0615,55.1818,2.0721495247782995,41,channel,2017
XLP,breakout_20d,2017-01-23,2017-03-08,40.793,42.3607,3.843043664404311,31,channel,2017
XLB,breakout_20d,2017-01-24,2017-03-09,21.3088,21.469,0.7519775823029873,31,channel,2017
DIA,breakout_20d,2017-01-26,2017-01-31,167.375,164.9587,-1.4436893961486397,3,stop,2017
DIA,breakout_20d,2017-02-10,2017-03-21,168.7936,172.6332,2.2747571494784014,26,channel,2017
IWM,breakout_20d,2017-02-13,2017-03-07,123.3956,121.4008,-1.6165983309857412,15,channel,2017
MDY,breakout_20d,2017-02-13,2017-03-08,279.9536,276.6385,-1.1841630183037966,16,channel,2017
XLF,breakout_20d,2017-02-14,2017-03-17,20.1763,20.5609,1.9063929481090147,22,channel,2017
XLV,breakout_20d,2017-02-14,2017-03-21,61.6559,63.6712,3.268642124312815,24,channel,2017
SMH,breakout_20d,2017-03-13,2017-04-11,35.933,35.7007,-0.6465972684296939,21,channel,2017
EFA,breakout_20d,2017-03-14,2017-04-13,45.8883,46.3003,0.8977917736601615,22,channel,2017
EEM,breakout_20d,2017-03-16,2017-04-10,32.2022,31.8213,-1.1826845135998854,17,channel,2017
XLY,breakout_20d,2017-03-30,2017-04-13,39.9961,39.4603,-1.3397009848608477,10,channel,2017
QQQ,breakout_20d,2017-03-31,2017-04-13,124.493,122.4785,-1.6182132409553907,9,channel,2017
GLD,breakout_20d,2017-04-12,2017-05-01,121.5014,119.24,-1.8612169964656977,12,stop,2017
XLP,breakout_20d,2017-04-19,2017-05-02,43.3239,42.6925,-1.4573830831169476,9,gap_stop,2017
XLY,breakout_20d,2017-04-21,2017-05-17,40.3525,40.1852,-0.4144925045943548,18,channel,2017
XLK,breakout_20d,2017-04-25,2017-06-09,24.6414,25.5026,3.495154215535745,32,channel,2017
QQQ,breakout_20d,2017-04-25,2017-05-17,126.6765,127.8041,0.8901359111889384,16,channel,2017
IWM,breakout_20d,2017-04-25,2017-05-17,125.0618,121.332,-2.9823385235645428,16,gap_stop,2017
XLI,breakout_20d,2017-04-25,2017-05-17,57.0565,55.8039,-2.195515836969797,16,stop,2017
MDY,breakout_20d,2017-04-25,2017-05-17,283.7326,276.8466,-2.426937057326506,16,gap_stop,2017
SMH,breakout_20d,2017-04-26,2017-06-27,36.9947,38.0263,2.788358272405489,43,channel,2017
SPY,breakout_20d,2017-04-26,2017-05-17,206.4956,203.7588,-1.3253514498417163,15,channel,2017
DIA,breakout_20d,2017-04-26,2017-05-17,176.0349,172.9882,-1.730759028950457,15,stop,2017
EEM,breakout_20d,2017-04-26,2017-06-15,32.6332,33.3957,2.3368474719730026,35,channel,2017
XLB,breakout_20d,2017-04-26,2017-05-11,22.287,21.7795,-2.276837894373651,11,stop,2017
XLV,breakout_20d,2017-04-27,2017-05-17,64.3985,63.6969,-1.0895147537294814,14,channel,2017
EFA,breakout_20d,2017-05-03,2017-06-15,48.3741,49.4877,2.3021930612067143,30,channel,2017
XLU,breakout_20d,2017-05-23,2017-06-28,19.6922,19.752,0.3039715653584185,25,channel,2017
QQQ,breakout_20d,2017-05-25,2017-06-09,132.0503,129.8495,-1.6666492592583682,10,stop,2017
SPY,breakout_20d,2017-05-26,2017-08-10,209.1189,211.6464,1.2086140305402227,52,channel,2017
DIA,breakout_20d,2017-05-26,2017-08-17,177.1679,183.4576,3.550132867601663,57,channel,2017
XLI,breakout_20d,2017-05-26,2017-06-27,57.5875,57.9849,0.6901166563813455,21,channel,2017
XLP,breakout_20d,2017-05-26,2017-06-16,43.9323,43.8845,-0.10869988776450734,14,channel,2017
TLT,breakout_20d,2017-05-31,2017-06-29,96.0532,97.1175,1.1080607940801013,21,channel,2017
XLY,breakout_20d,2017-06-01,2017-06-09,41.7002,40.9891,-1.7052428503420813,6,stop,2017
XLV,breakout_20d,2017-06-02,2017-07-06,66.095,67.6671,2.3786253629706433,23,channel,2017
MDY,breakout_20d,2017-06-02,2017-08-02,284.7061,284.729,0.008025711634918054,42,channel,2017
XLB,breakout_20d,2017-06-02,2017-07-31,22.3411,22.793,2.0229198407108795,40,channel,2017
GLD,breakout_20d,2017-06-05,2017-06-13,122.0319,119.83,-1.8043367905449026,6,gap_stop,2017
IWM,breakout_20d,2017-06-05,2017-08-02,124.812,125.3421,0.42473284018837987,41,channel,2017
XLF,breakout_20d,2017-06-09,2017-08-11,20.2145,20.8759,3.272114256708192,44,channel,2017
EEM,breakout_20d,2017-06-27,2017-06-29,34.2304,33.5292,-2.048390944938139,2,stop,2017
EEM,breakout_20d,2017-07-13,2017-08-10,34.9166,34.9121,-0.012989318501854807,20,channel,2017
SMH,breakout_20d,2017-07-17,2017-07-31,39.9915,39.3749,-1.5417882046787734,10,channel,2017
XLK,breakout_20d,2017-07-17,2017-08-10,26.0642,25.9208,-0.5505269581441596,18,channel,2017
EFA,breakout_20d,2017-07-17,2017-08-10,50.6652,50.4723,-0.3807422242922187,18,channel,2017
QQQ,breakout_20d,2017-07-19,2017-08-10,135.4771,132.8236,-1.9586353490824382,16,channel,2017
XLY,breakout_20d,2017-07-20,2017-08-10,41.8594,41.1416,-1.7146635604888383,15,stop,2017
GLD,breakout_20d,2017-07-27,2017-09-18,120.2201,124.2356,3.340158748964406,36,channel,2017
XLP,breakout_20d,2017-07-28,2017-07-28,43.7287,43.0594,-1.530604038921446,0,stop,2017
XLU,breakout_20d,2017-08-02,2017-09-20,20.15,20.3656,1.0697556370827366,34,channel,2017
TLT,breakout_20d,2017-08-04,2017-09-13,97.5224,98.4163,0.916662824403569,27,channel,2017
EEM,breakout_20d,2017-08-25,2017-09-25,36.6976,36.3715,-0.888557461051509,20,channel,2017
SMH,breakout_20d,2017-08-31,2017-11-27,40.4879,47.7645,17.972467497353193,60,time,2017
XLK,breakout_20d,2017-09-01,2017-09-25,27.0123,26.4331,-2.144252249932588,15,stop,2017
QQQ,breakout_20d,2017-09-01,2017-09-25,138.1477,134.923,-2.3342491248234176,15,stop,2017
XLV,breakout_20d,2017-09-01,2017-10-30,70.0306,70.0187,-0.016946017638741484,40,channel,2017
XLB,breakout_20d,2017-09-01,2017-11-09,23.0978,24.4088,5.676012525749785,48,channel,2017
EFA,breakout_20d,2017-09-08,2017-10-25,51.7904,52.7335,1.8209903599225807,33,channel,2017
SPY,breakout_20d,2017-09-12,2017-12-06,217.177,229.6943,5.763646652696108,60,time,2017
DIA,breakout_20d,2017-09-12,2017-12-06,187.2504,205.0812,9.522416588305994,60,time,2017
XLI,breakout_20d,2017-09-12,2017-10-31,59.3918,61.7096,3.9025393343341985,35,channel,2017
IWM,breakout_20d,2017-09-13,2017-10-17,126.6498,133.3332,5.277062133711952,24,channel,2017
MDY,breakout_20d,2017-09-13,2017-12-07,285.3974,307.6647,7.80219121651875,60,time,2017
XLY,breakout_20d,2017-09-14,2017-12-08,41.4561,44.6313,7.65897524363417,60,time,2017
XLF,breakout_20d,2017-09-19,2017-11-07,21.2852,22.3616,5.057052193714839,35,channel,2017
XLE,breakout_20d,2017-09-26,2017-10-19,23.5331,23.3618,-0.728131847816027,17,channel,2017
XLK,breakout_20d,2017-10-03,2017-12-04,27.2283,28.6647,5.275396857030001,43,channel,2017
QQQ,breakout_20d,2017-10-06,2018-01-03,138.9892,151.3638,8.903285007383687,60,time,2017
EEM,breakout_20d,2017-10-11,2017-10-25,37.6126,37.3336,-0.7417328342761098,10,channel,2017
XLU,breakout_20d,2017-10-20,2017-12-05,20.7561,21.0105,1.225938907585089,31,channel,2017
EFA,breakout_20d,2017-11-02,2017-11-13,53.3136,52.3974,-1.7186525797420305,7,gap_stop,2017
XLE,breakout_20d,2017-11-07,2017-11-14,24.3533,23.7606,-2.4336401630702054,5,stop,2017
TLT,breakout_20d,2017-11-07,2017-11-10,98.9751,97.4973,-1.4931366067858054,3,stop,2017
EEM,breakout_20d,2017-11-07,2017-11-14,38.2416,37.4676,-2.0240644543717656,5,stop,2017
XLP,breakout_20d,2017-11-17,2018-02-02,43.3389,44.9017,3.605879797296141,51,channel,2017
GLD,breakout_20d,2017-11-20,2017-12-05,122.4223,119.9799,-1.9950650479668597,10,gap_stop,2017
EEM,breakout_20d,2017-11-21,2017-11-29,38.9115,38.1051,-2.0724301809761148,5,stop,2017
IWM,breakout_20d,2017-11-22,2018-02-02,135.8177,138.3534,1.8669809783621538,48,channel,2017
EFA,breakout_20d,2017-11-27,2017-12-06,53.7346,52.9627,-1.436634300666595,7,gap_stop,2017
XLV,breakout_20d,2017-11-29,2017-12-29,71.2381,71.5271,0.405608690922854,21,channel,2017
XLI,breakout_20d,2017-11-29,2018-02-02,62.7926,67.6481,7.732625108316293,44,channel,2017
XLF,breakout_20d,2017-11-30,2017-12-01,23.4257,22.8847,-2.3091080451868584,1,stop,2017
XLB,breakout_20d,2017-12-01,2017-12-01,25.0754,24.6088,-1.8610589282538226,0,stop,2017
XLF,breakout_20d,2017-12-05,2018-02-02,23.8843,25.0033,4.68498585724475,40,channel,2017
DIA,breakout_20d,2017-12-14,2018-02-02,209.9738,216.994,3.3433653299729693,33,channel,2017
SPY,breakout_20d,2017-12-18,2018-02-02,235.6014,241.5769,2.5362465108207166,31,channel,2017
XLK,breakout_20d,2017-12-18,2018-02-02,29.9964,30.6086,2.04121948775684,31,channel,2017
TLT,breakout_20d,2017-12-18,2017-12-19,100.5443,98.7532,-1.7814175048692982,1,stop,2017
XLY,breakout_20d,2017-12-19,2018-02-05,45.6618,46.9843,2.896299395082136,31,channel,2017
EFA,breakout_20d,2017-12-19,2018-02-02,54.1111,56.0103,3.5097123584494128,30,channel,2017
XLB,breakout_20d,2017-12-19,2018-02-01,25.3335,26.168,3.2937770147833723,29,channel,2017
XLE,breakout_20d,2017-12-21,2018-01-30,24.512,26.0067,6.098019652341802,25,channel,2017
GLD,breakout_20d,2017-12-29,2018-02-06,123.8237,125.2546,1.1556110391434116,25,channel,2017
EEM,breakout_20d,2017-12-29,2018-02-02,39.2109,40.5976,3.5363808776793793,23,channel,2017
MDY,breakout_20d,2018-01-03,2018-01-31,314.567,319.5831,1.5945860131010514,19,channel,2018
SMH,breakout_20d,2018-01-04,2018-02-02,47.7271,47.8783,0.31686171856120104,20,channel,2018
XLV,breakout_20d,2018-01-04,2018-02-02,73.4039,75.1692,2.404793717844167,20,channel,2018
QQQ,breakout_20d,2018-01-05,2018-02-02,152.6525,155.6958,1.9936460177438775,19,channel,2018
XLK,breakout_20d,2018-02-27,2018-03-01,32.0124,30.767,-3.8904950005074768,2,stop,2018
SMH,breakout_20d,2018-03-07,2018-03-22,50.4776,50.0557,-0.8357641923884884,11,channel,2018
IWM,breakout_20d,2018-03-08,2018-03-22,141.397,138.2401,-2.232649160579536,10,channel,2018
MDY,breakout_20d,2018-03-08,2018-03-22,316.0646,307.6101,-2.674921527386742,10,channel,2018
XLK,breakout_20d,2018-03-12,2018-03-19,32.626,31.4334,-3.6554095154413546,5,stop,2018
QQQ,breakout_20d,2018-03-12,2018-03-19,164.594,158.6637,-3.6029866640309938,5,stop,2018
GLD,breakout_20d,2018-03-26,2018-03-28,128.1781,125.6736,-1.9538544422142756,2,stop,2018
XLE,breakout_20d,2018-04-11,2018-05-25,24.49,26.1148,6.634670776568918,32,channel,2018
EFA,breakout_20d,2018-04-18,2018-05-03,55.3256,54.0857,-2.241219723162502,11,stop,2018
XLB,breakout_20d,2018-04-18,2018-04-24,25.3922,24.3982,-3.9144481681748666,4,stop,2018
XLV,breakout_20d,2018-04-30,2018-05-02,72.9833,70.728,-3.0902582260790123,2,stop,2018
XLK,breakout_20d,2018-05-10,2018-06-25,32.1172,32.1341,0.0526418943645135,31,channel,2018
QQQ,breakout_20d,2018-05-10,2018-06-25,159.8773,162.7001,1.7656403114806984,31,channel,2018
IWM,breakout_20d,2018-05-10,2018-06-25,143.53,148.8144,3.6816760704374785,31,channel,2018
SPY,breakout_20d,2018-05-11,2018-05-29,240.1272,236.8825,-1.351233567560317,11,channel,2018
XLF,breakout_20d,2018-05-11,2018-05-29,24.2367,23.3679,-3.5846473999700756,11,stop,2018
MDY,breakout_20d,2018-05-11,2018-06-25,318.9867,322.6383,1.1447293854912388,30,channel,2018
DIA,breakout_20d,2018-05-14,2018-05-29,213.7692,208.8315,-2.3098502986063196,10,channel,2018
EFA,breakout_20d,2018-05-14,2018-05-23,55.7202,54.6438,-1.9317290067800807,7,gap_stop,2018
SMH,breakout_20d,2018-05-15,2018-06-19,49.3121,50.0929,1.5833530938598406,24,channel,2018
XLI,breakout_20d,2018-05-22,2018-05-29,66.8438,64.8488,-2.9846435956670248,4,stop,2018
XLB,breakout_20d,2018-05-22,2018-05-29,25.5109,24.7534,-2.9692687816538,4,gap_stop,2018
TLT,breakout_20d,2018-05-30,2018-06-06,96.0759,94.2895,-1.8593220204510152,5,stop,2018
SPY,breakout_20d,2018-06-05,2018-06-25,242.6771,239.6975,-1.2278004062764913,14,channel,2018
XLY,breakout_20d,2018-06-05,2018-06-25,49.8826,50.4277,1.0927673933851523,14,channel,2018
DIA,breakout_20d,2018-06-07,2018-06-19,216.7875,211.4686,-2.453526720220345,8,stop,2018
XLV,breakout_20d,2018-06-07,2018-06-27,73.6705,72.48,-1.6160337096093658,14,channel,2018
XLB,breakout_20d,2018-06-07,2018-06-19,25.8585,25.0259,-3.219851296728593,8,gap_stop,2018
XLU,breakout_20d,2018-06-26,2018-09-19,20.0722,20.7135,3.194758264287012,59,channel,2018
TLT,breakout_20d,2018-06-28,2018-07-18,97.1985,96.7144,-0.49799207031060444,13,channel,2018
XLV,breakout_20d,2018-07-09,2018-10-02,75.3928,83.5483,10.81733223915382,60,time,2018
MDY,breakout_20d,2018-07-10,2018-07-27,332.0165,324.857,-2.1563499932909624,13,stop,2018
XLE,breakout_20d,2018-07-11,2018-08-09,27.0751,26.3794,-2.569494927221716,21,channel,2018
SPY,breakout_20d,2018-07-11,2018-10-04,245.6279,257.1666,4.697610462003343,60,time,2018
XLK,breakout_20d,2018-07-13,2018-07-30,33.731,32.8257,-2.684103108262992,11,stop,2018
QQQ,breakout_20d,2018-07-13,2018-07-30,170.7124,166.0798,-2.713714085402985,11,stop,2018
XLY,breakout_20d,2018-07-17,2018-07-30,51.8278,51.2844,-1.0485541750721583,9,channel,2018
DIA,breakout_20d,2018-07-18,2018-10-10,216.3971,221.1721,2.20661514641185,59,channel,2018
XLP,breakout_20d,2018-07-18,2018-08-30,42.696,43.352,1.5365112146371596,31,channel,2018
XLF,breakout_20d,2018-07-19,2018-09-12,23.9031,24.0957,0.8057294120802805,38,channel,2018
XLI,breakout_20d,2018-07-19,2018-08-10,65.0705,65.64,0.8752212402558968,16,channel,2018
EFA,breakout_20d,2018-07-26,2018-08-10,54.2159,52.643,-2.901047398197776,11,gap_stop,2018
XLB,breakout_20d,2018-07-27,2018-08-02,25.4252,24.7372,-2.70608420064099,4,stop,2018
SMH,breakout_20d,2018-08-08,2018-08-10,50.6967,49.0296,-3.288292842902174,2,stop,2018
XLY,breakout_20d,2018-08-10,2018-10-03,52.4496,53.3605,1.7366997914985305,37,channel,2018
TLT,breakout_20d,2018-08-21,2018-09-04,97.0287,95.9815,-1.0793330368316867,9,channel,2018
IWM,breakout_20d,2018-08-22,2018-09-26,154.6473,152.4256,-1.4366284739696589,24,channel,2018
XLI,breakout_20d,2018-08-22,2018-10-09,67.6025,68.4523,1.2570817968923675,33,channel,2018
MDY,breakout_20d,2018-08-22,2018-09-26,335.7251,332.0487,-1.0950746894583308,24,channel,2018
XLK,breakout_20d,2018-08-27,2018-10-05,34.6831,34.2382,-1.282754042767098,28,channel,2018
QQQ,breakout_20d,2018-08-28,2018-09-06,175.8305,171.8369,-2.2712486466726745,6,stop,2018
XLB,breakout_20d,2018-08-28,2018-09-11,25.5657,24.878,-2.6901168183003477,9,stop,2018
SMH,breakout_20d,2018-08-30,2018-09-07,50.9624,49.2694,-3.3219813880497995,5,gap_stop,2018
XLF,breakout_20d,2018-09-20,2018-09-26,24.8922,24.3514,-2.1724074277909677,4,stop,2018
XLB,breakout_20d,2018-09-20,2018-09-26,25.8724,25.2305,-2.480697039498936,4,stop,2018
XLP,breakout_20d,2018-09-21,2018-09-25,44.7376,43.8704,-1.9383806235565904,2,stop,2018
XLE,breakout_20d,2018-09-25,2018-10-10,27.2719,26.7453,-1.9308134462469928,11,channel,2018
XLU,breakout_20d,2018-10-25,2018-10-26,21.5989,20.8748,-3.3524966153209212,1,stop,2018
XLP,breakout_20d,2018-10-31,2018-11-20,45.1442,44.6645,-1.0626148645733746,14,channel,2018
DIA,breakout_20d,2018-11-09,2018-11-13,226.167,218.7512,-3.278902912306092,2,stop,2018
XLV,breakout_20d,2018-11-29,2018-12-06,81.8924,79.0552,-3.4646112477324853,4,stop,2018
XLU,breakout_20d,2018-12-04,2018-12-18,22.1579,21.4635,-3.133803387433043,9,stop,2018
TLT,breakout_20d,2018-12-06,2019-01-15,95.6442,96.8902,1.3027689021445354,26,channel,2018
SMH,breakout_20d,2019-02-06,2019-03-06,47.5983,48.4089,1.7029557092053782,19,channel,2019
SPY,breakout_20d,2019-02-06,2019-03-07,244.2765,245.7724,0.6123817541368259,20,channel,2019
DIA,breakout_20d,2019-02-06,2019-03-07,220.9203,222.1124,0.5395701824545851,20,channel,2019
QQQ,breakout_20d,2019-02-06,2019-05-03,163.4998,182.6197,11.694182558531697,60,time,2019
XLI,breakout_20d,2019-02-06,2019-03-06,64.9473,66.1878,1.9099767694449765,19,channel,2019
XLP,breakout_20d,2019-02-06,2019-03-07,43.8341,43.9594,0.2859442124923506,20,channel,2019
EEM,breakout_20d,2019-02-06,2019-02-08,36.62,35.5016,-3.0540400844005777,2,stop,2019
XLU,breakout_20d,2019-02-08,2019-05-07,21.9571,23.0695,5.0665609964941405,60,time,2019
TLT,breakout_20d,2019-02-11,2019-02-27,98.7788,97.4246,-1.370959478667455,11,channel,2019
XLV,breakout_20d,2019-02-14,2019-03-06,80.151,79.3494,-1.000100842144902,13,channel,2019
XLY,breakout_20d,2019-02-14,2019-03-07,50.8503,50.9025,0.10278695652030656,14,channel,2019
XLK,breakout_20d,2019-02-19,2019-05-07,32.4525,35.8709,10.53341986264602,54,channel,2019
MDY,breakout_20d,2019-02-19,2019-03-06,317.3125,312.6685,-1.463552336503715,11,channel,2019
GLD,breakout_20d,2019-02-20,2019-02-21,127.127,125.0853,-1.606063545630665,1,stop,2019
XLF,breakout_20d,2019-02-21,2019-03-07,23.1156,22.5402,-2.4892995000462492,10,channel,2019
IWM,breakout_20d,2019-02-21,2019-03-06,143.3012,139.4099,-2.7154968613380404,9,stop,2019
XLB,breakout_20d,2019-02-21,2019-04-25,24.0456,24.4337,1.6136287046995212,44,channel,2019
EEM,breakout_20d,2019-02-26,2019-03-07,36.62,35.61,-2.757808098321779,7,stop,2019
EFA,breakout_20d,2019-02-27,2019-03-07,51.4336,50.5032,-1.8089939249177345,6,channel,2019
SPY,breakout_20d,2019-03-18,2019-05-07,253.2313,258.4522,2.061721465958244,35,channel,2019
XLP,breakout_20d,2019-03-18,2019-05-29,45.1386,46.2506,2.4634998555180365,50,channel,2019
EFA,breakout_20d,2019-03-18,2019-03-22,52.0955,51.1928,-1.732782227896168,4,stop,2019
XLF,breakout_20d,2019-03-19,2019-03-20,23.6355,23.0118,-2.638876108965438,1,stop,2019
XLY,breakout_20d,2019-03-19,2019-05-07,52.5333,55.0016,4.698463359113103,34,channel,2019
SMH,breakout_20d,2019-03-20,2019-05-07,50.967,53.5679,5.103282066136128,33,channel,2019
TLT,breakout_20d,2019-03-21,2019-04-12,99.881,99.6655,-0.21580107138053917,16,channel,2019
DIA,breakout_20d,2019-04-02,2019-05-02,229.3222,229.7699,0.1952347272497157,21,channel,2019
EFA,breakout_20d,2019-04-04,2019-05-07,52.6218,51.6552,-1.8369120911712056,22,stop,2019
MDY,breakout_20d,2019-04-04,2019-05-13,321.2489,313.1328,-2.5264118129479263,26,stop,2019
IWM,breakout_20d,2019-04-08,2019-05-13,143.4272,139.4293,-2.787407825813748,24,stop,2019
EEM,breakout_20d,2019-04-08,2019-04-24,37.4334,37.0119,-1.1259944311784453,11,channel,2019
XLE,breakout_20d,2019-04-09,2019-04-26,24.4975,23.703,-3.2435527824299704,12,stop,2019
XLF,breakout_20d,2019-04-15,2019-05-13,23.7229,23.2657,-1.9274923474148609,19,channel,2019
XLI,breakout_20d,2019-04-15,2019-05-07,68.7517,67.6452,-1.609401285281109,15,channel,2019
TLT,breakout_20d,2019-05-08,2019-07-11,102.0978,106.3251,4.1404124547974375,44,channel,2019
GLD,breakout_20d,2019-05-14,2019-05-17,122.7226,120.8039,-1.5634409712060537,3,stop,2019
XLU,breakout_20d,2019-05-20,2019-07-23,23.5596,24.0825,2.2191684331793304,44,channel,2019
GLD,breakout_20d,2019-06-03,2019-08-27,124.2141,145.4244,17.075640620657452,60,time,2019
XLB,breakout_20d,2019-06-06,2019-08-02,24.4956,24.8968,1.6380858452878622,40,channel,2019
DIA,breakout_20d,2019-06-10,2019-07-31,229.9254,236.0379,2.658468830883387,36,channel,2019
XLV,breakout_20d,2019-06-10,2019-07-22,80.6792,81.1096,0.533414742369076,29,channel,2019
XLP,breakout_20d,2019-06-10,2019-08-05,48.4388,47.8642,-1.186260252423177,39,channel,2019
EFA,breakout_20d,2019-06-10,2019-07-30,52.4145,52.7472,0.634735490323024,35,channel,2019
XLK,breakout_20d,2019-06-11,2019-08-02,36.5062,37.1733,1.8274111736727994,37,channel,2019
EEM,breakout_20d,2019-06-12,2019-07-25,35.3999,36.3057,2.558868986931273,30,channel,2019
XLY,breakout_20d,2019-06-14,2019-07-31,55.4164,56.6748,2.2706893711653686,32,channel,2019
SPY,breakout_20d,2019-06-19,2019-08-01,263.1249,265.942,1.070606207272684,30,channel,2019
QQQ,breakout_20d,2019-06-19,2019-08-02,178.7245,179.4226,0.3905819738892813,31,channel,2019
IWM,breakout_20d,2019-06-19,2019-07-17,141.4918,141.1542,-0.23862924228746918,19,channel,2019
XLI,breakout_20d,2019-06-21,2019-08-01,69.337,68.1447,-1.7195242960369117,28,channel,2019
MDY,breakout_20d,2019-06-21,2019-08-02,324.0005,319.8588,-1.2782982998374215,29,channel,2019
SMH,breakout_20d,2019-06-28,2019-08-02,52.9768,53.6628,1.2949641672554524,24,channel,2019
XLF,breakout_20d,2019-07-01,2019-08-01,24.52,24.1993,-1.3079085299515292,22,channel,2019
TLT,breakout_20d,2019-08-02,2019-09-10,111.3378,115.439,3.683599451716346,26,channel,2019
XLU,breakout_20d,2019-08-19,2019-10-15,24.691,25.6674,3.9545444224151405,40,channel,2019
GLD,breakout_20d,2019-09-04,2019-09-05,145.6855,141.8718,-2.6177943316183616,1,stop,2019
SMH,breakout_20d,2019-09-05,2019-09-24,56.2789,56.0432,-0.418852616552845,13,channel,2019
XLP,breakout_20d,2019-09-05,2019-10-02,51.3602,49.9577,-2.7307400503801316,19,stop,2019
EFA,breakout_20d,2019-09-05,2019-09-25,52.4862,52.8041,0.605654649367593,14,channel,2019
SPY,breakout_20d,2019-09-06,2019-10-01,269.484,265.7203,-1.3966391647625032,17,channel,2019
DIA,breakout_20d,2019-09-06,2019-10-01,236.7365,234.5577,-0.9203629551979953,17,channel,2019
XLF,breakout_20d,2019-09-06,2019-10-01,24.1336,24.1465,0.05348515187311165,17,channel,2019
XLK,breakout_20d,2019-09-06,2019-10-02,38.5199,37.0243,-3.8827241593406003,18,stop,2019
QQQ,breakout_20d,2019-09-06,2019-09-24,184.34,180.3794,-2.1485045423082827,12,channel,2019
XLI,breakout_20d,2019-09-06,2019-10-01,69.1938,68.0211,-1.694823337734952,17,channel,2019
XLY,breakout_20d,2019-09-06,2019-09-20,57.729,56.7073,-1.7698526215845778,10,channel,2019
MDY,breakout_20d,2019-09-10,2019-10-01,322.2361,318.3438,-1.2078979657458744,15,channel,2019
IWM,breakout_20d,2019-09-11,2019-09-27,141.7947,138.9208,-2.026789935639839,12,channel,2019
EEM,breakout_20d,2019-09-12,2019-09-25,35.832,34.8828,-2.6490520395494266,9,gap_stop,2019
XLB,breakout_20d,2019-09-13,2019-10-01,25.6168,24.8642,-2.9376910943148205,12,stop,2019
XLE,breakout_20d,2019-09-17,2019-09-24,23.0636,22.0969,-4.191582745271005,5,stop,2019
XLV,breakout_20d,2019-09-23,2019-09-25,81.7521,80.2546,-1.831754710890443,2,channel,2019
TLT,breakout_20d,2019-10-07,2019-10-11,119.5542,115.8795,-3.073684066008908,4,gap_stop,2019
SMH,breakout_20d,2019-10-16,2019-11-21,59.0346,62.1885,5.3424230528587024,26,channel,2019
XLK,breakout_20d,2019-10-16,2019-12-03,38.7439,40.6288,4.865104502911843,33,channel,2019
EFA,breakout_20d,2019-10-16,2020-01-13,53.7814,57.3946,6.718246760918478,60,time,2019
EEM,breakout_20d,2019-10-18,2019-11-29,35.9515,36.2461,0.8193222856960114,29,channel,2019
XLF,breakout_20d,2019-10-22,2020-01-17,25.1129,27.4747,9.404737640365912,60,time,2019
SPY,breakout_20d,2019-10-28,2020-01-24,275.0594,299.3805,8.842112202666353,60,time,2019
QQQ,breakout_20d,2019-10-28,2020-01-24,188.9906,214.1703,13.323288247863264,60,time,2019
XLI,breakout_20d,2019-10-28,2019-12-02,70.8559,72.4379,2.232827766903789,24,channel,2019
MDY,breakout_20d,2019-10-28,2020-01-24,330.6793,347.4457,5.070280208774047,60,time,2019
IWM,breakout_20d,2019-10-29,2020-01-27,143.6652,150.8222,4.9817239257066825,60,channel,2019
XLV,breakout_20d,2019-10-29,2020-01-27,83.089,91.4044,10.00782907751927,60,channel,2019
XLB,breakout_20d,2019-10-30,2019-11-21,25.6362,25.8512,0.8387370728441867,16,channel,2019
DIA,breakout_20d,2019-11-08,2019-12-03,245.506,244.0076,-0.6103297283618581,16,channel,2019
XLP,breakout_20d,2019-11-19,2020-01-07,51.6306,52.1935,1.090300244384279,32,channel,2019
XLY,breakout_20d,2019-11-29,2019-12-02,58.2085,57.1093,-1.8882827161619042,1,stop,2019
TLT,breakout_20d,2019-12-04,2019-12-12,115.9851,113.337,-2.283147436443622,6,stop,2019
SMH,breakout_20d,2019-12-12,2020-01-27,64.9357,68.1996,5.026300445505205,29,channel,2019
EEM,breakout_20d,2019-12-12,2020-01-27,37.4029,37.4728,0.18701844210682328,29,channel,2019
DIA,breakout_20d,2019-12-13,2020-01-27,250.1934,253.6227,1.3706825304938164,28,channel,2019
XLK,breakout_20d,2019-12-13,2020-02-24,41.9769,45.1153,7.476541178903551,47,channel,2019
XLB,breakout_20d,2019-12-13,2020-01-03,26.6727,26.2088,-1.7392097519286942,13,channel,2019
XLY,breakout_20d,2019-12-17,2020-01-24,58.4869,59.5218,1.7695244947526056,25,channel,2019
XLU,breakout_20d,2019-12-17,2020-02-25,26.0803,27.8046,6.611298137932686,46,channel,2019
XLE,breakout_20d,2019-12-23,2020-01-21,22.8022,22.202,-2.6320044315202518,18,channel,2019
GLD,breakout_20d,2019-12-24,2020-03-13,140.5804,143.1367,1.818372664242407,54,channel,2019
XLI,breakout_20d,2020-01-03,2020-01-27,74.1822,73.9529,-0.3092327428790287,15,channel,2020
XLP,breakout_20d,2020-01-16,2020-02-24,53.6386,53.1443,-0.9213894108770826,25,channel,2020
EFA,breakout_20d,2020-01-17,2020-01-23,57.9626,57.1746,-1.3594143972075257,3,stop,2020
TLT,breakout_20d,2020-01-23,2020-03-18,116.5928,119.6258,2.60136256127812,38,channel,2020
QQQ,breakout_20d,2020-02-05,2020-02-24,221.8359,213.1893,-3.8977507519251553,12,gap_stop,2020
XLY,breakout_20d,2020-02-06,2020-02-24,61.2984,59.4887,-2.9521339651725986,11,gap_stop,2020
SPY,breakout_20d,2020-02-07,2020-02-24,303.6753,294.2538,-3.102480537802843,10,gap_stop,2020
DIA,breakout_20d,2020-02-07,2020-02-24,260.7205,249.8381,-4.173967379481192,10,gap_stop,2020
SMH,breakout_20d,2020-02-13,2020-02-24,72.3148,66.7894,-7.640728844292044,6,gap_stop,2020
XLI,breakout_20d,2020-02-13,2020-02-24,76.6502,73.2672,-4.413575847601425,6,gap_stop,2020
MDY,breakout_20d,2020-02-21,2020-02-24,354.0594,340.5411,-3.8180908124736734,1,gap_stop,2020
SMH,breakout_20d,2020-04-20,2020-07-15,62.6985,76.81,22.506837686287206,60,time,2020
XLK,breakout_20d,2020-04-20,2020-07-15,41.9715,51.3482,22.340703154108276,60,time,2020
QQQ,breakout_20d,2020-04-20,2020-07-15,206.037,251.8791,22.249484645943028,60,time,2020
XLV,breakout_20d,2020-04-20,2020-06-11,90.3484,87.5934,-3.049244280927288,37,channel,2020
XLP,breakout_20d,2020-04-20,2020-05-01,50.7914,48.7605,-3.998542359523072,9,channel,2020
GLD,breakout_20d,2020-05-18,2020-05-27,164.4943,159.2606,-3.181722800896558,6,gap_stop,2020
XLY,breakout_20d,2020-05-19,2020-08-13,56.9041,68.3511,20.116208905023058,60,time,2020
SPY,breakout_20d,2020-05-27,2020-08-20,277.2846,311.2153,12.236781490776405,60,time,2020
XLB,breakout_20d,2020-05-29,2020-06-11,24.5465,23.8524,-2.8275646780489994,9,channel,2020
DIA,breakout_20d,2020-06-04,2020-06-11,235.5921,225.6404,-4.224106837566022,5,stop,2020
EEM,breakout_20d,2020-06-04,2020-08-28,34.8011,39.8697,14.564638782415074,60,time,2020
EFA,breakout_20d,2020-06-04,2020-06-11,51.5781,49.5123,-4.005199483893806,5,stop,2020
MDY,breakout_20d,2020-06-04,2020-06-11,312.4399,294.589,-5.713394122537119,5,stop,2020
XLU,breakout_20d,2020-06-04,2020-06-12,25.3025,24.003,-5.13609991748244,6,stop,2020
IWM,breakout_20d,2020-06-08,2020-06-11,141.354,129.7747,-8.191688130841445,3,gap_stop,2020
XLI,breakout_20d,2020-06-08,2020-06-11,69.0097,63.2075,-8.407775443803523,3,gap_stop,2020
XLP,breakout_20d,2020-06-08,2020-06-11,51.2408,49.5615,-3.2773147782091505,3,stop,2020
GLD,breakout_20d,2020-06-23,2020-08-11,165.7956,179.7601,8.422675036486105,34,channel,2020
TLT,breakout_20d,2020-06-29,2020-08-11,137.4401,139.3639,1.3996962730516538,30,channel,2020
XLP,breakout_20d,2020-07-13,2020-09-08,51.7683,54.718,5.69791555804724,40,channel,2020
DIA,breakout_20d,2020-07-15,2020-07-30,243.5669,236.8051,-2.776142934155579,11,channel,2020
XLV,breakout_20d,2020-07-15,2020-09-08,94.5759,94.3053,-0.28611073667300646,38,channel,2020
XLB,breakout_20d,2020-07-15,2020-07-30,26.9247,26.7865,-0.5132407758784763,11,channel,2020
IWM,breakout_20d,2020-07-16,2020-09-04,136.0228,141.9667,4.369778389613788,36,channel,2020
EFA,breakout_20d,2020-07-16,2020-07-31,52.7615,51.7389,-1.9382061254461957,11,channel,2020
MDY,breakout_20d,2020-07-22,2020-09-08,313.2062,315.3665,0.6897506584730095,33,channel,2020
XLI,breakout_20d,2020-07-23,2020-09-08,66.3879,69.7529,5.068741912406516,32,channel,2020
XLU,breakout_20d,2020-07-23,2020-08-20,25.2636,24.6846,-2.291663787143672,20,channel,2020
SMH,breakout_20d,2020-07-28,2020-09-08,78.9024,78.841,-0.0778015651846653,29,channel,2020
XLK,breakout_20d,2020-08-03,2020-09-08,53.5016,53.8001,0.5580770478232466,25,channel,2020
QQQ,breakout_20d,2020-08-05,2020-09-08,262.0376,260.6163,-0.5424186755120242,23,channel,2020
DIA,breakout_20d,2020-08-06,2020-09-08,244.8048,248.264,1.413052447177665,22,channel,2020
EFA,breakout_20d,2020-08-13,2020-09-04,54.6497,52.9842,-3.0476005086251035,16,stop,2020
XLY,breakout_20d,2020-08-18,2020-09-21,69.6325,67.3948,-3.2135615982483157,23,gap_stop,2020
SPY,breakout_20d,2020-08-25,2020-09-04,316.678,309.5146,-2.262066706076704,8,stop,2020
XLB,breakout_20d,2020-08-31,2020-09-23,28.4247,27.5665,-3.0194163283148834,16,stop,2020
XLU,breakout_20d,2020-10-05,2020-11-19,25.5902,26.6639,4.195684590453719,33,channel,2020
IWM,breakout_20d,2020-10-06,2020-10-28,148.1198,142.9834,-3.4677070475714555,16,channel,2020
XLY,breakout_20d,2020-10-06,2020-10-28,71.8696,69.279,-3.604573207162498,16,channel,2020
MDY,breakout_20d,2020-10-06,2020-10-27,333.954,331.6512,-0.6895425087909746,15,channel,2020
XLV,breakout_20d,2020-10-08,2020-10-28,98.0912,94.5816,-3.5778732360354004,14,stop,2020
SMH,breakout_20d,2020-10-09,2020-10-26,89.8304,86.6621,-3.5270129290498997,11,channel,2020
SPY,breakout_20d,2020-10-09,2020-10-26,319.8245,313.4864,-1.9817572085241375,11,channel,2020
DIA,breakout_20d,2020-10-09,2020-10-26,258.5817,249.3349,-3.5759671578089236,11,stop,2020
XLF,breakout_20d,2020-10-09,2020-10-27,22.9423,21.9141,-4.4814636342425995,12,stop,2020
XLI,breakout_20d,2020-10-09,2020-10-26,74.3256,72.5543,-2.383044792939326,11,channel,2020
XLP,breakout_20d,2020-10-09,2020-10-26,56.2974,55.3784,-1.6322808616306972,11,channel,2020
EEM,breakout_20d,2020-10-09,2020-10-28,40.0197,39.187,-2.080764242182531,13,channel,2020
XLK,breakout_20d,2020-10-12,2020-10-26,58.4201,55.7518,-4.567582211009114,10,stop,2020
QQQ,breakout_20d,2020-10-12,2020-10-26,281.0655,268.2357,-4.564700754529394,10,stop,2020
EFA,breakout_20d,2020-10-13,2020-10-15,54.7416,53.3148,-2.606460928602139,2,gap_stop,2020
XLV,breakout_20d,2020-11-05,2020-11-19,101.4495,99.316,-2.1029864431293843,10,channel,2020
EEM,breakout_20d,2020-11-05,2021-01-29,41.844,47.1445,12.667205550830918,57,channel,2020
GLD,breakout_20d,2020-11-06,2020-11-09,183.5834,176.2436,-3.9980825956334454,1,gap_stop,2020
SMH,breakout_20d,2020-11-06,2021-01-27,93.4088,109.574,17.305888382298896,54,channel,2020
IWM,breakout_20d,2020-11-06,2021-01-29,154.7735,192.3122,24.25400318522055,56,channel,2020
MDY,breakout_20d,2020-11-06,2021-01-27,348.2726,404.3093,16.089902554894266,54,channel,2020
XLB,breakout_20d,2020-11-06,2020-12-14,30.5084,31.2419,2.404188812013208,25,channel,2020
EFA,breakout_20d,2020-11-09,2021-01-27,57.9499,61.839,6.7111808840300435,53,channel,2020
SPY,breakout_20d,2020-11-10,2021-01-29,327.1639,343.2818,4.926571322982598,54,channel,2020
DIA,breakout_20d,2020-11-10,2021-01-27,265.653,275.3789,3.661111518562854,52,channel,2020
XLF,breakout_20d,2020-11-10,2021-01-22,24.4814,27.5613,12.58060987041607,49,channel,2020
XLI,breakout_20d,2020-11-10,2021-01-27,77.5224,78.5897,1.376798865347717,52,channel,2020
XLP,breakout_20d,2020-11-16,2021-01-15,58.584,56.595,-3.39509701176669,41,stop,2020
XLE,breakout_20d,2020-11-17,2020-12-21,14.3732,15.5519,8.200811190916202,23,channel,2020
XLY,breakout_20d,2020-11-30,2021-01-29,75.5068,77.4214,2.5357526037686817,41,channel,2020
QQQ,breakout_20d,2020-12-02,2021-02-22,292.3836,311.8555,6.659734979710263,54,channel,2020
XLK,breakout_20d,2020-12-07,2021-02-22,60.413,63.7584,5.537561214866105,51,channel,2020
GLD,breakout_20d,2021-01-04,2021-01-06,182.152,178.1219,-2.2124987663064366,2,stop,2021
XLV,breakout_20d,2021-01-04,2021-01-04,104.351,101.6803,-2.5593396784101774,0,stop,2021
XLB,breakout_20d,2021-01-04,2021-01-22,32.8227,33.3626,1.6450559990184521,13,channel,2021
XLV,breakout_20d,2021-01-07,2021-01-27,105.8171,104.5631,-1.1850184370393646,13,channel,2021
XLE,breakout_20d,2021-01-12,2021-01-27,17.4017,16.2985,-6.339521789409597,10,stop,2021
XLU,breakout_20d,2021-01-26,2021-01-27,27.1466,26.2183,-3.41975133545821,1,stop,2021
SPY,breakout_20d,2021-02-05,2021-03-04,360.8204,350.3276,-2.9080510879688326,18,stop,2021
IWM,breakout_20d,2021-02-05,2021-03-04,207.1149,198.3964,-4.209471499739436,18,stop,2021
XLY,breakout_20d,2021-02-08,2021-02-22,83.0065,80.0564,-3.554018045331231,9,stop,2021
DIA,breakout_20d,2021-02-09,2021-02-26,285.029,281.536,-1.2255123919389765,12,channel,2021
MDY,breakout_20d,2021-02-09,2021-03-04,430.3029,415.787,-3.3734175875529404,16,stop,2021
EEM,breakout_20d,2021-02-10,2021-02-22,50.9074,49.3982,-2.964436615910837,7,stop,2021
SMH,breakout_20d,2021-02-12,2021-02-23,121.9241,115.8732,-4.962843397985218,6,stop,2021
EFA,breakout_20d,2021-02-16,2021-02-23,64.9492,63.5113,-2.2139336424090827,5,stop,2021
XLE,breakout_20d,2021-02-17,2021-03-18,18.9056,20.1975,6.833242663868555,21,channel,2021
XLF,breakout_20d,2021-02-17,2021-03-23,29.0911,30.2566,4.006349080504479,24,channel,2021
XLI,breakout_20d,2021-02-22,2021-05-12,83.4975,93.6338,12.13968820866993,56,channel,2021
XLB,breakout_20d,2021-02-25,2021-02-26,34.2069,33.0228,-3.4615813495164627,1,stop,2021
DIA,breakout_20d,2021-03-11,2021-05-12,296.0108,306.4158,3.5150662065317917,43,channel,2021
MDY,breakout_20d,2021-03-11,2021-03-23,446.4754,432.8821,-3.044573273092599,8,channel,2021
XLB,breakout_20d,2021-03-11,2021-06-07,35.4069,39.1159,10.475343937998204,60,time,2021
IWM,breakout_20d,2021-03-12,2021-03-23,217.4734,205.7958,-5.369647998752425,7,stop,2021
XLP,breakout_20d,2021-03-15,2021-06-09,57.5488,61.2844,6.491105494855165,60,time,2021
SPY,breakout_20d,2021-03-16,2021-05-12,369.0648,377.2954,2.230122465091,40,channel,2021
XLU,breakout_20d,2021-03-16,2021-05-12,26.7437,27.4397,2.602228301598619,40,channel,2021
EFA,breakout_20d,2021-03-18,2021-03-24,64.5696,63.1945,-2.1295642205320986,4,channel,2021
XLV,breakout_20d,2021-03-23,2021-06-01,106.2303,111.5608,5.017826055748942,48,channel,2021
SMH,breakout_20d,2021-04-01,2021-04-19,120.4527,119.3009,-0.956236202254368,11,channel,2021
XLK,breakout_20d,2021-04-05,2021-04-30,65.5703,67.0864,2.3122551896044508,19,channel,2021
QQQ,breakout_20d,2021-04-05,2021-05-04,317.4254,319.7061,0.7184928706350124,21,channel,2021
XLY,breakout_20d,2021-04-06,2021-05-11,83.0232,82.5606,-0.5572582251104685,25,channel,2021
EFA,breakout_20d,2021-04-06,2021-06-18,64.9998,67.0116,3.0949694947635553,52,channel,2021
XLF,breakout_20d,2021-04-12,2021-06-14,32.2005,33.9155,5.325743621883516,44,channel,2021
MDY,breakout_20d,2021-04-19,2021-05-12,465.8133,451.3488,-3.1052085648941574,17,stop,2021
EEM,breakout_20d,2021-04-26,2021-05-04,48.3288,46.9923,-2.7653921619624766,6,stop,2021
IWM,breakout_20d,2021-04-27,2021-05-06,214.8019,205.5973,-4.285163738018505,7,stop,2021
XLE,breakout_20d,2021-04-30,2021-06-17,20.6303,22.2543,7.8721120442205805,33,channel,2021
GLD,breakout_20d,2021-05-18,2021-06-16,175.3552,171.428,-2.239536727284508,20,stop,2021
SMH,breakout_20d,2021-06-01,2021-07-16,121.8755,119.6353,-1.8381479530850564,32,channel,2021
IWM,breakout_20d,2021-06-02,2021-06-18,214.9897,208.5179,-3.0102525153805404,12,channel,2021
EEM,breakout_20d,2021-06-02,2021-06-16,49.5516,48.1758,-2.7763893624239255,10,stop,2021
XLK,breakout_20d,2021-06-07,2021-08-18,67.317,73.2568,8.823680682494373,51,channel,2021
QQQ,breakout_20d,2021-06-09,2021-08-18,328.138,351.1694,7.018833885678744,49,channel,2021
SPY,breakout_20d,2021-06-11,2021-06-18,395.5727,388.0475,-1.9023755460661484,5,stop,2021
XLY,breakout_20d,2021-06-23,2021-07-19,84.1502,84.3512,0.23880810149199405,17,channel,2021
SPY,breakout_20d,2021-06-25,2021-07-19,398.4572,396.7928,-0.41770714378721596,15,channel,2021
XLV,breakout_20d,2021-07-02,2021-09-10,117.4451,122.701,4.4752653256496355,48,channel,2021
TLT,breakout_20d,2021-07-08,2021-07-13,126.0667,123.384,-2.127988365842959,3,stop,2021
DIA,breakout_20d,2021-07-12,2021-07-19,319.1244,312.3901,-2.1102472473836675,5,stop,2021
XLP,breakout_20d,2021-07-16,2021-08-26,62.3235,62.6192,0.4744064528009462,29,channel,2021
XLU,breakout_20d,2021-07-19,2021-09-14,28.4186,29.2642,2.975670075398873,40,channel,2021
TLT,breakout_20d,2021-07-20,2021-07-21,129.1574,125.2233,-3.0459815946672464,1,gap_stop,2021
SPY,breakout_20d,2021-07-26,2021-09-10,411.0032,415.9056,1.1927737108194059,33,channel,2021
DIA,breakout_20d,2021-07-27,2021-09-07,321.1575,322.3798,0.38059136997785625,29,channel,2021
XLY,breakout_20d,2021-07-27,2021-07-30,88.6219,86.3346,-2.580982652017405,3,stop,2021
XLB,breakout_20d,2021-07-30,2021-09-08,37.8594,38.001,0.373756267088865,27,channel,2021
SMH,breakout_20d,2021-08-03,2021-08-17,128.9462,123.6342,-4.119482411860364,10,stop,2021
EFA,breakout_20d,2021-08-04,2021-08-19,68.8475,67.3273,-2.2079642640622787,11,gap_stop,2021
XLF,breakout_20d,2021-08-09,2021-09-07,34.7054,34.6636,-0.12061536621902347,20,channel,2021
XLI,breakout_20d,2021-08-12,2021-08-19,97.9514,94.7729,-3.2449879662440395,5,gap_stop,2021
XLK,breakout_20d,2021-08-23,2021-09-17,75.2739,74.8012,-0.6279925321216351,18,channel,2021
QQQ,breakout_20d,2021-08-24,2021-09-20,363.1705,354.307,-2.4405949835531016,18,stop,2021
SMH,breakout_20d,2021-08-30,2021-09-20,132.9137,128.0465,-3.6618592003198724,14,stop,2021
IWM,breakout_20d,2021-08-30,2021-09-14,213.7513,206.0073,-3.622867134476293,10,stop,2021
MDY,breakout_20d,2021-08-30,2021-09-10,475.8396,462.4331,-2.81742647989649,8,stop,2021
XLY,breakout_20d,2021-08-31,2021-09-20,88.0792,85.8301,-2.5534946165542305,13,stop,2021
EFA,breakout_20d,2021-09-03,2021-09-17,69.9506,68.7628,-1.6979971695627816,9,stop,2021
GLD,breakout_20d,2021-09-07,2021-09-16,169.7296,164.2156,-3.2486578988450088,7,gap_stop,2021
EEM,breakout_20d,2021-09-08,2021-09-15,47.2677,46.0722,-2.5290626391317184,5,stop,2021
TLT,breakout_20d,2021-09-15,2021-09-23,128.3586,125.6938,-2.076089015305882,6,stop,2021
XLE,breakout_20d,2021-09-16,2021-09-20,20.9496,19.849,-5.253648988819803,2,stop,2021
XLE,breakout_20d,2021-09-24,2021-11-18,21.221,23.9771,12.987731178460571,39,channel,2021
XLY,breakout_20d,2021-09-28,2021-09-30,88.8892,86.4342,-2.761837171441206,2,stop,2021
MDY,breakout_20d,2021-10-15,2021-11-26,475.9663,477.003,0.21779689149838966,29,channel,2021
XLB,breakout_20d,2021-10-15,2021-11-24,38.3983,39.9437,4.0246029604178,28,channel,2021
SPY,breakout_20d,2021-10-18,2021-11-26,416.6937,429.9114,3.1720572723159535,28,channel,2021
DIA,breakout_20d,2021-10-18,2021-11-18,323.7258,330.4447,2.075514376765941,23,channel,2021
XLF,breakout_20d,2021-10-18,2021-11-17,36.3491,36.4789,0.3570407502996087,22,channel,2021
XLI,breakout_20d,2021-10-18,2021-11-26,95.26,95.9154,0.6879309237901587,28,channel,2021
XLY,breakout_20d,2021-10-18,2021-12-01,90.7267,96.3734,6.223888174976255,31,channel,2021
XLK,breakout_20d,2021-10-19,2022-01-06,76.1307,80.8639,6.217306236273479,55,channel,2021
QQQ,breakout_20d,2021-10-20,2021-12-01,365.6155,375.7362,2.768129911236672,29,channel,2021
XLU,breakout_20d,2021-10-21,2021-11-30,29.0459,28.477,-1.9587768215610257,27,channel,2021
XLP,breakout_20d,2021-10-25,2021-11-30,62.8796,61.9172,-1.5306410858267783,25,channel,2021
IWM,breakout_20d,2021-10-26,2021-10-27,217.0216,210.4999,-3.0050812505782676,1,stop,2021
XLV,breakout_20d,2021-10-26,2021-11-22,122.398,122.3753,-0.018489498107865376,19,channel,2021
TLT,breakout_20d,2021-10-28,2021-11-15,125.6148,123.5617,-1.6344485187059887,12,channel,2021
SMH,breakout_20d,2021-10-29,2022-01-07,131.4762,144.6577,10.025721617778238,48,channel,2021
EFA,breakout_20d,2021-10-29,2021-11-19,68.6422,68.5648,-0.11277865621619476,15,channel,2021
IWM,breakout_20d,2021-11-02,2021-11-18,221.1256,221.1357,0.004576467345063229,12,channel,2021
GLD,breakout_20d,2021-11-08,2021-11-22,170.6004,168.5713,-1.1894209574905612,10,channel,2021
TLT,breakout_20d,2021-12-02,2021-12-08,130.3074,126.4927,-2.9274360389963228,4,stop,2021
XLU,breakout_20d,2021-12-07,2022-01-18,29.6924,29.9227,0.7757304401545095,28,channel,2021
XLP,breakout_20d,2021-12-13,2022-02-24,65.4658,65.2241,-0.3691341426255823,50,channel,2021
XLV,breakout_20d,2021-12-14,2022-01-06,125.2604,125.3235,0.050379533037925306,16,channel,2021
EFA,breakout_20d,2021-12-27,2022-01-10,68.3399,67.9004,-0.6430990676485449,10,channel,2021
GLD,breakout_20d,2021-12-28,2022-01-06,169.4993,166.823,-1.5789539205107284,7,channel,2021
SPY,breakout_20d,2021-12-28,2022-01-07,449.9453,436.9498,-2.888235277287121,8,stop,2021
DIA,breakout_20d,2021-12-28,2022-01-18,335.8432,326.9984,-2.6335886418810017,14,stop,2021
QQQ,breakout_20d,2021-12-28,2022-01-05,393.7962,378.4117,-3.9067201273667695,6,stop,2021
MDY,breakout_20d,2021-12-28,2022-01-10,488.0705,478.601,-1.940182653106426,9,channel,2021
XLB,breakout_20d,2021-12-28,2022-01-10,40.9998,40.3653,-1.5475254951818562,9,channel,2021
XLI,breakout_20d,2021-12-29,2022-01-19,98.5076,96.5104,-2.0274483344353333,14,channel,2021
XLE,breakout_20d,2022-01-04,2022-03-31,24.811,32.9461,32.78788997128945,60,time,2022
XLY,breakout_20d,2022-01-04,2022-01-06,101.4851,97.6524,-3.7766338512890574,2,gap_stop,2022
XLF,breakout_20d,2022-01-05,2022-01-19,37.6904,36.3878,-3.4558466409994937,9,stop,2022
GLD,breakout_20d,2022-01-20,2022-01-27,172.4823,167.852,-2.6845207219044376,5,gap_stop,2022
GLD,breakout_20d,2022-02-14,2022-04-25,173.9538,176.873,1.6781321401210025,48,channel,2022
XLU,breakout_20d,2022-03-07,2022-04-22,31.067,32.6178,4.991941407188305,33,channel,2022
XLV,breakout_20d,2022-03-17,2022-04-22,124.2725,124.439,0.13395056537326422,25,channel,2022
XLI,breakout_20d,2022-03-18,2022-04-05,95.5913,94.1548,-1.5028469806374511,12,channel,2022
DIA,breakout_20d,2022-03-21,2022-04-22,322.0254,313.7633,-2.5656479321158887,23,channel,2022
XLB,breakout_20d,2022-03-21,2022-04-22,39.5604,39.3026,-0.6516718291532664,23,channel,2022
SPY,breakout_20d,2022-03-23,2022-04-11,422.2343,414.7999,-1.7607307817116502,13,channel,2022
XLF,breakout_20d,2022-03-23,2022-04-01,36.443,35.47,-2.6699906178766053,7,channel,2022
SMH,breakout_20d,2022-03-25,2022-04-05,134.7972,125.7867,-6.684456149154605,7,channel,2022
XLK,breakout_20d,2022-03-25,2022-04-08,76.8567,73.7281,-4.070707299115339,10,channel,2022
XLY,breakout_20d,2022-03-29,2022-04-06,92.0299,87.0877,-5.370181870092761,6,stop,2022
QQQ,breakout_20d,2022-03-30,2022-04-06,360.0417,342.0162,-5.0064985149844805,5,stop,2022
XLP,breakout_20d,2022-03-30,2022-04-29,67.5973,69.1728,2.330783343036047,21,channel,2022
MDY,breakout_20d,2022-03-30,2022-04-05,478.6012,458.9412,-4.107792340161187,4,stop,2022
XLE,breakout_20d,2022-04-11,2022-04-25,33.9794,31.8082,-6.389726025262011,9,gap_stop,2022
XLE,breakout_20d,2022-05-05,2022-05-09,35.5557,33.2873,-6.379897189716532,2,stop,2022
XLE,breakout_20d,2022-05-18,2022-06-13,36.4799,36.2389,-0.6605772977888558,17,channel,2022
XLV,breakout_20d,2022-05-31,2022-06-09,123.9139,119.189,-3.8130685150059462,7,stop,2022
XLU,breakout_20d,2022-05-31,2022-06-09,32.868,31.6192,-3.7995553083766453,7,stop,2022
SPY,breakout_20d,2023-05-01,2023-05-04,399.1807,389.3208,-2.4700427863231345,3,stop,2023
DIA,breakout_20d,2023-05-01,2023-05-03,323.5116,316.3906,-2.2011421342002624,2,stop,2023
QQQ,breakout_20d,2023-05-01,2023-07-27,316.4451,369.7866,16.856489214226468,60,time,2023
XLP,breakout_20d,2023-05-01,2023-05-17,70.828,69.4035,-2.011267759859958,12,stop,2023
XLK,breakout_20d,2023-05-11,2023-08-02,74.2217,85.3203,14.953221896648007,56,channel,2023
SMH,breakout_20d,2023-05-18,2023-08-09,128.4788,148.1306,15.295690066356338,56,channel,2023
XLY,breakout_20d,2023-05-18,2023-07-27,73.5139,82.805,12.638653075028273,47,channel,2023
SPY,breakout_20d,2023-05-19,2023-05-24,403.6964,394.242,-2.341962376934026,3,stop,2023
SPY,breakout_20d,2023-06-05,2023-08-02,411.4885,433.221,5.281438569310071,40,channel,2023
DIA,breakout_20d,2023-06-05,2023-08-04,321.4651,333.6273,3.7833533280835274,42,channel,2023
IWM,breakout_20d,2023-06-05,2023-06-22,174.6518,176.7816,1.219443252097796,12,channel,2023
XLI,breakout_20d,2023-06-05,2023-08-04,96.5831,103.559,7.2226406077686045,42,channel,2023
MDY,breakout_20d,2023-06-05,2023-06-23,439.1756,441.927,0.6264775365319775,13,channel,2023
EEM,breakout_20d,2023-06-07,2023-06-23,36.871,36.4346,-1.1836976845356229,11,channel,2023
XLB,breakout_20d,2023-06-08,2023-08-08,37.6076,39.2443,4.351928130235105,41,channel,2023
EFA,breakout_20d,2023-06-15,2023-06-23,66.2989,64.4025,-2.8603918405810447,5,gap_stop,2023
XLF,breakout_20d,2023-06-16,2023-06-23,32.1224,31.0874,-3.222110160925673,4,gap_stop,2023
MDY,breakout_20d,2023-06-30,2023-08-15,462.5563,462.8944,0.07309651927516203,31,channel,2023
XLF,breakout_20d,2023-07-03,2023-08-15,32.1806,32.5927,1.2804687646005286,30,channel,2023
XLV,breakout_20d,2023-07-03,2023-07-07,125.989,122.9807,-2.3877515793382265,3,stop,2023
XLP,breakout_20d,2023-07-05,2023-08-04,68.6825,68.7386,0.0817384541855759,22,channel,2023
XLE,breakout_20d,2023-07-12,2023-09-21,38.1401,40.7536,6.852412764937599,50,channel,2023
IWM,breakout_20d,2023-07-12,2023-08-15,186.2469,181.4198,-2.5917686352988967,24,channel,2023
EEM,breakout_20d,2023-07-14,2023-08-08,38.3436,37.0857,-3.2806508074435414,17,gap_stop,2023
EFA,breakout_20d,2023-07-14,2023-08-02,67.629,66.0279,-2.367567584605468,13,stop,2023
GLD,breakout_20d,2023-07-19,2023-07-27,183.6334,180.2396,-1.8481757168273494,6,channel,2023
XLV,breakout_20d,2023-07-21,2023-08-03,128.5211,126.2312,-1.7816884074567607,9,channel,2023
XLU,breakout_20d,2023-07-21,2023-08-03,30.9703,29.9846,-3.1826590874509786,9,stop,2023
XLK,breakout_20d,2023-09-01,2023-09-12,86.7325,83.7476,-3.4415386137450987,6,stop,2023
XLY,breakout_20d,2023-09-12,2023-09-21,84.3335,80.5596,-4.474883755687009,7,gap_stop,2023
XLF,breakout_20d,2023-09-15,2023-09-21,33.202,32.4608,-2.2324619652650313,4,channel,2023
SMH,breakout_20d,2023-10-13,2023-10-17,150.5207,143.8663,-4.420894003625464,2,stop,2023
GLD,breakout_20d,2023-10-19,2023-11-08,181.221,180.5892,-0.3486344823209975,14,channel,2023
XLK,breakout_20d,2023-11-07,2024-01-02,85.241,92.1882,8.150089578105725,37,channel,2023
SMH,breakout_20d,2023-11-13,2023-12-04,154.3524,156.4882,1.3837188634734598,14,channel,2023
SPY,breakout_20d,2023-11-13,2024-01-04,425.0708,453.1429,6.604097996043801,35,channel,2023
DIA,breakout_20d,2023-11-13,2024-02-09,327.9421,371.4599,13.269950099634054,60,time,2023
QQQ,breakout_20d,2023-11-13,2024-01-03,371.2308,392.6576,5.771828757831576,34,channel,2023
XLF,breakout_20d,2023-11-15,2024-01-16,33.1395,35.9106,8.361966244269903,40,channel,2023
XLI,breakout_20d,2023-11-15,2024-01-03,101.0607,107.3702,6.243341793756452,32,channel,2023
XLY,breakout_20d,2023-11-15,2024-01-02,82.3796,86.657,5.192318549966535,31,channel,2023
EEM,breakout_20d,2023-11-15,2023-12-05,36.9922,36.3137,-1.834210449972884,13,channel,2023
EFA,breakout_20d,2023-11-15,2024-01-17,64.7591,67.3094,3.9380804958651705,41,channel,2023
MDY,breakout_20d,2023-11-15,2024-01-03,448.625,479.6791,6.922057945208326,32,channel,2023
XLB,breakout_20d,2023-11-22,2024-01-16,38.3208,39.3559,2.7012296202067576,35,channel,2023
XLV,breakout_20d,2023-11-24,2024-02-22,124.919,141.0092,12.88050709970554,60,time,2023
GLD,breakout_20d,2023-11-28,2023-12-11,188.0879,184.3006,-2.0135986020536567,9,stop,2023
IWM,breakout_20d,2023-12-04,2024-01-03,178.8405,188.832,5.586810730405922,20,channel,2023
SMH,breakout_20d,2023-12-12,2024-01-02,163.5167,167.5349,2.4573358693667613,13,channel,2023
TLT,breakout_20d,2023-12-14,2024-01-05,88.2309,86.8194,-1.5998404068456429,14,channel,2023
XLP,breakout_20d,2023-12-14,2023-12-20,67.2158,65.782,-2.1331384856755564,4,stop,2023
XLU,breakout_20d,2023-12-14,2023-12-15,30.5942,29.5938,-3.269972833426016,1,stop,2023
EEM,breakout_20d,2023-12-15,2024-01-09,37.4489,36.953,-1.3240539184681266,15,channel,2023
GLD,breakout_20d,2023-12-28,2024-01-03,192.5323,188.2916,-2.202624142805565,3,stop,2023
XLP,breakout_20d,2024-01-02,2024-03-28,67.1732,71.8515,6.9645947823012255,60,time,2024
SMH,breakout_20d,2024-01-19,2024-04-15,181.2029,215.5139,18.93509186543929,59,channel,2024
XLK,breakout_20d,2024-01-19,2024-04-04,97.0545,100.5527,3.6044088431270493,52,channel,2024
QQQ,breakout_20d,2024-01-19,2024-04-04,410.1265,429.708,4.774492064644309,52,channel,2024
SPY,breakout_20d,2024-01-22,2024-04-04,470.3064,499.0934,6.120894186011783,51,channel,2024
XLF,breakout_20d,2024-01-23,2024-04-10,36.7052,39.4728,7.539873285156928,54,channel,2024
XLI,breakout_20d,2024-02-02,2024-04-12,110.8855,119.0768,7.387195865904395,48,channel,2024
XLY,breakout_20d,2024-02-05,2024-03-15,86.0217,87.0972,1.2502944527529758,28,channel,2024
EEM,breakout_20d,2024-02-07,2024-04-12,37.5113,38.4126,2.402590270223115,45,channel,2024
MDY,breakout_20d,2024-02-12,2024-04-10,498.8312,522.656,4.776120049122912,40,channel,2024
DIA,breakout_20d,2024-02-13,2024-04-04,370.6155,372.2634,0.44462480492681866,35,channel,2024
IWM,breakout_20d,2024-02-13,2024-03-14,191.1781,196.4455,2.755230073360293,21,channel,2024
XLE,breakout_20d,2024-02-16,2024-04-16,39.7524,43.9152,10.471960373548495,40,channel,2024
XLB,breakout_20d,2024-02-16,2024-04-12,40.6729,43.0549,5.856475235378333,38,channel,2024
EFA,breakout_20d,2024-02-20,2024-04-10,70.6176,72.0876,2.081728636912894,35,channel,2024
XLV,breakout_20d,2024-02-26,2024-02-29,141.8772,138.881,-2.111852883272014,3,stop,2024
GLD,breakout_20d,2024-03-04,2024-04-30,194.3441,211.6581,8.908928710224128,40,channel,2024
XLU,breakout_20d,2024-03-05,2024-04-12,29.2955,30.0639,2.622835491968356,27,channel,2024
TLT,breakout_20d,2024-03-06,2024-03-14,86.82,84.7409,-2.3946719909454406,6,stop,2024
XLV,breakout_20d,2024-03-28,2024-04-02,142.534,138.9508,-2.5139792271644312,2,gap_stop,2024
IWM,breakout_20d,2024-04-01,2024-04-02,205.8757,199.2183,-3.2337353834716254,1,stop,2024
XLU,breakout_20d,2024-04-24,2024-05-29,30.8467,33.0188,7.041552088915881,24,channel,2024
EEM,breakout_20d,2024-05-03,2024-05-29,40.2084,40.1091,-0.2469340728053382,17,channel,2024
XLP,breakout_20d,2024-05-08,2024-05-28,72.3536,71.9832,-0.5119093381248274,13,channel,2024
DIA,breakout_20d,2024-05-09,2024-05-28,377.1585,375.5066,-0.43797635903275456,12,channel,2024
XLF,breakout_20d,2024-05-09,2024-05-28,39.9097,39.7238,-0.465869985149836,12,channel,2024
SPY,breakout_20d,2024-05-10,2024-05-30,508.6115,508.3735,-0.046793601079653246,13,channel,2024
XLV,breakout_20d,2024-05-10,2024-05-28,138.2654,137.2005,-0.77013603162297,11,channel,2024
XLI,breakout_20d,2024-05-10,2024-05-23,122.4607,119.9779,-2.0274255052884604,9,channel,2024
EFA,breakout_20d,2024-05-10,2024-05-29,74.2246,73.4134,-1.0928591662818121,12,channel,2024
MDY,breakout_20d,2024-05-10,2024-05-23,535.1681,524.8823,-1.9219658724052846,9,channel,2024
XLB,breakout_20d,2024-05-13,2024-05-23,44.1438,43.3661,-1.7617250207923152,8,channel,2024
SMH,breakout_20d,2024-05-15,2024-07-17,227.7778,252.0608,10.66082011780789,42,channel,2024
XLK,breakout_20d,2024-05-15,2024-07-17,103.4887,110.7226,6.989999625227727,42,channel,2024
QQQ,breakout_20d,2024-05-15,2024-07-18,443.5148,474.0391,6.882349969169588,43,channel,2024
IWM,breakout_20d,2024-05-15,2024-05-23,204.3519,197.7303,-3.240329310028378,6,stop,2024
TLT,breakout_20d,2024-05-16,2024-05-28,84.5746,82.724,-2.188069893465028,7,stop,2024
GLD,breakout_20d,2024-05-20,2024-05-23,224.0138,218.0321,-2.670250559351195,3,stop,2024
TLT,breakout_20d,2024-06-05,2024-06-10,85.4239,83.4198,-2.3460124619614775,3,gap_stop,2024
SPY,breakout_20d,2024-06-06,2024-07-19,521.4485,535.7577,2.74412841334315,29,channel,2024
EFA,breakout_20d,2024-06-07,2024-06-11,75.1286,73.7133,-1.8837824997528618,2,stop,2024
TLT,breakout_20d,2024-06-14,2024-06-28,86.7282,84.613,-2.438893400932074,9,stop,2024
XLY,breakout_20d,2024-06-18,2024-07-24,89.0631,89.0714,0.00938426727814523,24,channel,2024
XLV,breakout_20d,2024-06-25,2024-07-01,142.4541,139.6894,-1.940762374608207,4,stop,2024
XLP,breakout_20d,2024-06-25,2024-07-01,73.7359,72.1735,-2.1188624810600354,4,stop,2024
EEM,breakout_20d,2024-07-05,2024-07-19,41.7099,40.8933,-1.9579119181505789,10,stop,2024
GLD,breakout_20d,2024-07-08,2024-07-25,219.8596,218.1117,-0.7950379454236267,13,channel,2024
DIA,breakout_20d,2024-07-11,2024-08-02,385.7356,384.7901,-0.2451053742904441,16,channel,2024
EFA,breakout_20d,2024-07-11,2024-07-19,76.0643,74.498,-2.0592367857795946,6,stop,2024
XLF,breakout_20d,2024-07-12,2024-08-02,40.9708,40.763,-0.507311942097044,15,channel,2024
IWM,breakout_20d,2024-07-12,2024-08-02,208.5563,202.407,-2.9485271326363582,15,stop,2024
MDY,breakout_20d,2024-07-12,2024-08-02,537.9153,524.1697,-2.5553532145018765,15,stop,2024
XLU,breakout_20d,2024-07-12,2024-10-07,33.5787,37.7546,12.436287159427462,60,time,2024
XLV,breakout_20d,2024-07-15,2024-08-05,143.9825,141.7544,-1.5475412731527194,15,channel,2024
XLI,breakout_20d,2024-07-16,2024-08-02,122.1995,119.2244,-2.4346516199728496,13,stop,2024
XLB,breakout_20d,2024-07-17,2024-07-22,44.3348,43.1971,-2.5661363031929674,3,stop,2024
XLE,breakout_20d,2024-07-18,2024-07-23,43.7551,42.3231,-3.2727376767801575,3,stop,2024
XLP,breakout_20d,2024-07-18,2024-10-03,74.5243,77.3917,3.8475433202524334,54,channel,2024
TLT,breakout_20d,2024-08-01,2024-08-30,87.9597,89.0296,1.2163376827620587,21,channel,2024
XLV,breakout_20d,2024-08-16,2024-10-03,147.6779,146.8278,-0.5756340290652862,33,channel,2024
GLD,breakout_20d,2024-08-19,2024-10-08,230.3801,242.1276,5.099172625432136,35,channel,2024
EEM,breakout_20d,2024-08-19,2024-09-03,41.7195,40.5673,-2.7617252532935455,10,channel,2024
SPY,breakout_20d,2024-08-20,2024-09-03,546.7654,538.7733,-1.461708571176834,9,channel,2024
EFA,breakout_20d,2024-08-20,2024-09-06,76.1864,74.7508,-1.8842441705619772,12,channel,2024
DIA,breakout_20d,2024-08-26,2024-09-06,400.9416,392.2181,-2.175762177402596,8,channel,2024
XLF,breakout_20d,2024-08-26,2024-09-11,43.2918,42.1438,-2.6517603670404344,11,stop,2024
XLI,breakout_20d,2024-08-26,2024-09-05,126.213,123.647,-2.033106009941288,7,channel,2024
XLB,breakout_20d,2024-09-03,2024-09-06,44.788,43.5666,-2.7269625151174592,3,stop,2024
TLT,breakout_20d,2024-09-05,2024-09-23,92.1417,91.3374,-0.8729042172416657,12,channel,2024
XLY,breakout_20d,2024-09-12,2024-10-23,93.06,95.5371,2.6618165172623387,29,channel,2024
DIA,breakout_20d,2024-09-17,2024-10-25,406.4314,409.7373,0.8134006659526793,28,channel,2024
SPY,breakout_20d,2024-09-20,2024-10-31,556.966,556.6364,-0.059181257675533505,29,channel,2024
XLI,breakout_20d,2024-09-20,2024-10-31,129.6421,130.5347,0.6885211946986214,29,channel,2024
MDY,breakout_20d,2024-09-20,2024-10-31,557.7894,553.5334,-0.763021574964784,29,channel,2024
XLB,breakout_20d,2024-09-20,2024-10-24,45.6171,45.6953,0.17149332008576934,24,channel,2024
EEM,breakout_20d,2024-09-24,2024-10-15,43.1825,43.1249,-0.1335049672858024,15,channel,2024
SMH,breakout_20d,2024-09-27,2024-10-01,251.5421,235.9113,-6.214005913921039,2,stop,2024
XLK,breakout_20d,2024-09-27,2024-10-31,112.7188,109.8734,-2.524396797819062,24,channel,2024
QQQ,breakout_20d,2024-09-27,2024-10-31,486.5775,479.0218,-1.5528376138148614,24,channel,2024
EFA,breakout_20d,2024-09-27,2024-10-03,79.096,76.924,-2.746011214108668,4,gap_stop,2024
XLE,breakout_20d,2024-10-03,2024-12-04,43.131,43.6075,1.1047064133655748,43,channel,2024
XLF,breakout_20d,2024-10-10,2024-10-31,44.6573,45.2101,1.2377410780986198,15,channel,2024
SMH,breakout_20d,2024-10-14,2024-10-15,256.8375,243.5392,-5.177682527525162,1,stop,2024
IWM,breakout_20d,2024-10-17,2024-10-23,223.0181,215.5628,-3.3428954385882226,4,stop,2024
XLU,breakout_20d,2024-10-17,2024-10-29,39.2779,38.073,-3.0674676598985706,8,gap_stop,2024
GLD,breakout_20d,2024-10-18,2024-11-06,250.25,244.9712,-2.1094218806708143,13,stop,2024
SPY,breakout_20d,2024-11-07,2024-12-18,581.7226,573.904,-1.3440544334622717,28,channel,2024
DIA,breakout_20d,2024-11-07,2024-12-10,426.5358,431.9393,1.2668348712637112,22,channel,2024
XLF,breakout_20d,2024-11-07,2024-12-09,48.1855,48.3518,0.34522488916117755,21,channel,2024
QQQ,breakout_20d,2024-11-07,2024-12-18,504.3344,511.3162,1.3843682206563512,28,channel,2024
IWM,breakout_20d,2024-11-07,2024-11-15,232.8269,224.083,-3.755536515697544,6,stop,2024
XLI,breakout_20d,2024-11-07,2024-11-19,138.6147,134.6606,-2.852598245090132,8,gap_stop,2024
XLY,breakout_20d,2024-11-07,2024-12-31,103.5075,110.6583,6.908477576509653,36,channel,2024
MDY,breakout_20d,2024-11-07,2024-11-19,589.2576,570.0043,-3.267388069334154,8,gap_stop,2024
XLK,breakout_20d,2024-11-08,2024-11-15,117.4646,113.3463,-3.50598585182339,5,stop,2024
MDY,breakout_20d,2024-11-25,2024-12-10,604.4672,589.2449,-2.5182867535529008,10,channel,2024
IWM,breakout_20d,2024-11-26,2024-12-10,237.0433,232.1753,-2.053624640542784,9,channel,2024
XLP,breakout_20d,2024-11-26,2024-12-16,78.5398,77.7824,-0.9643431560275251,13,channel,2024
XLU,breakout_20d,2024-11-27,2024-12-03,39.5969,38.3671,-3.105816934368588,3,stop,2024
TLT,breakout_20d,2024-11-29,2024-12-12,87.5602,85.1643,-2.736338103694691,9,stop,2024
XLK,breakout_20d,2024-12-05,2024-12-18,119.2628,115.631,-3.045264186847352,9,stop,2024
GLD,breakout_20d,2024-12-12,2024-12-18,248.0578,241.8349,-2.5086705238472673,4,stop,2024
SMH,breakout_20d,2024-12-17,2024-12-19,248.8498,237.1134,-4.716232121398156,2,stop,2024
SMH,breakout_20d,2025-01-07,2025-01-08,262.8655,249.7766,-4.979331188850489,1,stop,2025
XLE,breakout_20d,2025-01-14,2025-01-31,43.039,41.7849,-2.9138711546500273,12,channel,2025
GLD,breakout_20d,2025-01-17,2025-02-27,249.9497,264.6651,5.887330898081422,27,channel,2025
XLF,breakout_20d,2025-01-17,2025-02-21,48.851,49.5739,1.479872350372613,23,channel,2025
XLU,breakout_20d,2025-01-17,2025-01-27,37.7787,36.4949,-3.3980770521305215,5,stop,2025
XLI,breakout_20d,2025-01-21,2025-02-03,136.4931,132.7722,-2.7260613651931,9,stop,2025
DIA,breakout_20d,2025-01-22,2025-02-21,432.0644,424.6648,-1.7126245859133138,21,channel,2025
EFA,breakout_20d,2025-01-22,2025-03-28,74.6747,78.295,4.8480507250947324,46,channel,2025
MDY,breakout_20d,2025-01-22,2025-02-03,592.3095,568.4652,-4.025647693168688,8,gap_stop,2025
SMH,breakout_20d,2025-01-23,2025-01-27,262.4663,241.4861,-7.993487845551184,2,gap_stop,2025
SPY,breakout_20d,2025-01-23,2025-02-03,596.199,581.0334,-2.5437039839118047,7,stop,2025
QQQ,breakout_20d,2025-01-23,2025-01-27,525.6556,506.7166,-3.60293203011649,2,gap_stop,2025
EEM,breakout_20d,2025-01-27,2025-02-28,41.0334,41.9315,2.1887772101566894,23,channel,2025
XLV,breakout_20d,2025-01-28,2025-02-14,143.9059,140.9512,-2.053210020760332,13,channel,2025
XLP,breakout_20d,2025-01-28,2025-03-11,76.7494,78.2382,1.9398373503826338,29,channel,2025
XLY,breakout_20d,2025-01-31,2025-02-03,115.3971,111.6514,-3.2459643087904833,1,stop,2025
QQQ,breakout_20d,2025-02-14,2025-02-24,532.5811,515.4975,-3.2076881578365413,5,stop,2025
SPY,breakout_20d,2025-02-19,2025-02-24,600.4111,587.3001,-2.183684761465876,3,stop,2025
XLB,breakout_20d,2025-02-19,2025-03-03,43.7526,42.5343,-2.784427454864602,8,stop,2025
TLT,breakout_20d,2025-02-26,2025-03-26,86.2927,84.2651,-2.349684905955818,20,channel,2025
XLV,breakout_20d,2025-02-26,2025-03-11,144.6569,142.1777,-1.7138665303326084,9,channel,2025
GLD,breakout_20d,2025-03-14,2025-04-07,276.5463,273.4363,-1.1245776928163975,16,channel,2025
XLE,breakout_20d,2025-03-25,2025-04-03,44.9009,43.0108,-4.20959849560486,7,stop,2025
XLU,breakout_20d,2025-04-03,2025-04-04,38.3563,37.2011,-3.011629569463592,1,stop,2025
GLD,breakout_20d,2025-04-11,2025-05-01,298.258,297.1625,-0.3672726837951501,13,channel,2025
EFA,breakout_20d,2025-04-28,2025-06-17,80.1357,83.9977,4.819228343064785,35,channel,2025
XLF,breakout_20d,2025-05-05,2025-06-13,48.4685,48.9795,1.0542783659478916,28,channel,2025
XLI,breakout_20d,2025-05-05,2025-06-18,131.789,139.8346,6.104874745451383,31,channel,2025
EEM,breakout_20d,2025-05-05,2025-05-30,44.2032,44.1731,-0.06807396720567294,18,channel,2025
XLU,breakout_20d,2025-05-07,2025-08-04,38.8689,42.433,9.169704245206468,60,time,2025
SMH,breakout_20d,2025-05-13,2025-08-08,238.5468,292.3269,22.544873086000862,60,time,2025
SPY,breakout_20d,2025-05-13,2025-08-01,575.891,614.2916,6.66803520339152,55,channel,2025
DIA,breakout_20d,2025-05-13,2025-07-31,415.2706,434.4647,4.622082716006526,54,channel,2025
XLK,breakout_20d,2025-05-13,2025-08-08,113.5889,132.1336,16.32616999115919,60,time,2025
QQQ,breakout_20d,2025-05-13,2025-08-01,506.6573,550.674,8.687670830748772,55,channel,2025
XLY,breakout_20d,2025-05-13,2025-08-01,105.9418,107.1048,1.0978116098828705,55,channel,2025
MDY,breakout_20d,2025-05-19,2025-08-01,550.0845,560.2017,1.8392036643475107,51,channel,2025
EEM,breakout_20d,2025-06-06,2025-07-31,45.5159,47.5797,4.534213620607308,37,channel,2025
GLD,breakout_20d,2025-06-16,2025-06-24,315.1148,304.7649,-3.2844699345141337,5,gap_stop,2025
XLE,breakout_20d,2025-06-16,2025-07-21,42.301,41.2084,-2.5828802675078255,23,channel,2025
XLF,breakout_20d,2025-06-25,2025-07-15,50.8524,50.8098,-0.0837250088431607,13,channel,2025
IWM,breakout_20d,2025-06-27,2025-07-31,214.0429,216.9176,1.3430413235153704,23,channel,2025
XLI,breakout_20d,2025-06-27,2025-09-23,144.0493,151.5653,5.21763319687818,60,time,2025
EFA,breakout_20d,2025-06-30,2025-07-15,86.2564,85.0215,-1.431636041677109,10,channel,2025
XLB,breakout_20d,2025-07-02,2025-07-31,44.4898,43.0715,-3.187972048209975,20,gap_stop,2025
GLD,breakout_20d,2025-07-22,2025-07-25,314.7945,306.9276,-2.4990471430759054,3,stop,2025
EFA,breakout_20d,2025-07-24,2025-07-28,88.1438,86.2635,-2.1332145726695284,2,stop,2025
XLF,breakout_20d,2025-07-28,2025-08-01,52.6168,50.8787,-3.303357930432016,4,gap_stop,2025
TLT,breakout_20d,2025-08-04,2025-08-15,84.8446,83.1733,-1.9697879442120092,9,channel,2025
XLP,breakout_20d,2025-08-08,2025-08-25,80.1689,78.7936,-1.7154219937976167,11,channel,2025
SMH,breakout_20d,2025-08-13,2025-08-20,301.2046,288.8113,-4.1145721242527244,5,gap_stop,2025
SPY,breakout_20d,2025-08-13,2025-08-20,638.4803,625.6063,-2.0163632840494605,5,stop,2025
XLK,breakout_20d,2025-08-13,2025-08-19,134.31,130.328,-2.9647836974940334,4,stop,2025
QQQ,breakout_20d,2025-08-13,2025-08-19,580.5468,566.1901,-2.472948014573617,4,stop,2025
IWM,breakout_20d,2025-08-13,2025-10-10,226.1395,235.7771,4.261809738991884,41,channel,2025
XLY,breakout_20d,2025-08-14,2025-10-10,113.5024,113.5797,0.06810066871094644,40,channel,2025
EEM,breakout_20d,2025-08-14,2025-10-10,48.9611,50.8915,3.9426971847074332,40,channel,2025
EFA,breakout_20d,2025-08-14,2025-09-02,88.2986,87.4943,-0.9108631297743197,12,channel,2025
MDY,breakout_20d,2025-08-14,2025-09-25,578.3285,585.0989,1.1706831951704633,29,channel,2025
DIA,breakout_20d,2025-08-25,2025-10-10,449.7165,449.3396,-0.0838095565821706,33,channel,2025
XLF,breakout_20d,2025-08-25,2025-10-10,52.7056,51.4805,-2.3243981979350736,33,channel,2025
XLE,breakout_20d,2025-08-28,2025-09-08,43.3198,41.9518,-3.1579726481389403,6,stop,2025
SPY,breakout_20d,2025-08-28,2025-09-02,640.7872,629.309,-1.7912520160520917,2,stop,2025
GLD,breakout_20d,2025-08-29,2025-10-27,315.0347,366.643,16.3817747877957,40,channel,2025
TLT,breakout_20d,2025-09-08,2025-09-22,86.3387,85.712,-0.7258147068885501,10,channel,2025
SPY,breakout_20d,2025-09-11,2025-10-10,647.6579,647.0066,-0.10056561657838525,21,channel,2025
XLK,breakout_20d,2025-09-11,2025-11-18,135.3506,138.8261,2.567731305625376,48,channel,2025
SMH,breakout_20d,2025-09-12,2025-11-07,304.4178,346.6931,13.887252442909116,40,channel,2025
QQQ,breakout_20d,2025-09-12,2025-10-10,582.8181,586.7673,0.6775886732270697,20,channel,2025
XLV,breakout_20d,2025-09-12,2025-09-25,136.9768,133.4936,-2.5429002369252274,9,stop,2025
EFA,breakout_20d,2025-09-16,2025-09-25,90.515,88.8177,-1.8752291604106186,7,gap_stop,2025
XLU,breakout_20d,2025-09-24,2025-10-30,42.0591,43.8928,4.359832192246538,26,channel,2025
XLE,breakout_20d,2025-09-25,2025-10-09,44.2182,42.8743,-3.0392529889541886,10,channel,2025
XLV,breakout_20d,2025-10-02,2025-12-08,140.4891,149.3616,6.315479850071792,46,channel,2025
EFA,breakout_20d,2025-10-02,2025-10-10,91.5023,89.9026,-1.7482045598333662,6,stop,2025
TLT,breakout_20d,2025-10-15,2025-10-31,88.3784,87.5522,-0.934909574264231,12,channel,2025
IWM,breakout_20d,2025-10-16,2025-10-17,249.3438,240.0258,-3.7370002231139177,1,stop,2025
EEM,breakout_20d,2025-10-21,2025-11-20,53.5951,52.1001,-2.7893789861001106,22,stop,2025
SPY,breakout_20d,2025-10-27,2025-11-07,677.7972,661.7595,-2.3661621568022873,9,gap_stop,2025
DIA,breakout_20d,2025-10-27,2025-11-17,470.0853,459.2468,-2.305631776636463,15,stop,2025
QQQ,breakout_20d,2025-10-27,2025-11-07,622.8694,605.0778,-2.85639425776516,9,stop,2025
EFA,breakout_20d,2025-10-28,2025-11-04,92.5572,90.3438,-2.3913704840833883,5,gap_stop,2025
XLE,breakout_20d,2025-11-11,2025-11-24,44.4923,42.9774,-3.404717905097321,9,stop,2025
EFA,breakout_20d,2025-11-12,2025-11-17,93.2154,91.3774,-1.9717708891891506,3,gap_stop,2025
XLB,breakout_20d,2025-12-01,2025-12-09,44.0935,42.7565,-3.0320594367958975,6,stop,2025
GLD,breakout_20d,2025-12-02,2026-03-02,389.2589,489.51,25.754361396180926,60,time,2025
SMH,breakout_20d,2025-12-04,2025-12-16,362.4953,350.4974,-3.3098003187160274,8,channel,2025
IWM,breakout_20d,2025-12-04,2025-12-31,247.3567,244.8948,-0.9952994939483095,18,channel,2025
MDY,breakout_20d,2025-12-05,2026-03-05,602.7852,634.1977,5.21122788817534,60,time,2025
SPY,breakout_20d,2025-12-08,2025-12-16,681.6294,672.6186,-1.3219539191529628,6,channel,2025
QQQ,breakout_20d,2025-12-08,2025-12-15,625.5523,607.7097,-2.852292006821644,5,channel,2025
XLK,breakout_20d,2025-12-11,2025-12-16,146.6267,141.0368,-3.812354251664818,3,stop,2025
XLI,breakout_20d,2025-12-11,2026-03-05,154.7068,170.9856,10.522355264621929,56,channel,2025
DIA,breakout_20d,2025-12-12,2026-02-23,484.4972,484.6741,0.036502939625626674,47,channel,2025
XLF,breakout_20d,2025-12-12,2026-01-13,54.5504,53.7106,-1.5395115340232857,20,channel,2025
EFA,breakout_20d,2025-12-12,2026-03-03,93.9413,98.4323,4.780618291857319,53,channel,2025
XLB,breakout_20d,2025-12-12,2026-03-03,44.9528,51.4659,14.488697723515354,53,channel,2025
XLY,breakout_20d,2025-12-15,2025-12-31,121.1156,118.8147,-1.899768642092281,11,channel,2025
XLP,breakout_20d,2025-12-16,2025-12-23,78.2477,76.5568,-2.160933079301275,5,stop,2025
SPY,breakout_20d,2025-12-24,2026-01-20,684.9977,673.3242,-1.704169980702963,16,channel,2025
EEM,breakout_20d,2025-12-29,2026-03-03,54.2923,58.0598,6.939239307600342,43,channel,2025
SMH,breakout_20d,2026-01-06,2026-02-04,382.7824,381.638,-0.2989753144316154,20,channel,2026
XLE,breakout_20d,2026-01-06,2026-01-07,46.4069,44.7993,-3.46425360427971,1,stop,2026
XLV,breakout_20d,2026-01-07,2026-01-20,157.3548,152.5434,-3.05770394059095,8,gap_stop,2026
IWM,breakout_20d,2026-01-09,2026-02-05,258.7628,254.5151,-1.6415548519545298,18,channel,2026
XLY,breakout_20d,2026-01-12,2026-01-20,123.4992,119.6803,-3.0922107137666965,5,gap_stop,2026
XLP,breakout_20d,2026-01-13,2026-03-05,79.2906,84.2624,6.270240719688025,35,channel,2026
XLE,breakout_20d,2026-01-15,2026-04-08,47.029,57.5767,22.428171500144,56,channel,2026
TLT,breakout_20d,2026-01-15,2026-01-20,87.0817,84.9369,-2.4628774412171595,2,gap_stop,2026
XLU,breakout_20d,2026-01-16,2026-03-20,42.6409,44.0146,3.2216595851103813,43,channel,2026
XLK,breakout_20d,2026-01-28,2026-01-29,148.7864,143.7297,-3.3985935802645972,1,stop,2026
QQQ,breakout_20d,2026-01-28,2026-01-29,634.5971,617.394,-2.7108652352676232,1,stop,2026
TLT,breakout_20d,2026-02-11,2026-03-06,86.823,87.3524,0.609746497549768,16,channel,2026
SMH,breakout_20d,2026-02-26,2026-03-02,424.1437,396.8528,-6.434368789734924,2,gap_stop,2026
XLV,breakout_20d,2026-03-02,2026-03-03,158.0,153.678,-2.7354136566811738,1,stop,2026
IWM,breakout_20d,2026-04-09,2026-05-18,258.4242,275.04,6.429638495978396,27,channel,2026
EEM,breakout_20d,2026-04-09,2026-05-19,59.5104,63.8638,7.315281187962941,28,channel,2026
EFA,breakout_20d,2026-04-09,2026-04-29,99.6147,98.2749,-1.344999779731204,14,channel,2026
MDY,breakout_20d,2026-04-09,2026-05-19,640.0887,649.8513,1.525190094731288,28,channel,2026
XLB,breakout_20d,2026-04-09,2026-04-29,51.4193,50.7194,-1.361174778662122,14,channel,2026
DIA,breakout_20d,2026-04-10,2026-06-10,480.8993,498.3898,3.637036246338554,42,channel,2026
XLI,breakout_20d,2026-04-10,2026-05-19,172.2387,168.1575,-2.3694967694719904,27,channel,2026
QQQ,breakout_20d,2026-04-13,2026-06-05,609.4197,703.5817,15.451088687958304,38,channel,2026
XLY,breakout_20d,2026-04-15,2026-05-15,116.4146,116.182,-0.19980080347939966,22,channel,2026
GLD,breakout_20d,2026-04-20,2026-04-28,443.5731,420.2993,-5.246903348667731,6,gap_stop,2026
XLF,breakout_20d,2026-04-20,2026-06-03,52.2095,50.4137,-3.4395412219418775,31,stop,2026
XLP,breakout_20d,2026-05-01,2026-05-29,84.2204,82.2564,-2.331978206254759,19,channel,2026
XLE,breakout_20d,2026-05-19,2026-05-26,60.435,57.6276,-4.645193473655862,4,stop,2026
XLV,breakout_20d,2026-05-22,2026-06-18,148.5838,148.5952,0.0077107646336394,18,channel,2026
IWM,breakout_20d,2026-05-27,2026-06-05,290.7597,280.1025,-3.6652890487510303,7,stop,2026
EEM,breakout_20d,2026-05-27,2026-06-05,68.4729,65.4663,-4.390808057437889,7,stop,2026
EFA,breakout_20d,2026-05-27,2026-06-05,103.5268,100.5089,-2.915076377656811,7,stop,2026
XLY,breakout_20d,2026-05-28,2026-06-02,120.98,116.7566,-3.491029360208364,3,stop,2026
XLB,breakout_20d,2026-06-16,2026-06-29,52.5462,50.5145,-3.8665576105094246,8,stop,2026
EEM,breakout_20d,2026-06-22,2026-06-23,71.3613,67.1827,-5.855472711859344,1,gap_stop,2026
GLD,breakout_55d,2011-08-19,2011-08-24,181.8216,175.5924,-3.426035716607334,3,stop,2011
TLT,breakout_55d,2011-08-19,2011-10-21,73.3848,75.2963,2.6048306446202485,44,channel,2011
XLU,breakout_55d,2011-09-19,2011-10-04,10.2672,9.8675,-3.8930528492949756,11,stop,2011
XLY,breakout_55d,2011-10-24,2011-11-21,16.6129,15.6659,-5.700799544681912,20,gap_stop,2011
XLP,breakout_55d,2011-10-24,2011-11-01,21.2152,20.5339,-3.2115444159708906,6,gap_stop,2011
XLU,breakout_55d,2011-10-24,2011-11-22,10.6766,10.3193,-3.346088562988392,21,stop,2011
DIA,breakout_55d,2011-10-25,2011-11-21,87.2189,84.9972,-2.5473266269220196,19,channel,2011
QQQ,breakout_55d,2011-10-25,2011-11-17,51.3489,48.8741,-4.819467826503187,17,stop,2011
XLV,breakout_55d,2011-10-25,2011-11-21,26.1806,25.1472,-3.947294596749251,19,stop,2011
XLE,breakout_55d,2011-10-28,2011-11-01,21.5481,20.0614,-6.899496571732556,2,gap_stop,2011
SPY,breakout_55d,2011-10-28,2011-11-01,98.9176,94.1156,-4.85454288269338,2,gap_stop,2011
XLK,breakout_55d,2011-10-28,2011-11-21,10.8588,10.2804,-5.32652528230636,16,gap_stop,2011
XLP,breakout_55d,2011-12-01,2012-04-26,21.5387,23.415,8.710999704883138,100,time,2011
XLV,breakout_55d,2011-12-22,2012-05-17,27.106,28.7027,5.890893558606236,100,channel,2011
XLU,breakout_55d,2011-12-22,2012-01-19,11.0062,10.6548,-3.192305753022795,17,stop,2011
DIA,breakout_55d,2011-12-27,2012-04-10,90.8531,94.5747,4.096312205830133,71,channel,2011
XLI,breakout_55d,2012-01-04,2012-03-06,26.4005,27.6276,4.647920010247253,42,channel,2012
XLY,breakout_55d,2012-01-06,2012-04-10,16.9037,18.4022,8.864721161191213,64,channel,2012
SPY,breakout_55d,2012-01-11,2012-04-10,100.1126,105.9398,5.820606455985855,61,channel,2012
IWM,breakout_55d,2012-01-13,2012-03-02,62.7251,65.9442,5.132081596548654,33,channel,2012
XLB,breakout_55d,2012-01-13,2012-03-06,13.4108,13.3617,-0.36612171235791413,35,channel,2012
SMH,breakout_55d,2012-01-19,2012-03-05,14.0848,14.2093,0.8843354758531152,31,channel,2012
XLK,breakout_55d,2012-01-19,2012-04-16,11.0889,12.1743,9.788006878607746,60,channel,2012
QQQ,breakout_55d,2012-01-19,2012-04-16,52.8362,57.8494,9.48814602221728,60,channel,2012
MDY,breakout_55d,2012-01-19,2012-03-06,141.0709,145.1227,2.872176564868534,32,channel,2012
XLF,breakout_55d,2012-01-20,2012-05-14,8.7311,9.06,3.7659764190184575,79,channel,2012
XLE,breakout_55d,2012-01-26,2012-01-30,22.0221,21.2243,-3.6225587816549165,2,stop,2012
EEM,breakout_55d,2012-01-26,2012-03-06,31.2103,30.9944,-0.6916353647488993,27,channel,2012
EFA,breakout_55d,2012-02-06,2012-03-06,34.5071,34.0316,-1.3778904333628494,20,channel,2012
XLE,breakout_55d,2012-02-07,2012-03-22,22.1396,21.5829,-2.5146561950188717,31,channel,2012
GLD,breakout_55d,2012-02-23,2012-02-29,172.8627,168.0532,-2.782244867629957,4,stop,2012
XLI,breakout_55d,2012-03-14,2012-04-09,28.9577,28.0028,-3.29738687795903,17,gap_stop,2012
MDY,breakout_55d,2012-03-14,2012-04-09,152.1233,147.5032,-3.0370975638020714,17,gap_stop,2012
SMH,breakout_55d,2012-03-20,2012-04-09,15.0283,14.5478,-3.1973113074319492,13,stop,2012
IWM,breakout_55d,2012-03-20,2012-04-09,68.4394,66.0145,-3.5430600699511094,13,gap_stop,2012
EFA,breakout_55d,2012-03-20,2012-04-04,35.5739,34.5156,-2.9750397031139797,11,gap_stop,2012
XLU,breakout_55d,2012-04-27,2012-08-21,11.0831,11.5847,4.525799583420809,80,channel,2012
XLY,breakout_55d,2012-04-30,2012-05-08,19.4265,18.842,-3.008320678743459,6,gap_stop,2012
DIA,breakout_55d,2012-05-02,2012-05-07,98.6304,96.5108,-2.1490622568338225,3,stop,2012
TLT,breakout_55d,2012-05-09,2012-08-07,81.1038,85.8057,5.797351688258612,62,channel,2012
XLP,breakout_55d,2012-06-15,2012-06-25,23.6922,23.2046,-2.0582887556830465,6,stop,2012
XLV,breakout_55d,2012-07-02,2012-07-24,30.3058,29.5148,-2.6098107809154003,15,stop,2012
XLP,breakout_55d,2012-07-02,2012-10-23,23.8368,24.386,2.304069623047278,79,channel,2012
XLE,breakout_55d,2012-07-27,2012-10-10,21.0891,22.0707,4.6545855339329645,52,channel,2012
SPY,breakout_55d,2012-07-30,2012-10-12,108.759,112.5636,3.49827106005165,53,channel,2012
DIA,breakout_55d,2012-07-30,2012-10-23,98.0017,98.7278,0.7409309939895969,60,channel,2012
XLI,breakout_55d,2012-07-30,2012-09-04,27.8739,27.8336,-0.1443066440088847,25,channel,2012
SMH,breakout_55d,2012-08-06,2012-09-24,14.0423,13.5052,-3.8244865386183324,34,channel,2012
XLK,breakout_55d,2012-08-06,2012-10-09,12.3923,12.6407,2.003814229081091,45,channel,2012
QQQ,breakout_55d,2012-08-06,2012-10-09,58.5334,59.7558,2.0883330987577553,45,channel,2012
EFA,breakout_55d,2012-08-06,2012-10-10,33.8818,34.9235,3.0742804358000475,46,channel,2012
XLY,breakout_55d,2012-08-08,2012-10-11,18.9167,19.703,4.156175041373977,45,channel,2012
XLB,breakout_55d,2012-08-08,2012-10-23,13.4295,13.6313,1.5025318737964755,53,channel,2012
MDY,breakout_55d,2012-08-16,2012-10-12,147.7408,149.4509,1.1574632045897149,40,channel,2012
XLF,breakout_55d,2012-08-17,2012-11-07,9.5115,9.8344,3.3941979942144984,55,channel,2012
GLD,breakout_55d,2012-08-23,2012-10-19,161.5714,166.803,3.23795988103015,40,channel,2012
IWM,breakout_55d,2012-09-07,2012-10-09,69.6044,68.6883,-1.316132853743901,22,channel,2012
XLV,breakout_55d,2012-09-07,2012-11-07,31.4897,31.5033,0.043105882361915704,41,channel,2012
XLI,breakout_55d,2012-09-14,2012-09-26,28.9745,28.2547,-2.484554065119793,8,stop,2012
EEM,breakout_55d,2012-09-14,2012-09-26,31.3614,30.3223,-3.3134052743890474,8,gap_stop,2012
EEM,breakout_55d,2012-12-07,2013-02-07,31.6802,32.4069,2.2940177987143207,41,channel,2012
XLI,breakout_55d,2012-12-11,2013-04-03,29.5522,32.1936,8.93837666370314,76,channel,2012
SMH,breakout_55d,2012-12-12,2013-04-03,14.0635,14.7518,4.8937981515398965,75,channel,2012
EFA,breakout_55d,2012-12-12,2013-02-21,37.0775,38.4901,3.8097941647266653,47,channel,2012
MDY,breakout_55d,2012-12-12,2013-02-25,156.3163,166.3409,6.41302440619429,49,channel,2012
XLF,breakout_55d,2012-12-19,2012-12-27,10.4853,10.2138,-2.589926929393971,5,stop,2012
XLY,breakout_55d,2012-12-19,2012-12-21,20.6429,20.1381,-2.4454661424291424,2,stop,2012
IWM,breakout_55d,2012-12-21,2013-04-03,69.9851,76.653,9.527627333767018,68,channel,2012
SPY,breakout_55d,2013-01-03,2013-02-25,116.0533,118.2093,1.8578514122176815,35,channel,2013
XLF,breakout_55d,2013-01-03,2013-02-25,10.7162,10.942,2.1073610605682136,35,channel,2013
XLY,breakout_55d,2013-01-03,2013-02-25,20.8569,21.1882,1.5882630932767539,35,channel,2013
XLB,breakout_55d,2013-01-03,2013-02-20,14.6563,14.49,-1.1344816965022209,32,channel,2013
XLV,breakout_55d,2013-01-10,2013-06-05,33.4389,38.1195,13.997494712382764,100,time,2013
DIA,breakout_55d,2013-01-14,2013-02-25,102.4722,104.9253,2.3939112135543894,28,channel,2013
XLE,breakout_55d,2013-01-16,2013-02-25,22.6603,23.2583,2.6388897018327917,26,channel,2013
XLP,breakout_55d,2013-01-16,2013-05-31,25.2698,28.1559,11.421507219066562,93,channel,2013
QQQ,breakout_55d,2013-01-24,2013-04-18,59.6718,60.1471,0.7964916468531147,58,channel,2013
XLU,breakout_55d,2013-01-28,2013-05-23,11.6573,12.7062,8.998029214479342,81,channel,2013
XLK,breakout_55d,2013-02-11,2013-02-21,12.6502,12.348,-2.3886591333668217,7,stop,2013
DIA,breakout_55d,2013-02-28,2013-06-20,107.2663,113.1487,5.483926995675614,78,channel,2013
XLY,breakout_55d,2013-03-05,2013-06-05,22.2185,23.7495,6.8908280859869775,64,channel,2013
SPY,breakout_55d,2013-03-06,2013-06-05,123.0885,128.5129,4.4069181695180815,63,channel,2013
XLF,breakout_55d,2013-03-06,2013-06-20,11.4784,12.2002,6.287846649218776,74,channel,2013
XLK,breakout_55d,2013-03-06,2013-04-05,12.781,12.4682,-2.447691133341523,21,stop,2013
MDY,breakout_55d,2013-03-11,2013-04-17,174.1661,170.3456,-2.193621952530289,26,stop,2013
XLE,breakout_55d,2013-03-15,2013-03-19,24.5531,23.9276,-2.5474079580177444,2,stop,2013
EFA,breakout_55d,2013-03-15,2013-03-19,40.0788,39.2291,-2.1200725386269936,2,stop,2013
TLT,breakout_55d,2013-04-08,2013-04-10,85.0785,83.2615,-2.135647926361506,2,stop,2013
XLK,breakout_55d,2013-04-11,2013-04-17,12.9011,12.607,-2.2800936621887757,4,stop,2013
EFA,breakout_55d,2013-04-11,2013-04-17,40.4467,39.4869,-2.37289871389873,4,stop,2013
SMH,breakout_55d,2013-04-25,2013-06-12,15.8452,16.1905,2.1796121513909306,33,channel,2013
EFA,breakout_55d,2013-04-26,2013-05-31,40.7744,40.0988,-1.656841662397568,24,channel,2013
QQQ,breakout_55d,2013-04-30,2013-06-05,63.0758,64.5169,2.284598103313984,25,channel,2013
XLK,breakout_55d,2013-05-01,2013-06-20,13.0367,13.0488,0.09220721359310957,35,channel,2013
MDY,breakout_55d,2013-05-01,2013-06-05,178.5028,178.341,-0.09065553593811115,24,channel,2013
TLT,breakout_55d,2013-05-02,2013-05-03,85.8988,84.2307,-1.9419623256149654,1,stop,2013
IWM,breakout_55d,2013-05-06,2013-06-20,79.9249,80.4886,0.7052917179340312,32,channel,2013
XLE,breakout_55d,2013-05-07,2013-06-20,24.7781,24.1256,-2.633655548063374,31,channel,2013
XLI,breakout_55d,2013-05-07,2013-06-20,33.5525,33.4697,-0.24677107249254648,31,channel,2013
XLB,breakout_55d,2013-05-08,2013-06-05,15.4173,15.1114,-1.9841657293753978,19,channel,2013
IWM,breakout_55d,2013-07-09,2013-08-15,85.2441,86.265,1.1976184741755658,27,channel,2013
XLY,breakout_55d,2013-07-09,2013-08-15,25.3383,25.1454,-0.7615222303924418,27,channel,2013
QQQ,breakout_55d,2013-07-12,2013-08-27,67.5238,67.4966,-0.040197676139586136,32,channel,2013
XLI,breakout_55d,2013-07-12,2013-08-21,35.3503,35.2401,-0.31174631109308626,28,channel,2013
XLF,breakout_55d,2013-07-15,2013-08-15,13.1058,12.8114,-2.246490769953713,23,channel,2013
MDY,breakout_55d,2013-07-16,2013-08-15,189.9957,186.9303,-1.613372301884064,22,channel,2013
SMH,breakout_55d,2013-07-17,2013-07-19,17.2304,16.6889,-3.1424690290450474,2,gap_stop,2013
SPY,breakout_55d,2013-07-19,2013-08-15,135.271,133.2864,-1.4671070169617995,19,channel,2013
DIA,breakout_55d,2013-07-19,2013-08-14,119.3871,117.9486,-1.2049335456328247,18,channel,2013
XLE,breakout_55d,2013-07-22,2013-08-15,25.8975,25.1913,-2.7268072352646944,18,stop,2013
XLV,breakout_55d,2013-07-22,2013-08-15,40.9445,40.127,-1.9964140848083067,18,channel,2013
XLK,breakout_55d,2013-08-05,2013-08-27,13.6904,13.4057,-2.07912332267548,16,stop,2013
XLB,breakout_55d,2013-08-12,2013-08-21,15.9326,15.5239,-2.565746894325427,7,stop,2013
EFA,breakout_55d,2013-08-14,2013-08-20,42.3788,41.5013,-2.070716119848659,4,stop,2013
QQQ,breakout_55d,2013-09-10,2013-10-08,70.458,69.5733,-1.2555729829444973,20,channel,2013
XLB,breakout_55d,2013-09-10,2013-10-08,16.1988,16.0037,-1.2047933401492905,20,channel,2013
XLI,breakout_55d,2013-09-11,2013-10-08,36.5482,36.1341,-1.1328474139240652,19,channel,2013
EEM,breakout_55d,2013-09-11,2013-11-07,31.1223,31.113,-0.030127000030910622,41,channel,2013
EFA,breakout_55d,2013-09-11,2013-12-12,42.5972,43.6631,2.502255665827424,65,channel,2013
XLE,breakout_55d,2013-09-12,2013-10-08,26.1174,25.5184,-2.2936279566732054,18,channel,2013
SMH,breakout_55d,2013-09-17,2014-01-27,17.4084,18.1566,4.297567078985365,90,channel,2013
XLV,breakout_55d,2013-09-17,2013-09-25,41.884,41.0106,-2.0853215007574977,6,stop,2013
SPY,breakout_55d,2013-09-19,2013-09-23,139.2846,136.5704,-1.948689952202387,2,stop,2013
DIA,breakout_55d,2013-09-19,2013-09-23,121.2284,118.9557,-1.8747219946313787,2,stop,2013
XLK,breakout_55d,2013-09-19,2013-09-30,13.9843,13.6266,-2.557509955206716,7,gap_stop,2013
IWM,breakout_55d,2013-09-19,2013-10-08,90.8819,88.4784,-2.6446210390176805,13,stop,2013
XLY,breakout_55d,2013-09-19,2013-09-25,26.6781,26.041,-2.3879333741605113,4,stop,2013
MDY,breakout_55d,2013-10-02,2013-10-09,194.8349,190.0296,-2.466323302555007,5,stop,2013
QQQ,breakout_55d,2013-10-15,2014-01-29,71.9786,76.7629,6.646847762156227,72,channel,2013
IWM,breakout_55d,2013-10-15,2014-01-27,91.6585,95.0589,3.709827374481023,70,channel,2013
MDY,breakout_55d,2013-10-15,2014-01-24,196.116,204.2444,4.144686375443141,69,channel,2013
XLE,breakout_55d,2013-10-17,2013-12-11,26.6805,26.416,-0.9913977384396921,38,channel,2013
XLV,breakout_55d,2013-10-17,2014-02-03,42.3252,44.713,5.6415262687551815,73,channel,2013
SPY,breakout_55d,2013-10-18,2014-01-24,140.2377,144.7885,3.2450605660753196,66,channel,2013
XLF,breakout_55d,2013-10-18,2014-01-23,13.4466,13.9144,3.4792147494386194,65,channel,2013
XLY,breakout_55d,2013-10-18,2014-01-24,26.8171,27.5786,2.8398891862596143,66,channel,2013
XLK,breakout_55d,2013-10-21,2014-01-27,14.2874,14.9387,4.558629671663161,66,channel,2013
XLI,breakout_55d,2013-10-22,2014-01-24,38.2308,39.8197,4.156049755184821,64,channel,2013
XLP,breakout_55d,2013-10-23,2013-12-12,29.8389,30.1496,1.0411497625479216,35,channel,2013
XLB,breakout_55d,2013-10-23,2014-01-24,17.0593,17.0818,0.13189346833764048,63,channel,2013
DIA,breakout_55d,2013-11-07,2014-01-23,122.2582,125.7445,2.851518209368309,51,channel,2013
XLE,breakout_55d,2013-12-27,2014-01-09,27.5646,26.935,-2.2837919945531304,8,stop,2013
EFA,breakout_55d,2013-12-30,2014-01-24,45.9399,45.1145,-1.7967531979990126,17,stop,2013
TLT,breakout_55d,2014-01-27,2014-06-19,76.1306,79.6219,4.585854012034685,100,time,2014
XLU,breakout_55d,2014-02-03,2014-02-05,13.1014,12.7975,-2.3197314692402826,2,stop,2014
XLV,breakout_55d,2014-02-12,2014-03-21,47.179,47.583,0.8562120928100159,26,channel,2014
QQQ,breakout_55d,2014-02-14,2014-03-24,81.146,80.2507,-1.103317591662678,25,channel,2014
XLU,breakout_55d,2014-02-14,2014-05-19,13.3522,13.9615,4.56324613557868,64,channel,2014
GLD,breakout_55d,2014-02-18,2014-03-24,127.5474,126.0538,-1.1710137952668842,24,channel,2014
SMH,breakout_55d,2014-02-18,2014-07-11,19.0267,22.1806,16.576246102965065,100,time,2014
XLK,breakout_55d,2014-02-18,2014-04-11,15.5321,15.1754,-2.296334467909278,38,channel,2014
EFA,breakout_55d,2014-02-25,2014-03-03,46.5113,45.4761,-2.225681018973691,4,stop,2014
MDY,breakout_55d,2014-02-25,2014-03-26,212.483,211.0769,-0.6617619857474555,21,channel,2014
XLB,breakout_55d,2014-02-28,2014-04-11,18.2942,17.9944,-1.6389501825635033,30,channel,2014
SPY,breakout_55d,2014-03-03,2014-04-10,149.7497,148.8988,-0.5681926338878984,28,channel,2014
IWM,breakout_55d,2014-03-05,2014-03-13,102.1251,98.9816,-3.078106619228349,6,stop,2014
XLI,breakout_55d,2014-03-05,2014-03-14,42.1102,40.9991,-2.6385973599254764,7,stop,2014
XLF,breakout_55d,2014-03-06,2014-04-10,14.3296,13.9623,-2.563192225689681,25,stop,2014
XLY,breakout_55d,2014-03-06,2014-03-13,29.3441,28.6568,-2.3422425335842934,5,stop,2014
EFA,breakout_55d,2014-03-07,2014-03-12,46.7453,45.4497,-2.7716117978233368,3,gap_stop,2014
XLE,breakout_55d,2014-03-31,2014-07-31,28.1212,30.4414,8.251009794518138,85,channel,2014
EEM,breakout_55d,2014-03-31,2014-08-07,31.2588,33.2304,6.3074506350466075,90,channel,2014
XLP,breakout_55d,2014-04-01,2014-07-29,31.0784,32.2092,3.6385607342631854,82,channel,2014
DIA,breakout_55d,2014-04-02,2014-04-08,129.2789,126.5688,-2.096277118360479,4,stop,2014
XLI,breakout_55d,2014-04-03,2014-04-07,42.7603,41.6953,-2.490810853635239,2,stop,2014
MDY,breakout_55d,2014-04-03,2014-04-04,218.0879,212.6387,-2.4986206912110176,1,stop,2014
EFA,breakout_55d,2014-05-01,2014-07-10,47.0757,47.4598,0.8158844976240864,48,channel,2014
SPY,breakout_55d,2014-05-13,2014-05-15,154.8012,151.6581,-2.0303882758469616,2,stop,2014
DIA,breakout_55d,2014-05-13,2014-05-15,130.8791,128.5312,-1.7939225650761559,2,stop,2014
XLI,breakout_55d,2014-05-13,2014-05-15,43.3477,42.3317,-2.3438564695807518,2,stop,2014
XLB,breakout_55d,2014-05-13,2014-07-31,18.9235,19.1077,0.9731346908577354,55,channel,2014
XLK,breakout_55d,2014-05-23,2014-09-25,16.0352,17.1205,6.768089053863191,86,channel,2014
SPY,breakout_55d,2014-05-28,2014-07-31,156.0067,157.7235,1.10048315267548,45,channel,2014
QQQ,breakout_55d,2014-05-30,2014-09-25,83.2369,89.3616,7.3581603760027425,82,channel,2014
DIA,breakout_55d,2014-06-02,2014-07-31,131.3326,129.9237,-1.0726988840048524,42,channel,2014
XLV,breakout_55d,2014-06-03,2014-08-07,48.9484,49.108,0.3259686688933394,46,channel,2014
XLI,breakout_55d,2014-06-03,2014-07-10,43.5568,43.3616,-0.44815034600897974,26,channel,2014
XLF,breakout_55d,2014-06-06,2014-07-31,14.7131,14.5471,-1.1284075064363353,38,channel,2014
MDY,breakout_55d,2014-06-06,2014-07-17,219.9004,218.2483,-0.7512548857704138,28,channel,2014
XLY,breakout_55d,2014-06-09,2014-06-12,29.2356,28.6304,-2.070190475749767,3,stop,2014
XLU,breakout_55d,2014-06-19,2014-07-03,14.7548,14.3801,-2.5396439355273914,10,stop,2014
IWM,breakout_55d,2014-07-02,2014-07-08,102.5246,99.763,-2.693651156252208,3,stop,2014
XLY,breakout_55d,2014-07-02,2014-07-31,29.5612,28.9996,-1.8996835877796436,20,stop,2014
GLD,breakout_55d,2014-07-11,2014-07-14,128.5384,125.3745,-2.461453798549551,1,gap_stop,2014
SMH,breakout_55d,2014-07-17,2014-07-25,22.4103,21.8856,-2.3411639027273057,6,gap_stop,2014
TLT,breakout_55d,2014-07-18,2014-09-12,82.8128,81.97,-1.0177125706595902,39,channel,2014
XLV,breakout_55d,2014-08-20,2014-10-13,51.6,50.6506,-1.839860156618378,37,channel,2014
XLY,breakout_55d,2014-08-20,2014-09-22,29.8064,29.614,-0.6457378089014587,22,channel,2014
EEM,breakout_55d,2014-08-20,2014-09-12,34.5421,33.7443,-2.3095121061950774,16,gap_stop,2014
SPY,breakout_55d,2014-08-22,2014-09-25,163.1547,161.1279,-1.2422498081004374,23,channel,2014
XLF,breakout_55d,2014-08-22,2014-10-01,15.09,14.9201,-1.126406688412085,27,channel,2014
SMH,breakout_55d,2014-08-25,2014-10-01,22.75,22.2085,-2.379979868873938,26,stop,2014
XLP,breakout_55d,2014-09-08,2014-10-15,33.0521,32.5447,-1.535224832808002,27,gap_stop,2014
DIA,breakout_55d,2014-09-19,2014-09-23,136.8256,134.742,-1.5227654053781126,2,stop,2014
TLT,breakout_55d,2014-10-08,2015-02-10,86.747,94.8439,9.33390169821584,85,channel,2014
XLU,breakout_55d,2014-10-09,2014-10-15,14.919,14.52,-2.674544147424962,4,stop,2014
XLU,breakout_55d,2014-10-23,2015-02-06,15.1455,16.0861,6.2101513071645575,72,channel,2014
XLV,breakout_55d,2014-10-29,2015-03-25,54.2687,60.2759,11.069308108673436,100,time,2014
XLP,breakout_55d,2014-10-31,2014-12-15,34.2864,34.7733,1.4198446145538224,30,channel,2014
DIA,breakout_55d,2014-11-03,2014-12-12,137.2764,136.8981,-0.2755231780873224,28,channel,2014
QQQ,breakout_55d,2014-11-03,2014-12-15,93.0584,92.8999,-0.17033822592565917,29,channel,2014
XLI,breakout_55d,2014-11-03,2014-12-10,44.8958,45.0249,0.287539761568012,26,channel,2014
XLF,breakout_55d,2014-11-04,2014-12-15,15.5704,15.5914,0.1350544794578079,28,channel,2014
XLK,breakout_55d,2014-11-04,2014-12-12,17.717,17.6686,-0.2734520494245829,27,channel,2014
SPY,breakout_55d,2014-11-07,2014-12-10,167.0668,166.7248,-0.20470811315690396,22,channel,2014
IWM,breakout_55d,2014-11-13,2014-11-19,101.4133,98.3951,-2.9761673752010775,4,stop,2014
XLY,breakout_55d,2014-11-17,2014-12-16,30.3411,30.0437,-0.9802507569133256,20,channel,2014
SMH,breakout_55d,2014-11-19,2015-01-06,23.3146,23.2752,-0.16886647534850585,31,channel,2014
MDY,breakout_55d,2014-11-24,2014-12-10,227.7136,222.6379,-2.2289862043362363,11,stop,2014
IWM,breakout_55d,2014-12-22,2015-01-06,102.4968,98.9419,-3.468247561222182,9,stop,2014
XLP,breakout_55d,2014-12-23,2015-01-02,36.3544,35.4584,-2.464760284653289,6,stop,2014
DIA,breakout_55d,2014-12-24,2015-01-05,143.1816,139.8558,-2.3228221698349483,6,stop,2014
XLF,breakout_55d,2014-12-24,2015-01-05,16.4574,16.0247,-2.6292363736869384,6,stop,2014
XLI,breakout_55d,2014-12-24,2015-01-05,46.928,45.5842,-2.8634532444063665,6,stop,2014
XLY,breakout_55d,2014-12-24,2015-01-05,31.8347,31.0286,-2.53228030625956,6,stop,2014
MDY,breakout_55d,2014-12-24,2015-01-05,230.5091,224.6149,-2.5570229406249423,6,stop,2014
GLD,breakout_55d,2015-01-16,2015-02-06,121.8517,118.113,-3.068269438373461,14,stop,2015
XLP,breakout_55d,2015-01-22,2015-01-28,36.8116,35.8761,-2.5413201650198003,4,stop,2015
XLY,breakout_55d,2015-02-06,2015-07-01,32.276,34.284,6.221267600763047,100,time,2015
MDY,breakout_55d,2015-02-06,2015-04-30,234.0722,236.8631,1.1923026677102877,57,channel,2015
SMH,breakout_55d,2015-02-13,2015-03-25,25.0489,24.1016,-3.781959389251932,27,stop,2015
QQQ,breakout_55d,2015-02-13,2015-06-29,97.7453,98.3588,0.6276717091659112,93,channel,2015
XLB,breakout_55d,2015-02-13,2015-03-13,20.3506,19.6936,-3.2283155115540807,19,stop,2015
XLK,breakout_55d,2015-02-17,2015-03-11,18.7029,18.1606,-2.899532780965941,16,stop,2015
IWM,breakout_55d,2015-02-17,2015-04-30,105.0019,104.6973,-0.29009815021676655,51,channel,2015
DIA,breakout_55d,2015-02-18,2015-03-11,143.2962,140.3518,-2.0547486938882087,15,channel,2015
EFA,breakout_55d,2015-02-19,2015-03-10,45.8265,44.676,-2.5106410929568113,13,gap_stop,2015
XLI,breakout_55d,2015-02-23,2015-03-06,47.4424,46.1415,-2.7420297077167866,9,gap_stop,2015
SPY,breakout_55d,2015-02-25,2015-03-06,175.0087,171.2004,-2.1760596040056424,7,stop,2015
EFA,breakout_55d,2015-03-23,2015-03-31,46.9161,45.5857,-2.835692244201149,6,gap_stop,2015
EEM,breakout_55d,2015-04-07,2015-05-28,32.4972,32.3077,-0.5828914715468425,36,channel,2015
EFA,breakout_55d,2015-04-16,2015-06-05,47.5,46.5131,-2.077716229637272,35,stop,2015
DIA,breakout_55d,2015-05-15,2015-06-05,145.9993,142.7688,-2.2126609807343156,14,stop,2015
XLF,breakout_55d,2015-05-15,2015-06-29,16.3541,16.0427,-1.903908746186933,30,channel,2015
SPY,breakout_55d,2015-05-19,2015-06-05,177.1022,173.5759,-1.991131512193045,12,stop,2015
MDY,breakout_55d,2015-05-19,2015-06-05,244.5145,239.2458,-2.1547598728837047,12,stop,2015
SMH,breakout_55d,2015-05-28,2015-06-04,26.5171,25.6987,-3.0863744503270563,5,stop,2015
XLK,breakout_55d,2015-05-28,2015-06-08,19.1974,18.7183,-2.4955348192881477,7,stop,2015
IWM,breakout_55d,2015-06-19,2015-06-29,110.6552,107.8747,-2.5127897288631074,6,stop,2015
XLV,breakout_55d,2015-06-19,2015-06-29,63.2309,61.776,-2.300892251633868,6,stop,2015
MDY,breakout_55d,2015-06-19,2015-06-29,244.4823,239.3456,-2.101035535403417,6,stop,2015
XLY,breakout_55d,2015-07-14,2015-08-12,35.0721,34.1622,-2.5943899125670633,21,stop,2015
XLP,breakout_55d,2015-07-14,2015-08-20,37.065,36.5439,-1.4058431934113491,27,channel,2015
XLV,breakout_55d,2015-07-15,2015-07-24,64.1313,62.4572,-2.6104875126722105,7,stop,2015
XLF,breakout_55d,2015-07-17,2015-08-12,16.8359,16.3995,-2.592002114531211,18,stop,2015
QQQ,breakout_55d,2015-07-17,2015-07-27,104.2368,101.5019,-2.623759827673511,6,stop,2015
XLK,breakout_55d,2015-07-21,2015-07-24,19.1998,18.7143,-2.5285881069543104,3,stop,2015
TLT,breakout_55d,2015-08-04,2015-09-09,91.3811,88.7769,-2.8498481258048214,25,gap_stop,2015
XLU,breakout_55d,2015-08-13,2015-08-24,15.8578,15.3742,-3.049284383692774,7,stop,2015
GLD,breakout_55d,2015-10-15,2015-10-28,113.3132,110.555,-2.4341339762445124,9,stop,2015
SMH,breakout_55d,2015-10-23,2015-10-29,24.9998,24.0174,-3.929486578690544,4,stop,2015
XLK,breakout_55d,2015-10-23,2015-11-13,19.3973,18.8137,-3.008738968658309,15,stop,2015
XLP,breakout_55d,2015-10-23,2015-11-03,38.3185,37.3494,-2.529032497435768,7,stop,2015
DIA,breakout_55d,2015-10-26,2015-12-18,142.5077,138.7654,-2.6260230604812085,38,stop,2015
QQQ,breakout_55d,2015-10-26,2016-01-04,104.3608,100.7494,-3.460516610982356,47,stop,2015
XLY,breakout_55d,2015-10-26,2015-11-13,35.5119,34.5822,-2.6177888310154662,14,channel,2015
SPY,breakout_55d,2015-11-03,2015-11-12,176.1456,171.8822,-2.420358543559631,7,stop,2015
XLI,breakout_55d,2015-11-03,2015-11-16,45.4621,44.0395,-3.1291726038544465,9,gap_stop,2015
XLF,breakout_55d,2015-11-09,2015-11-13,16.466,15.9287,-3.263123397776002,4,gap_stop,2015
XLI,breakout_55d,2015-11-23,2015-12-03,45.9345,44.7746,-2.525134072154811,7,stop,2015
SMH,breakout_55d,2015-12-02,2015-12-09,25.2676,24.5059,-3.0143777400364447,5,stop,2015
XLP,breakout_55d,2015-12-17,2015-12-18,38.5138,37.4828,-2.6768878895397807,1,stop,2015
XLV,breakout_55d,2015-12-30,2016-01-04,61.2668,59.3497,-3.1290952384378845,2,gap_stop,2015
XLP,breakout_55d,2015-12-30,2016-01-04,38.7597,37.6398,-2.8891807646521217,2,gap_stop,2015
SMH,breakout_55d,2016-03-21,2016-04-29,24.8901,24.0059,-3.5525178766025567,28,stop,2016
XLI,breakout_55d,2016-03-21,2016-05-19,46.5679,45.7973,-1.6547644934883587,42,channel,2016
EEM,breakout_55d,2016-03-21,2016-04-07,27.1147,26.0649,-3.8717424330520944,12,stop,2016
MDY,breakout_55d,2016-03-21,2016-06-24,228.6976,233.6703,2.1743521961502976,67,channel,2016
XLB,breakout_55d,2016-03-21,2016-06-24,18.484,18.8257,1.8484374431148476,67,channel,2016
XLK,breakout_55d,2016-03-30,2016-04-22,19.9161,19.3892,-2.6458467060054613,17,stop,2016
QQQ,breakout_55d,2016-03-30,2016-04-27,101.9903,100.02,-1.9318338875703667,20,channel,2016
XLY,breakout_55d,2016-03-30,2016-05-13,35.5134,35.0387,-1.3366370870525501,32,channel,2016
XLP,breakout_55d,2016-03-30,2016-04-21,40.45,39.5866,-2.1344955087710615,16,stop,2016
XLU,breakout_55d,2016-03-30,2016-04-20,17.8901,17.3699,-2.9072918446140794,15,stop,2016
SPY,breakout_55d,2016-03-31,2016-06-24,174.6639,172.9494,-0.9815688429125835,60,channel,2016
DIA,breakout_55d,2016-03-31,2016-05-13,144.7882,143.4188,-0.9457931445081114,31,channel,2016
XLV,breakout_55d,2016-04-07,2016-06-24,58.8723,58.5687,-0.5156891263645824,55,channel,2016
XLE,breakout_55d,2016-04-13,2016-06-27,21.1767,21.5098,1.5730114607459766,52,channel,2016
IWM,breakout_55d,2016-04-14,2016-05-17,98.5971,95.7792,-2.8579574879560754,23,channel,2016
EEM,breakout_55d,2016-04-14,2016-05-03,27.8247,26.7898,-3.7191286867814144,13,gap_stop,2016
EFA,breakout_55d,2016-04-19,2016-05-03,43.6053,42.4058,-2.750789778326912,10,stop,2016
XLF,breakout_55d,2016-04-20,2016-06-14,15.695,15.2257,-2.98991795078849,38,stop,2016
GLD,breakout_55d,2016-05-02,2016-05-10,123.9038,120.3751,-2.847927769540004,6,stop,2016
XLP,breakout_55d,2016-05-11,2016-05-17,41.0662,40.1774,-2.1643656255101007,4,stop,2016
SMH,breakout_55d,2016-05-25,2016-06-24,25.5877,25.0861,-1.9603463013888045,21,channel,2016
IWM,breakout_55d,2016-06-02,2016-06-24,101.4339,98.1196,-3.267519118101825,16,gap_stop,2016
TLT,breakout_55d,2016-06-06,2016-09-08,100.5651,104.7233,4.13485750141569,66,channel,2016
XLU,breakout_55d,2016-06-06,2016-08-05,18.1252,18.4663,1.881800880726603,43,channel,2016
XLP,breakout_55d,2016-06-10,2016-09-09,40.9445,40.2454,-1.7073256610318444,63,channel,2016
GLD,breakout_55d,2016-07-05,2016-07-20,128.9288,125.2512,-2.8524100329274327,11,stop,2016
XLV,breakout_55d,2016-07-07,2016-08-24,62.0982,62.0333,-0.10451859565949739,34,channel,2016
SPY,breakout_55d,2016-07-11,2016-09-09,181.7797,181.4931,-0.15765648152850087,43,channel,2016
DIA,breakout_55d,2016-07-11,2016-09-09,149.7539,149.3082,-0.29762225327552017,43,channel,2016
XLI,breakout_55d,2016-07-11,2016-09-09,48.3332,48.0432,-0.6000365838949251,43,channel,2016
XLY,breakout_55d,2016-07-11,2016-09-09,36.5641,35.5306,-2.826588848549194,43,stop,2016
SMH,breakout_55d,2016-07-12,2016-09-09,26.9692,29.0221,7.612109125179822,42,channel,2016
XLK,breakout_55d,2016-07-12,2016-09-09,20.1347,20.7555,3.0829488295091245,42,channel,2016
QQQ,breakout_55d,2016-07-12,2016-09-09,104.2515,106.5322,2.187672303060495,42,channel,2016
IWM,breakout_55d,2016-07-12,2016-09-09,105.0908,106.8638,1.6871922099394476,42,channel,2016
EEM,breakout_55d,2016-07-12,2016-09-13,28.3729,28.91,1.8928773170795,44,channel,2016
MDY,breakout_55d,2016-07-12,2016-09-09,247.6068,245.6832,-0.7768777533752602,42,channel,2016
XLB,breakout_55d,2016-07-15,2016-09-09,19.9947,19.4066,-2.941302543776214,39,channel,2016
XLF,breakout_55d,2016-08-08,2016-09-26,16.279,15.89,-2.389398400356657,34,stop,2016
EFA,breakout_55d,2016-08-12,2016-09-13,43.9798,43.0366,-2.1446335684420226,21,stop,2016
XLE,breakout_55d,2016-08-19,2016-08-31,23.5968,22.7993,-3.379812075239197,8,stop,2016
XLE,breakout_55d,2016-09-09,2016-09-12,23.7302,23.0097,-3.036377057411077,1,stop,2016
XLK,breakout_55d,2016-09-22,2016-10-13,21.6702,21.1884,-2.2234600489732026,15,stop,2016
QQQ,breakout_55d,2016-09-22,2016-10-13,111.283,108.8384,-2.1966870845586906,15,stop,2016
SMH,breakout_55d,2016-09-23,2017-02-16,30.8904,35.2328,14.057642090055179,100,time,2016
IWM,breakout_55d,2016-09-23,2016-10-11,110.884,107.9362,-2.658474324688598,12,stop,2016
XLE,breakout_55d,2016-10-11,2016-10-26,23.9743,23.075,-3.7508446718047095,11,stop,2016
QQQ,breakout_55d,2016-10-25,2016-10-28,112.0321,109.7579,-2.029985613445384,3,stop,2016
XLF,breakout_55d,2016-11-08,2017-01-17,16.6498,19.231,15.502762583083317,46,channel,2016
DIA,breakout_55d,2016-11-10,2017-04-06,154.957,172.7169,11.461152133764907,100,time,2016
XLI,breakout_55d,2016-11-10,2017-03-21,51.0971,55.1818,7.993901784692881,88,channel,2016
IWM,breakout_55d,2016-11-14,2017-03-21,114.1925,118.8893,4.113099982175217,86,channel,2016
MDY,breakout_55d,2016-11-15,2017-03-21,256.6026,273.3262,6.517293848707784,85,channel,2016
SPY,breakout_55d,2016-11-18,2017-03-21,187.7369,201.9529,7.572320261919141,82,channel,2016
XLY,breakout_55d,2016-11-18,2017-04-17,36.8575,39.8661,8.162859725475634,100,time,2016
XLE,breakout_55d,2016-11-22,2016-11-29,24.4338,23.494,-3.8463598074865324,4,stop,2016
XLB,breakout_55d,2016-11-23,2017-04-20,20.2296,21.6985,7.2611338259161995,100,time,2016
XLE,breakout_55d,2016-12-01,2017-01-09,25.4301,25.1702,-1.0220854093066944,25,channel,2016
XLK,breakout_55d,2016-12-12,2017-05-08,21.9417,25.1339,14.548493907637061,100,time,2016
QQQ,breakout_55d,2016-12-14,2017-05-10,112.9404,129.9925,15.098303636954459,100,time,2016
EFA,breakout_55d,2017-01-05,2017-05-31,44.3668,49.6606,11.932095265983023,100,time,2017
XLP,breakout_55d,2017-01-23,2017-06-15,40.793,44.3504,8.720544034591793,100,time,2017
EEM,breakout_55d,2017-01-26,2017-04-19,30.5677,31.4967,3.039254087669341,57,channel,2017
XLU,breakout_55d,2017-02-09,2017-06-28,18.3291,19.752,7.763052817964744,96,channel,2017
XLF,breakout_55d,2017-02-14,2017-03-21,20.1763,19.8209,-1.7614185946475014,24,channel,2017
XLV,breakout_55d,2017-02-14,2017-07-10,61.6559,67.8818,10.097762519515596,100,time,2017
SMH,breakout_55d,2017-02-21,2017-02-24,35.6113,34.7114,-2.5269164776727138,3,stop,2017
SMH,breakout_55d,2017-03-13,2017-04-13,35.933,35.0585,-2.4337653517756963,23,gap_stop,2017
GLD,breakout_55d,2017-04-12,2017-05-01,121.5014,119.24,-1.8612169964656977,12,stop,2017
XLY,breakout_55d,2017-04-21,2017-06-27,40.3525,40.7605,1.0111810270612365,46,channel,2017
SMH,breakout_55d,2017-04-26,2017-06-27,36.9947,38.0263,2.788358272405489,43,channel,2017
XLB,breakout_55d,2017-04-26,2017-05-11,22.287,21.7795,-2.276837894373651,11,stop,2017
IWM,breakout_55d,2017-04-27,2017-05-03,126.0427,122.6978,-2.6537805393857083,4,stop,2017
EEM,breakout_55d,2017-05-03,2017-09-25,32.8608,36.3715,10.683372330730357,100,time,2017
SPY,breakout_55d,2017-05-08,2017-05-17,207.5692,204.6518,-1.405511853072683,7,stop,2017
XLK,breakout_55d,2017-05-10,2017-05-17,25.2435,24.8672,-1.4905184438662844,5,stop,2017
QQQ,breakout_55d,2017-05-16,2017-05-17,131.1939,129.3797,-1.382836539801624,1,stop,2017
QQQ,breakout_55d,2017-05-25,2017-06-09,132.0503,129.8495,-1.6666492592583682,10,stop,2017
SPY,breakout_55d,2017-05-26,2017-08-17,209.1189,211.0647,0.9304502351127342,57,channel,2017
DIA,breakout_55d,2017-05-26,2017-10-18,177.1679,195.8328,10.535118417461774,100,time,2017
XLK,breakout_55d,2017-05-26,2017-06-09,25.7088,25.2562,-1.7604723396263178,9,stop,2017
XLI,breakout_55d,2017-05-26,2017-08-10,57.5875,58.2426,1.13750272898685,52,channel,2017
EFA,breakout_55d,2017-06-02,2017-06-09,50.438,49.7345,-1.3947378500370977,5,stop,2017
TLT,breakout_55d,2017-06-05,2017-07-06,96.9162,95.8049,-1.1466420352194362,22,channel,2017
XLB,breakout_55d,2017-06-05,2017-08-10,22.3827,22.3633,-0.08628102840636531,47,channel,2017
GLD,breakout_55d,2017-06-07,2017-06-09,122.9128,120.3395,-2.093559028208869,2,gap_stop,2017
XLF,breakout_55d,2017-06-12,2017-08-17,20.5094,20.7746,1.2931868507285893,47,channel,2017
MDY,breakout_55d,2017-06-14,2017-06-21,287.9926,282.3197,-1.969814910499934,5,stop,2017
EFA,breakout_55d,2017-07-17,2017-08-11,50.6652,50.3806,-0.5616767270838596,19,channel,2017
XLK,breakout_55d,2017-07-20,2017-12-04,26.3711,28.6647,8.697370018061413,95,channel,2017
QQQ,breakout_55d,2017-07-20,2017-08-10,136.2226,133.0347,-2.3402220393645146,15,stop,2017
IWM,breakout_55d,2017-07-20,2017-08-02,128.1814,125.2159,-2.313526672222621,9,stop,2017
MDY,breakout_55d,2017-07-20,2017-08-02,289.9953,284.2618,-1.9770738634253382,9,stop,2017
XLU,breakout_55d,2017-08-17,2017-09-20,20.5424,20.3656,-0.8607217605273942,23,channel,2017
GLD,breakout_55d,2017-08-29,2017-09-20,125.9358,123.582,-1.8690555696260436,15,stop,2017
SMH,breakout_55d,2017-09-01,2017-11-29,40.8142,45.7004,11.971774949650316,61,channel,2017
QQQ,breakout_55d,2017-09-01,2017-09-25,138.1477,134.923,-2.3342491248234176,15,stop,2017
XLV,breakout_55d,2017-09-01,2017-10-30,70.0306,70.0187,-0.016946017638741484,40,channel,2017
TLT,breakout_55d,2017-09-06,2017-09-12,100.5108,98.8281,-1.6741567974223992,4,stop,2017
SPY,breakout_55d,2017-09-12,2018-02-05,217.177,231.4736,6.582911791755186,100,channel,2017
EFA,breakout_55d,2017-09-12,2018-02-05,52.0813,53.6633,3.0376510631296982,100,channel,2017
XLB,breakout_55d,2017-09-13,2017-11-15,23.4949,24.1278,2.6940344330359745,45,channel,2017
XLI,breakout_55d,2017-09-18,2017-11-01,60.1129,61.6751,2.5987592120918057,32,channel,2017
IWM,breakout_55d,2017-09-25,2017-11-07,129.2114,131.7115,1.934934923786935,31,channel,2017
XLE,breakout_55d,2017-09-26,2017-10-25,23.5331,23.1683,-1.5500354761174506,21,channel,2017
XLF,breakout_55d,2017-09-28,2018-02-05,21.9053,23.7429,8.388936526451275,88,channel,2017
MDY,breakout_55d,2017-09-29,2018-02-02,292.7529,313.6235,7.129111839142532,86,channel,2017
QQQ,breakout_55d,2017-10-06,2018-02-05,138.9892,149.5572,7.6034701763801005,82,channel,2017
EEM,breakout_55d,2017-10-11,2017-12-06,37.6126,36.7873,-2.194088777891623,39,gap_stop,2017
DIA,breakout_55d,2017-10-23,2018-02-05,198.1787,207.0691,4.486059628751815,71,channel,2017
XLY,breakout_55d,2017-10-30,2018-03-23,42.1271,46.2683,9.830253927628153,99,channel,2017
XLE,breakout_55d,2017-11-07,2017-11-14,24.3533,23.7606,-2.4336401630702054,5,stop,2017
XLU,breakout_55d,2017-11-08,2017-12-19,21.1476,20.6952,-2.1393696280903596,28,stop,2017
IWM,breakout_55d,2017-11-22,2018-02-05,135.8177,133.038,-2.046627260567213,49,channel,2017
XLI,breakout_55d,2017-11-30,2018-02-05,63.5447,64.5776,1.625476168648099,44,channel,2017
XLP,breakout_55d,2017-11-30,2018-02-05,44.0902,43.3106,-1.76833387509574,44,stop,2017
XLK,breakout_55d,2017-12-18,2018-02-05,29.9964,29.3162,-2.2675648407951443,32,stop,2017
TLT,breakout_55d,2017-12-18,2017-12-19,100.5443,98.7532,-1.7814175048692982,1,stop,2017
XLB,breakout_55d,2017-12-19,2018-02-02,25.3335,25.481,0.5820791955340798,30,channel,2017
XLE,breakout_55d,2017-12-21,2018-02-02,24.512,25.1931,2.7788780508926303,28,channel,2017
GLD,breakout_55d,2018-01-03,2018-04-26,125.1751,124.845,-0.2636482488108993,78,channel,2018
EEM,breakout_55d,2018-01-03,2018-02-05,40.0485,39.1868,-2.15162977893103,22,stop,2018
XLV,breakout_55d,2018-01-04,2018-02-05,73.4039,72.0694,-1.8180815835868613,21,stop,2018
SMH,breakout_55d,2018-01-18,2018-02-05,49.382,47.3619,-4.090808807284185,12,gap_stop,2018
XLK,breakout_55d,2018-02-27,2018-03-01,32.0124,30.767,-3.8904950005074768,2,stop,2018
SMH,breakout_55d,2018-03-07,2018-03-28,50.4776,48.1423,-4.626312200813509,15,stop,2018
XLK,breakout_55d,2018-03-12,2018-03-19,32.626,31.4334,-3.6554095154413546,5,stop,2018
QQQ,breakout_55d,2018-03-12,2018-03-19,164.594,158.6637,-3.6029866640309938,5,stop,2018
XLE,breakout_55d,2018-04-27,2018-08-15,25.911,25.35,-2.1650413231613985,76,channel,2018
IWM,breakout_55d,2018-05-17,2018-09-26,145.4269,152.4256,4.812496848128411,91,channel,2018
MDY,breakout_55d,2018-05-22,2018-06-27,323.3905,319.6066,-1.1700532390754526,25,channel,2018
TLT,breakout_55d,2018-05-30,2018-06-06,96.0759,94.2895,-1.8593220204510152,5,stop,2018
XLK,breakout_55d,2018-06-04,2018-06-25,32.9826,32.0843,-2.7236324218885333,15,stop,2018
QQQ,breakout_55d,2018-06-04,2018-10-10,164.3959,163.3353,-0.6451253422537495,90,channel,2018
XLY,breakout_55d,2018-06-05,2018-10-04,49.8826,52.5245,5.296163185648184,85,channel,2018
SPY,breakout_55d,2018-06-07,2018-06-25,245.2358,240.0436,-2.117212638781807,12,stop,2018
DIA,breakout_55d,2018-06-07,2018-06-19,216.7875,211.4686,-2.453526720220345,8,stop,2018
XLB,breakout_55d,2018-06-07,2018-06-19,25.8585,25.0259,-3.219851296728593,8,gap_stop,2018
XLV,breakout_55d,2018-06-11,2018-06-28,73.9837,72.1856,-2.4304251029090174,13,stop,2018
XLU,breakout_55d,2018-06-26,2018-09-25,20.0722,20.3772,1.5194669333384203,63,channel,2018
TLT,breakout_55d,2018-07-06,2018-07-20,97.9131,96.4634,-1.4806012053217854,10,stop,2018
XLV,breakout_55d,2018-07-09,2018-10-11,75.3928,78.4572,4.064563959393452,67,channel,2018
MDY,breakout_55d,2018-07-10,2018-07-27,332.0165,324.857,-2.1563499932909624,13,stop,2018
SPY,breakout_55d,2018-07-11,2018-10-10,245.6279,247.2687,0.6679675208059566,64,channel,2018
XLK,breakout_55d,2018-07-13,2018-07-30,33.731,32.8257,-2.684103108262992,11,stop,2018
XLP,breakout_55d,2018-07-18,2018-10-04,42.696,43.4067,1.6645136059613819,55,channel,2018
DIA,breakout_55d,2018-07-26,2018-08-15,219.3695,215.1815,-1.9091088594161754,14,stop,2018
XLI,breakout_55d,2018-08-01,2018-08-13,67.1382,65.2958,-2.744166280220617,8,stop,2018
XLF,breakout_55d,2018-08-08,2018-08-13,24.3933,23.7793,-2.5172660937064384,3,stop,2018
DIA,breakout_55d,2018-08-20,2018-10-10,222.0686,221.1721,-0.4037008466679204,36,channel,2018
XLI,breakout_55d,2018-08-22,2018-10-10,67.6025,66.2471,-2.005036149711781,34,channel,2018
MDY,breakout_55d,2018-08-22,2018-09-26,335.7251,332.0487,-1.0950746894583308,24,channel,2018
XLK,breakout_55d,2018-08-27,2018-10-08,34.6831,33.8767,-2.3249683641083374,29,stop,2018
XLF,breakout_55d,2018-08-28,2018-09-12,24.6858,24.1294,-2.2539167624918366,10,stop,2018
XLF,breakout_55d,2018-09-20,2018-09-26,24.8922,24.3514,-2.1724074277909677,4,stop,2018
XLB,breakout_55d,2018-09-20,2018-09-26,25.8724,25.2305,-2.480697039498936,4,stop,2018
XLE,breakout_55d,2018-10-04,2018-10-10,27.4711,26.7562,-2.6023971137124846,4,stop,2018
XLU,breakout_55d,2018-10-25,2018-10-26,21.5989,20.8748,-3.3524966153209212,1,stop,2018
XLP,breakout_55d,2018-10-31,2018-12-17,45.1442,43.6892,-3.2228223433056202,31,stop,2018
XLU,breakout_55d,2018-12-04,2018-12-18,22.1579,21.4635,-3.133803387433043,9,stop,2018
SMH,breakout_55d,2019-02-06,2019-05-09,47.5983,52.4347,10.160774215662904,64,channel,2019
EEM,breakout_55d,2019-02-06,2019-02-08,36.62,35.5016,-3.0540400844005777,2,stop,2019
XLI,breakout_55d,2019-02-13,2019-05-13,66.3203,65.8847,-0.6568646324641159,61,channel,2019
XLK,breakout_55d,2019-02-19,2019-05-13,32.4525,34.3527,5.855112169427867,58,channel,2019
MDY,breakout_55d,2019-02-19,2019-03-07,317.3125,309.2129,-2.5525602533079894,12,stop,2019
GLD,breakout_55d,2019-02-20,2019-02-21,127.127,125.0853,-1.606063545630665,1,stop,2019
DIA,breakout_55d,2019-02-20,2019-03-11,226.0594,220.1469,-2.615476813745643,13,stop,2019
XLY,breakout_55d,2019-02-20,2019-05-13,51.6632,53.2424,3.0567823651625137,57,channel,2019
IWM,breakout_55d,2019-02-21,2019-03-06,143.3012,139.4099,-2.7154968613380404,9,stop,2019
XLU,breakout_55d,2019-02-22,2019-05-09,22.5486,22.7263,0.7881620026112257,53,channel,2019
SPY,breakout_55d,2019-02-25,2019-03-07,251.3865,245.599,-2.302229345621032,8,stop,2019
QQQ,breakout_55d,2019-02-26,2019-05-13,165.44,170.6465,3.147063942611217,53,channel,2019
EEM,breakout_55d,2019-02-26,2019-03-07,36.62,35.61,-2.757808098321779,7,stop,2019
XLB,breakout_55d,2019-02-26,2019-03-07,24.1232,23.3754,-3.099957668318676,7,stop,2019
EFA,breakout_55d,2019-02-27,2019-03-08,51.4336,50.1928,-2.4124414927808813,7,gap_stop,2019
SPY,breakout_55d,2019-03-18,2019-05-13,253.2313,252.106,-0.4443614954492081,39,channel,2019
XLP,breakout_55d,2019-03-18,2019-05-29,45.1386,46.2506,2.4634998555180365,50,channel,2019
EFA,breakout_55d,2019-03-18,2019-03-22,52.0955,51.1928,-1.732782227896168,4,stop,2019
XLF,breakout_55d,2019-03-19,2019-03-20,23.6355,23.0118,-2.638876108965438,1,stop,2019
TLT,breakout_55d,2019-03-25,2019-04-12,101.3838,99.6699,-1.690427486130719,14,stop,2019
DIA,breakout_55d,2019-04-02,2019-05-07,229.3222,226.8331,-1.0854104071757575,24,channel,2019
XLB,breakout_55d,2019-04-02,2019-05-02,24.4263,24.2264,-0.8183643915935179,21,channel,2019
EFA,breakout_55d,2019-04-04,2019-05-07,52.6218,51.6552,-1.8369120911712056,22,stop,2019
EEM,breakout_55d,2019-04-08,2019-05-06,37.4334,36.2255,-3.226818964228262,19,gap_stop,2019
MDY,breakout_55d,2019-04-08,2019-05-10,324.1054,316.3613,-2.389373625120428,23,stop,2019
XLE,breakout_55d,2019-04-09,2019-04-26,24.4975,23.703,-3.2435527824299704,12,stop,2019
XLF,breakout_55d,2019-04-15,2019-05-13,23.7229,23.2657,-1.9274923474148609,19,channel,2019
IWM,breakout_55d,2019-05-06,2019-05-09,144.6434,140.6543,-2.7578467560909647,3,stop,2019
TLT,breakout_55d,2019-05-24,2019-09-10,104.0639,115.439,10.930873972909506,74,channel,2019
XLU,breakout_55d,2019-05-24,2019-05-29,23.9796,23.4031,-2.403980828033092,2,stop,2019
GLD,breakout_55d,2019-06-06,2019-09-13,126.0559,140.0098,11.069620892322462,69,channel,2019
XLU,breakout_55d,2019-06-07,2019-06-11,24.3235,23.651,-2.764637996395325,2,stop,2019
XLP,breakout_55d,2019-06-10,2019-08-05,48.4388,47.8642,-1.186260252423177,39,channel,2019
XLV,breakout_55d,2019-06-20,2019-06-26,83.1096,81.1479,-2.3603482509327867,4,stop,2019
SPY,breakout_55d,2019-06-21,2019-08-01,265.8326,265.942,0.041138339758295395,28,channel,2019
DIA,breakout_55d,2019-06-21,2019-08-01,235.2343,233.6118,-0.6897557462200998,28,channel,2019
EFA,breakout_55d,2019-06-21,2019-07-30,53.2519,52.7472,-0.9478797075773815,26,channel,2019
XLU,breakout_55d,2019-06-21,2019-07-01,24.4693,23.7673,-2.8689975678953594,6,stop,2019
XLB,breakout_55d,2019-07-01,2019-07-09,25.6429,25.0436,-2.3371459812309703,5,stop,2019
XLF,breakout_55d,2019-07-05,2019-08-01,24.7396,24.1993,-2.183749268926416,19,channel,2019
XLK,breakout_55d,2019-07-05,2019-08-05,37.4362,36.181,-3.3527070619458144,21,gap_stop,2019
QQQ,breakout_55d,2019-07-05,2019-08-02,182.4495,179.4226,-1.6590504369016323,20,channel,2019
XLV,breakout_55d,2019-07-05,2019-07-12,83.4287,81.5167,-2.2917772329150266,5,stop,2019
XLY,breakout_55d,2019-07-05,2019-08-01,56.9105,55.9048,-1.7671830911127784,19,channel,2019
XLI,breakout_55d,2019-07-17,2019-08-01,69.9007,68.2777,-2.3219182291388196,11,stop,2019
SMH,breakout_55d,2019-07-23,2019-08-01,56.8253,54.7728,-3.611911550846769,7,stop,2019
XLB,breakout_55d,2019-07-24,2019-07-31,25.7952,25.197,-2.319073017567286,5,stop,2019
MDY,breakout_55d,2019-07-25,2019-08-01,331.8121,324.4204,-2.227685530382051,5,stop,2019
XLU,breakout_55d,2019-08-19,2019-11-05,24.691,25.3877,2.821535820084753,55,channel,2019
XLP,breakout_55d,2019-09-05,2019-10-02,51.3602,49.9577,-2.7307400503801316,19,stop,2019
XLI,breakout_55d,2019-09-16,2019-10-01,70.7955,68.6547,-3.023955844999837,11,stop,2019
SMH,breakout_55d,2019-10-16,2019-12-03,59.0346,61.3303,3.888610786611335,33,channel,2019
EFA,breakout_55d,2019-10-18,2020-01-27,53.9362,55.9476,3.7292141709175164,67,channel,2019
SPY,breakout_55d,2019-10-28,2020-02-25,275.0594,284.7016,3.505469029865349,81,channel,2019
XLF,breakout_55d,2019-10-28,2020-01-24,25.3777,26.908,6.030196355383866,60,channel,2019
XLK,breakout_55d,2019-10-28,2020-02-25,39.538,43.6719,10.455556537621003,81,channel,2019
QQQ,breakout_55d,2019-10-28,2020-02-25,188.9906,207.121,9.593324687191828,81,channel,2019
EEM,breakout_55d,2019-10-28,2019-12-02,36.626,36.2375,-1.060553488717686,24,channel,2019
XLV,breakout_55d,2019-10-29,2020-01-31,83.089,89.1211,7.25980414506906,64,channel,2019
XLI,breakout_55d,2019-11-04,2019-12-03,72.556,71.648,-1.2514699636347437,20,channel,2019
MDY,breakout_55d,2019-11-04,2020-01-31,335.2831,337.7959,0.7494720419739753,60,channel,2019
IWM,breakout_55d,2019-11-05,2020-01-27,146.7869,150.8222,2.7490528784732238,55,channel,2019
XLB,breakout_55d,2019-11-05,2019-12-03,25.9992,25.777,-0.8545177038320806,19,channel,2019
DIA,breakout_55d,2019-11-08,2020-01-31,245.506,251.0096,2.2417431626649,56,channel,2019
XLP,breakout_55d,2019-11-29,2020-02-25,51.8815,52.1851,0.5852631074131587,58,channel,2019
SMH,breakout_55d,2019-12-12,2020-01-31,64.9357,66.2118,1.9652100499726544,33,channel,2019
EEM,breakout_55d,2019-12-13,2020-01-27,38.0347,37.1944,-2.209326525744093,28,gap_stop,2019
XLB,breakout_55d,2019-12-13,2020-01-06,26.6727,26.0944,-2.16809919429225,14,stop,2019
XLY,breakout_55d,2019-12-17,2020-01-27,58.4869,58.6334,0.250433798644889,26,channel,2019
XLE,breakout_55d,2019-12-23,2020-01-21,22.8022,22.202,-2.6320044315202518,18,channel,2019
XLU,breakout_55d,2019-12-23,2020-02-26,26.4887,27.5227,3.9032738955862456,43,channel,2019
GLD,breakout_55d,2020-01-03,2020-03-13,145.8957,143.7373,-1.4794625151389962,48,stop,2020
XLI,breakout_55d,2020-01-03,2020-01-31,74.1822,73.177,-1.3551645114669442,19,channel,2020
TLT,breakout_55d,2020-01-27,2020-03-18,119.1589,116.7031,-2.0609707379737885,36,stop,2020
XLY,breakout_55d,2020-02-06,2020-02-24,61.2984,59.4887,-2.9521339651725986,11,gap_stop,2020
DIA,breakout_55d,2020-02-07,2020-02-24,260.7205,249.8381,-4.173967379481192,10,gap_stop,2020
SMH,breakout_55d,2020-02-13,2020-02-24,72.3148,66.7894,-7.640728844292044,6,gap_stop,2020
XLI,breakout_55d,2020-02-13,2020-02-24,76.6502,73.2672,-4.413575847601425,6,gap_stop,2020
MDY,breakout_55d,2020-02-21,2020-02-24,354.0594,340.5411,-3.8180908124736734,1,gap_stop,2020
SMH,breakout_55d,2020-05-21,2020-09-08,67.9696,78.841,15.994539056755809,75,channel,2020
XLK,breakout_55d,2020-05-21,2020-10-13,46.4284,58.6476,26.31849632773666,100,time,2020
QQQ,breakout_55d,2020-05-21,2020-10-13,223.4964,284.3367,27.222051768008892,100,time,2020
SPY,breakout_55d,2020-05-27,2020-09-21,277.2846,302.0143,8.918542845337019,81,channel,2020
XLY,breakout_55d,2020-05-27,2020-09-21,59.2975,67.4998,13.832347453635752,81,channel,2020
XLB,breakout_55d,2020-05-29,2020-09-23,24.5465,27.4348,11.766818637214982,81,channel,2020
XLV,breakout_55d,2020-06-01,2020-06-11,92.6473,88.6798,-4.282412214095965,8,stop,2020
DIA,breakout_55d,2020-06-04,2020-06-11,235.5921,225.6404,-4.224106837566022,5,stop,2020
EEM,breakout_55d,2020-06-04,2020-09-23,34.8011,37.7253,8.402578156353746,77,channel,2020
EFA,breakout_55d,2020-06-04,2020-06-11,51.5781,49.5123,-4.005199483893806,5,stop,2020
MDY,breakout_55d,2020-06-04,2020-06-11,312.4399,294.589,-5.713394122537119,5,stop,2020
IWM,breakout_55d,2020-06-08,2020-06-11,141.354,129.7747,-8.191688130841445,3,gap_stop,2020
XLI,breakout_55d,2020-06-08,2020-06-11,69.0097,63.2075,-8.407775443803523,3,gap_stop,2020
XLP,breakout_55d,2020-06-09,2020-06-11,51.5885,49.9147,-3.244451674353732,2,stop,2020
XLU,breakout_55d,2020-06-09,2020-06-11,25.745,24.3638,-5.364788058265546,2,stop,2020
GLD,breakout_55d,2020-06-23,2020-09-23,165.7956,174.6152,5.319541983795584,64,channel,2020
XLP,breakout_55d,2020-07-15,2020-09-18,52.4605,54.3172,3.5392459186234237,46,channel,2020
XLV,breakout_55d,2020-07-16,2020-09-08,95.0122,94.3053,-0.7440304460296976,37,channel,2020
TLT,breakout_55d,2020-07-24,2020-08-12,141.0736,138.0799,-2.122114316081647,13,stop,2020
EFA,breakout_55d,2020-07-30,2020-10-28,52.4941,51.2135,-2.4394666359147332,63,channel,2020
IWM,breakout_55d,2020-08-06,2020-09-04,143.1818,141.9667,-0.8486904469372947,21,channel,2020
DIA,breakout_55d,2020-08-11,2020-09-21,253.1593,245.3882,-3.0696461642376383,28,gap_stop,2020
XLI,breakout_55d,2020-08-11,2020-09-21,71.4298,68.9131,-3.5233685755509336,28,stop,2020
MDY,breakout_55d,2020-08-11,2020-09-03,334.4004,322.7417,-3.4864552295622464,17,stop,2020
XLU,breakout_55d,2020-10-06,2020-12-04,25.8594,26.1938,1.2933627841444917,42,channel,2020
IWM,breakout_55d,2020-10-09,2020-10-28,152.6521,144.2425,-5.509030441328033,13,gap_stop,2020
XLI,breakout_55d,2020-10-09,2020-10-27,74.3256,71.125,-4.306147789138315,12,stop,2020
MDY,breakout_55d,2020-10-09,2020-10-28,342.2698,325.2492,-4.972836006540559,13,gap_stop,2020
SMH,breakout_55d,2020-10-12,2020-10-26,91.2627,86.8231,-4.864679404401784,10,stop,2020
EEM,breakout_55d,2020-10-12,2020-10-28,40.4144,39.2193,-2.9570022688401365,12,stop,2020
XLY,breakout_55d,2020-10-13,2020-10-26,74.135,71.337,-3.7742499738336543,9,stop,2020
XLV,breakout_55d,2020-11-05,2021-02-26,101.4495,102.9811,1.5097420120915972,76,channel,2020
EEM,breakout_55d,2020-11-05,2021-03-04,41.844,47.0914,12.540385562440681,80,channel,2020
SMH,breakout_55d,2020-11-06,2021-03-04,93.4088,107.4367,15.017778707165785,79,channel,2020
IWM,breakout_55d,2020-11-06,2021-04-05,154.7735,210.8672,36.242445872568595,100,time,2020
MDY,breakout_55d,2020-11-06,2021-04-05,348.2726,456.3329,31.027507015223833,100,time,2020
XLB,breakout_55d,2020-11-06,2021-04-05,30.5084,36.2466,18.808708373124027,100,time,2020
EFA,breakout_55d,2020-11-09,2021-01-29,57.9499,60.9466,5.171167684353928,55,channel,2020
DIA,breakout_55d,2020-11-10,2021-04-07,265.653,304.829,14.747051078434259,100,time,2020
XLF,breakout_55d,2020-11-10,2021-04-07,24.4814,31.7895,29.85146049923142,100,time,2020
XLI,breakout_55d,2020-11-10,2021-01-27,77.5224,78.5897,1.376798865347717,52,channel,2020
XLP,breakout_55d,2020-11-16,2021-01-15,58.584,56.595,-3.39509701176669,41,stop,2020
XLE,breakout_55d,2020-11-17,2021-04-14,14.3732,20.2758,41.06662046890719,100,time,2020
XLY,breakout_55d,2020-11-30,2021-03-04,75.5068,74.4681,-1.3755481609940223,64,channel,2020
SPY,breakout_55d,2020-12-02,2021-03-04,337.6501,349.4319,3.48937029247256,62,channel,2020
QQQ,breakout_55d,2020-12-02,2021-03-03,292.3836,299.0115,2.266869716194986,61,channel,2020
XLK,breakout_55d,2020-12-07,2021-03-04,60.413,60.6484,0.38959227794512774,59,channel,2020
EFA,breakout_55d,2021-02-16,2021-02-23,64.9492,63.5113,-2.2139336424090827,5,stop,2021
XLI,breakout_55d,2021-02-22,2021-06-18,83.4975,91.9809,10.16010572537509,82,channel,2021
SPY,breakout_55d,2021-03-16,2021-05-12,369.0648,377.2954,2.230122465091,40,channel,2021
XLP,breakout_55d,2021-03-26,2021-06-16,58.8013,60.7017,3.231875526309458,56,channel,2021
XLU,breakout_55d,2021-03-30,2021-05-12,27.3237,27.4397,0.424452628349159,30,channel,2021
XLY,breakout_55d,2021-04-06,2021-05-11,83.0232,82.5606,-0.5572582251104685,25,channel,2021
EFA,breakout_55d,2021-04-06,2021-07-08,64.9998,66.7641,2.7142085791864057,65,channel,2021
XLK,breakout_55d,2021-04-09,2021-05-04,67.3218,65.6986,-2.4110447881703245,17,channel,2021
DIA,breakout_55d,2021-04-12,2021-05-12,308.0794,306.4158,-0.5400075668333892,22,channel,2021
XLF,breakout_55d,2021-04-12,2021-06-17,32.2005,32.9392,2.29376449192662,47,channel,2021
QQQ,breakout_55d,2021-04-14,2021-05-04,330.7385,319.2331,-3.4787024913892073,14,stop,2021
XLV,breakout_55d,2021-04-16,2021-06-01,111.4439,111.5608,0.10487513198358389,31,channel,2021
XLB,breakout_55d,2021-04-16,2021-06-14,37.2219,38.3142,2.934474631872064,40,channel,2021
MDY,breakout_55d,2021-04-19,2021-05-12,465.8133,451.3488,-3.1052085648941574,17,stop,2021
GLD,breakout_55d,2021-05-18,2021-06-16,175.3552,171.428,-2.239536727284508,20,stop,2021
EEM,breakout_55d,2021-06-02,2021-06-16,49.5516,48.1758,-2.7763893624239255,10,stop,2021
XLE,breakout_55d,2021-06-03,2021-07-07,22.716,21.5759,-5.018794536066173,23,stop,2021
IWM,breakout_55d,2021-06-09,2021-06-17,219.3381,211.8741,-3.4029766967283104,6,stop,2021
SPY,breakout_55d,2021-06-11,2021-06-18,395.5727,388.0475,-1.9023755460661484,5,stop,2021
QQQ,breakout_55d,2021-06-15,2021-09-28,333.9405,349.2876,4.5957492246506915,73,channel,2021
XLK,breakout_55d,2021-06-23,2021-09-20,69.7398,73.4387,5.3038474919470335,61,channel,2021
SPY,breakout_55d,2021-06-25,2021-09-20,398.4572,406.5598,2.0334937592607627,59,channel,2021
SMH,breakout_55d,2021-06-29,2021-07-08,126.115,121.3179,-3.8037696037615087,6,stop,2021
XLV,breakout_55d,2021-07-02,2021-09-13,117.4451,121.9456,3.8320443887239097,49,channel,2021
XLY,breakout_55d,2021-07-06,2021-07-08,87.133,85.3346,-2.063899526673174,2,stop,2021
TLT,breakout_55d,2021-07-08,2021-07-13,126.0667,123.384,-2.127988365842959,3,stop,2021
XLY,breakout_55d,2021-07-12,2021-07-16,87.7525,85.7507,-2.281294974648007,4,stop,2021
DIA,breakout_55d,2021-07-13,2021-07-19,320.5182,312.9795,-2.3520342975172026,4,gap_stop,2021
TLT,breakout_55d,2021-07-20,2021-07-21,129.1574,125.2233,-3.0459815946672464,1,gap_stop,2021
DIA,breakout_55d,2021-07-27,2021-09-10,321.1575,318.0316,-0.9733196364137386,32,channel,2021
XLY,breakout_55d,2021-07-27,2021-07-30,88.6219,86.3346,-2.580982652017405,3,stop,2021
XLP,breakout_55d,2021-07-28,2021-09-20,62.7182,61.4485,-2.024511092441006,37,stop,2021
SMH,breakout_55d,2021-08-03,2021-08-17,128.9462,123.6342,-4.119482411860364,10,stop,2021
XLU,breakout_55d,2021-08-06,2021-09-14,29.03,29.2642,0.8068105210475629,26,channel,2021
XLF,breakout_55d,2021-08-12,2021-08-19,35.6509,34.1964,-4.079810612805545,5,gap_stop,2021
EFA,breakout_55d,2021-08-16,2021-08-19,69.0869,67.3273,-2.546878051938817,3,gap_stop,2021
SMH,breakout_55d,2021-08-30,2021-09-20,132.9137,128.0465,-3.6618592003198724,14,stop,2021
XLF,breakout_55d,2021-08-30,2021-09-07,35.8161,34.7199,-3.060701656701492,5,stop,2021
MDY,breakout_55d,2021-08-30,2021-09-10,475.8396,462.4331,-2.81742647989649,8,stop,2021
EFA,breakout_55d,2021-09-03,2021-09-17,69.9506,68.7628,-1.6979971695627816,9,stop,2021
XLE,breakout_55d,2021-09-28,2021-11-18,22.471,23.9771,6.702384655794358,37,channel,2021
XLY,breakout_55d,2021-09-28,2021-09-30,88.8892,86.4342,-2.761837171441206,2,stop,2021
XLF,breakout_55d,2021-10-18,2021-11-17,36.3491,36.4789,0.3570407502996087,22,channel,2021
XLY,breakout_55d,2021-10-18,2021-12-01,90.7267,96.3734,6.223888174976255,31,channel,2021
DIA,breakout_55d,2021-10-21,2021-11-26,327.4575,321.5729,-1.7970375429688157,25,channel,2021
MDY,breakout_55d,2021-10-21,2021-11-30,478.1846,464.5245,-2.856655728077817,27,stop,2021
SPY,breakout_55d,2021-10-22,2021-11-30,425.2909,426.7173,0.3353832279902713,26,channel,2021
IWM,breakout_55d,2021-10-26,2021-10-27,217.0216,210.4999,-3.0050812505782676,1,stop,2021
XLK,breakout_55d,2021-10-29,2022-01-19,76.9081,77.0252,0.152264229531629,55,channel,2021
QQQ,breakout_55d,2021-10-29,2021-12-03,370.5949,371.8635,0.3423329931460106,24,channel,2021
SMH,breakout_55d,2021-11-02,2022-01-19,134.3948,138.9033,3.3546783332695673,53,channel,2021
IWM,breakout_55d,2021-11-02,2021-11-26,221.1256,211.8143,-4.210879225252617,17,gap_stop,2021
XLB,breakout_55d,2021-11-03,2021-11-30,39.3544,38.4624,-2.2664329974583897,18,channel,2021
XLI,breakout_55d,2021-11-08,2021-11-26,99.9439,96.0455,-3.9005969384722783,13,gap_stop,2021
XLP,breakout_55d,2021-11-08,2021-11-26,64.4596,63.1888,-1.9713406324807115,13,stop,2021
GLD,breakout_55d,2021-11-11,2021-11-22,174.154,169.7301,-2.540212936458186,7,gap_stop,2021
TLT,breakout_55d,2021-12-02,2021-12-08,130.3074,126.4927,-2.9274360389963228,4,stop,2021
XLU,breakout_55d,2021-12-07,2022-02-16,29.6924,28.6922,-3.3685943403255814,49,stop,2021
XLP,breakout_55d,2021-12-13,2022-02-24,65.4658,65.2241,-0.3691341426255823,50,channel,2021
XLV,breakout_55d,2021-12-14,2022-01-18,125.2604,122.6785,-2.061188328740937,23,channel,2021
SPY,breakout_55d,2021-12-28,2022-01-07,449.9453,436.9498,-2.888235277287121,8,stop,2021
XLB,breakout_55d,2021-12-29,2022-01-18,41.2194,39.9409,-3.101663608010141,13,stop,2021
XLE,breakout_55d,2022-01-05,2022-04-25,25.5725,31.7565,24.182294928518445,75,channel,2022
DIA,breakout_55d,2022-01-05,2022-01-10,340.0977,332.3564,-2.276199385057054,3,stop,2022
XLF,breakout_55d,2022-01-10,2022-01-18,38.3758,37.0628,-3.421409928589425,5,stop,2022
GLD,breakout_55d,2022-02-14,2022-04-27,173.9538,175.804,1.0636371148314172,50,channel,2022
XLU,breakout_55d,2022-03-28,2022-04-29,32.0669,31.3043,-2.377990071769942,23,channel,2022
XLV,breakout_55d,2022-03-30,2022-04-22,128.8111,124.7531,-3.150408484115308,16,stop,2022
XLP,breakout_55d,2022-04-07,2022-05-02,69.3738,67.3256,-2.9523812851764197,16,stop,2022
XLB,breakout_55d,2022-04-21,2022-04-22,41.9029,40.4898,-3.3722154227168177,1,gap_stop,2022
XLE,breakout_55d,2022-05-05,2022-05-09,35.5557,33.2873,-6.379897189716532,2,stop,2022
XLE,breakout_55d,2022-05-18,2022-06-16,36.4799,33.9095,-7.046109528815814,20,stop,2022
SPY,breakout_55d,2023-05-01,2023-05-04,399.1807,389.3208,-2.4700427863231345,3,stop,2023
QQQ,breakout_55d,2023-05-01,2023-08-09,316.4451,361.2347,14.153999561653595,69,channel,2023
XLP,breakout_55d,2023-05-01,2023-05-17,70.828,69.4035,-2.011267759859958,12,stop,2023
XLK,breakout_55d,2023-05-11,2023-08-08,74.2217,83.4056,12.37350639592778,60,channel,2023
XLY,breakout_55d,2023-05-18,2023-08-16,73.5139,80.8358,9.959926514099982,61,channel,2023
SMH,breakout_55d,2023-05-19,2023-05-24,132.1031,126.4577,-4.2734440142059515,3,stop,2023
SPY,breakout_55d,2023-05-19,2023-05-24,403.6964,394.242,-2.341962376934026,3,stop,2023
SMH,breakout_55d,2023-05-26,2023-08-09,140.0232,148.1306,5.790048945134019,50,channel,2023
SPY,breakout_55d,2023-06-05,2023-08-15,411.4885,426.2529,3.588059012418987,49,channel,2023
IWM,breakout_55d,2023-06-05,2023-08-15,174.6518,181.4198,3.8751333922631304,49,channel,2023
MDY,breakout_55d,2023-06-07,2023-08-15,447.4333,462.8944,3.455511059626981,47,channel,2023
XLI,breakout_55d,2023-06-08,2023-08-15,97.6908,102.8893,5.321380394367026,46,channel,2023
EEM,breakout_55d,2023-06-12,2023-07-06,37.1693,36.2484,-2.477604294441238,16,stop,2023
DIA,breakout_55d,2023-06-14,2023-08-16,324.4877,330.8872,1.9721810807756812,43,channel,2023
EFA,breakout_55d,2023-06-15,2023-06-23,66.2989,64.4025,-2.8603918405810447,5,gap_stop,2023
XLF,breakout_55d,2023-06-16,2023-06-23,32.1224,31.0874,-3.222110160925673,4,gap_stop,2023
XLB,breakout_55d,2023-06-28,2023-08-15,38.4771,38.4521,-0.06498759574327106,33,channel,2023
XLF,breakout_55d,2023-07-03,2023-08-15,32.1806,32.5927,1.2804687646005286,30,channel,2023
EEM,breakout_55d,2023-07-14,2023-08-08,38.3436,37.0857,-3.2806508074435414,17,gap_stop,2023
EFA,breakout_55d,2023-07-14,2023-08-02,67.629,66.0279,-2.367567584605468,13,stop,2023
XLV,breakout_55d,2023-07-21,2023-09-05,128.5211,125.5852,-2.2843340304133264,31,channel,2023
XLE,breakout_55d,2023-07-25,2023-10-02,38.9266,40.4931,4.024092160532966,48,channel,2023
GLD,breakout_55d,2023-10-20,2023-11-10,183.6134,179.4348,-2.275775063701324,15,stop,2023
XLK,breakout_55d,2023-11-13,2024-04-04,87.9061,100.5527,14.386483726600318,97,channel,2023
SMH,breakout_55d,2023-11-15,2024-04-11,160.2085,225.3794,40.67882150305824,100,time,2023
QQQ,breakout_55d,2023-11-15,2024-04-11,381.5364,439.6082,15.220509536887272,100,time,2023
DIA,breakout_55d,2023-11-16,2024-04-10,334.8386,370.8071,10.742056128308786,98,channel,2023
XLF,breakout_55d,2023-11-20,2024-04-12,33.5231,38.6715,15.358000990734343,98,channel,2023
SPY,breakout_55d,2023-11-21,2024-04-15,438.5711,490.7083,11.887984323468004,98,channel,2023
EFA,breakout_55d,2023-11-27,2024-01-17,65.9071,67.3094,2.1277246068564626,34,channel,2023
GLD,breakout_55d,2023-11-28,2023-12-11,188.0879,184.3006,-2.0135986020536567,9,stop,2023
XLI,breakout_55d,2023-12-01,2024-01-17,103.1398,106.4719,3.2306570370440824,30,channel,2023
XLB,breakout_55d,2023-12-01,2024-01-16,39.1801,39.3559,0.4488331564036496,29,channel,2023
MDY,breakout_55d,2023-12-04,2024-04-12,463.8817,515.2089,11.064723270241416,89,channel,2023
IWM,breakout_55d,2023-12-05,2024-01-16,180.6073,185.5649,2.74495210840604,27,channel,2023
XLY,breakout_55d,2023-12-11,2024-01-25,84.64,83.5996,-1.2291873947520404,30,channel,2023
XLV,breakout_55d,2023-12-12,2024-04-04,127.2513,136.5081,7.274449400997196,77,channel,2023
TLT,breakout_55d,2023-12-14,2024-01-16,88.2309,85.5508,-3.0376596376034626,20,stop,2023
XLP,breakout_55d,2023-12-14,2023-12-20,67.2158,65.782,-2.1331384856755564,4,stop,2023
XLU,breakout_55d,2023-12-14,2023-12-15,30.5942,29.5938,-3.269972833426016,1,stop,2023
EEM,breakout_55d,2023-12-15,2024-01-16,37.4489,36.4981,-2.5388514483454916,19,gap_stop,2023
GLD,breakout_55d,2023-12-28,2024-01-03,192.5323,188.2916,-2.202624142805565,3,stop,2023
XLP,breakout_55d,2024-01-02,2024-04-04,67.1732,69.8284,3.9528631057172525,64,channel,2024
XLI,breakout_55d,2024-02-02,2024-04-17,110.8855,117.3425,5.823141300494239,51,channel,2024
EFA,breakout_55d,2024-02-20,2024-04-10,70.6176,72.0876,2.081728636912894,35,channel,2024
EEM,breakout_55d,2024-02-23,2024-04-15,38.5465,38.1662,-0.9866088419765662,35,channel,2024
XLB,breakout_55d,2024-02-23,2024-04-15,41.3517,42.849,3.6208501820122363,35,channel,2024
XLY,breakout_55d,2024-03-01,2024-03-05,90.3105,87.8945,-2.6752633585009677,2,stop,2024
XLE,breakout_55d,2024-03-04,2024-05-01,40.2703,42.8127,6.313431272063075,41,channel,2024
GLD,breakout_55d,2024-03-05,2024-06-07,197.6374,211.3884,6.957671321552006,66,channel,2024
XLU,breakout_55d,2024-03-28,2024-04-16,30.5886,29.6616,-3.030480012070247,12,stop,2024
IWM,breakout_55d,2024-04-01,2024-04-02,205.8757,199.2183,-3.2337353834716254,1,stop,2024
XLU,breakout_55d,2024-04-24,2024-06-07,30.8467,32.7518,6.176209254733966,31,channel,2024
EEM,breakout_55d,2024-05-03,2024-07-24,40.2084,40.1761,-0.080313718726166,55,channel,2024
XLP,breakout_55d,2024-05-08,2024-10-01,72.3536,78.8404,8.965352544415817,100,time,2024
EFA,breakout_55d,2024-05-10,2024-06-14,74.2246,72.64,-2.1347783383102503,24,stop,2024
SPY,breakout_55d,2024-05-16,2024-05-31,516.4774,505.3885,-2.1470239902555366,10,stop,2024
DIA,breakout_55d,2024-05-16,2024-05-23,386.4783,378.8698,-1.9686844764975286,5,stop,2024
XLK,breakout_55d,2024-05-16,2024-05-31,105.2214,102.0718,-2.9932607126036626,10,stop,2024
QQQ,breakout_55d,2024-05-16,2024-07-24,447.7479,458.1122,2.3147681029652034,46,channel,2024
XLF,breakout_55d,2024-05-20,2024-05-23,41.0124,40.1611,-2.0757338850709184,3,stop,2024
SMH,breakout_55d,2024-05-24,2024-07-17,239.958,252.0608,5.043709840162713,35,channel,2024
SPY,breakout_55d,2024-06-06,2024-07-24,521.4485,528.1848,1.2918421523238521,32,channel,2024
XLK,breakout_55d,2024-06-12,2024-07-19,109.7627,109.0003,-0.6946482481414162,25,channel,2024
TLT,breakout_55d,2024-06-17,2024-07-01,85.9015,83.1518,-3.2010496823865253,9,gap_stop,2024
XLY,breakout_55d,2024-06-24,2024-08-02,89.9094,86.9245,-3.319954637167133,28,gap_stop,2024
XLV,breakout_55d,2024-06-25,2024-07-01,142.4541,139.6894,-1.940762374608207,4,stop,2024
IWM,breakout_55d,2024-07-12,2024-08-02,208.5563,202.407,-2.9485271326363582,15,stop,2024
DIA,breakout_55d,2024-07-15,2024-08-02,390.5585,382.8805,-1.9659071623293278,14,stop,2024
XLF,breakout_55d,2024-07-15,2024-08-05,41.301,39.8714,-3.4615648508564134,15,gap_stop,2024
XLV,breakout_55d,2024-07-15,2024-08-07,143.9825,140.9002,-2.140799553125061,17,stop,2024
EFA,breakout_55d,2024-07-15,2024-07-19,76.3929,74.7321,-2.173985031422776,4,gap_stop,2024
MDY,breakout_55d,2024-07-16,2024-08-02,545.4346,528.2922,-3.1428906403954904,13,gap_stop,2024
GLD,breakout_55d,2024-07-17,2024-07-19,229.0188,221.2985,-3.371033109459487,2,gap_stop,2024
XLI,breakout_55d,2024-07-17,2024-07-22,124.3329,121.0986,-2.6013408823118644,3,stop,2024
TLT,breakout_55d,2024-08-01,2024-10-03,87.9597,89.8402,2.1378323639158037,44,channel,2024
XLU,breakout_55d,2024-08-01,2024-11-04,34.4963,36.69,6.3592969921695275,66,channel,2024
XLV,breakout_55d,2024-08-16,2024-10-03,147.6779,146.8278,-0.5756340290652862,33,channel,2024
GLD,breakout_55d,2024-08-19,2024-11-11,230.3801,241.8979,4.999439320325405,59,channel,2024
XLF,breakout_55d,2024-08-26,2024-09-11,43.2918,42.1438,-2.6517603670404344,11,stop,2024
XLI,breakout_55d,2024-08-26,2024-09-06,126.213,122.6098,-2.8548771517015847,8,stop,2024
EFA,breakout_55d,2024-08-26,2024-09-06,77.491,75.4,-2.698359152312413,8,stop,2024
XLB,breakout_55d,2024-09-03,2024-09-06,44.788,43.5666,-2.7269625151174592,3,stop,2024
DIA,breakout_55d,2024-09-17,2024-10-31,406.4314,406.3614,-0.017232481447404524,32,channel,2024
SPY,breakout_55d,2024-09-20,2025-01-10,556.966,570.1486,2.366860972106255,76,channel,2024
XLI,breakout_55d,2024-09-20,2024-10-31,129.6421,130.5347,0.6885211946986214,29,channel,2024
XLY,breakout_55d,2024-09-20,2024-10-23,96.8751,95.5371,-1.3812203183418803,23,channel,2024
XLB,breakout_55d,2024-09-20,2024-10-31,45.6171,45.1299,-1.06793253491132,29,channel,2024
EEM,breakout_55d,2024-09-25,2024-10-30,43.2686,42.6954,-1.324608224520829,25,channel,2024
EFA,breakout_55d,2024-09-27,2024-10-03,79.096,76.924,-2.746011214108668,4,gap_stop,2024
XLE,breakout_55d,2024-10-08,2024-10-28,43.7279,41.5413,-5.000589666530653,14,gap_stop,2024
XLF,breakout_55d,2024-10-10,2024-12-17,44.6573,47.7585,6.944347286439512,47,channel,2024
XLK,breakout_55d,2024-10-10,2025-01-10,113.4074,113.292,-0.10176645336741341,62,channel,2024
SMH,breakout_55d,2024-10-14,2024-10-15,256.8375,243.5392,-5.177682527525162,1,stop,2024
MDY,breakout_55d,2024-10-14,2024-12-18,565.2324,557.1252,-1.4343021174907489,46,channel,2024
QQQ,breakout_55d,2024-10-15,2024-10-31,493.849,479.4555,-2.9145492673576356,12,stop,2024
DIA,breakout_55d,2024-11-07,2024-12-18,426.5358,415.9956,-2.471110113973052,28,stop,2024
QQQ,breakout_55d,2024-11-07,2025-02-27,504.3344,496.0765,-1.6373747300046149,74,channel,2024
IWM,breakout_55d,2024-11-07,2024-11-15,232.8269,224.083,-3.755536515697544,6,stop,2024
XLI,breakout_55d,2024-11-07,2024-11-19,138.6147,134.6606,-2.852598245090132,8,gap_stop,2024
XLY,breakout_55d,2024-11-07,2025-01-02,103.5075,109.2033,5.502728930248946,37,channel,2024
XLE,breakout_55d,2024-11-12,2024-12-06,44.7939,43.2548,-3.4360575599124865,17,stop,2024
IWM,breakout_55d,2024-11-26,2024-12-13,237.0433,228.0885,-3.7777200323720783,12,stop,2024
XLU,breakout_55d,2024-11-27,2024-12-03,39.5969,38.3671,-3.105816934368588,3,stop,2024
SMH,breakout_55d,2025-01-23,2025-01-27,262.4663,241.4861,-7.993487845551184,2,gap_stop,2025
SPY,breakout_55d,2025-01-24,2025-01-27,600.1454,584.2135,-2.6546743351645974,1,gap_stop,2025
GLD,breakout_55d,2025-01-27,2025-05-14,254.1139,292.8668,15.2502437113474,75,channel,2025
XLF,breakout_55d,2025-01-28,2025-03-04,50.2604,48.9065,-2.6938008295174676,24,stop,2025
EFA,breakout_55d,2025-01-31,2025-02-03,75.9782,73.9748,-2.636691271350322,1,gap_stop,2025
EFA,breakout_55d,2025-02-07,2025-04-03,76.5109,76.2631,-0.3238973327776562,38,channel,2025
EEM,breakout_55d,2025-02-18,2025-02-28,43.5226,41.7762,-4.012545579059157,8,gap_stop,2025
SPY,breakout_55d,2025-02-19,2025-02-24,600.4111,587.3001,-2.183684761465876,3,stop,2025
XLV,breakout_55d,2025-02-26,2025-03-12,144.6569,141.1443,-2.4282770590142944,10,stop,2025
XLP,breakout_55d,2025-02-26,2025-03-12,80.1365,77.4795,-3.315567915459794,10,gap_stop,2025
EFA,breakout_55d,2025-05-05,2025-07-31,82.1717,84.5386,2.880392873121962,60,channel,2025
XLU,breakout_55d,2025-05-07,2025-08-28,38.8689,41.1258,5.806588085209463,78,channel,2025
XLI,breakout_55d,2025-05-13,2025-10-06,138.676,153.6351,10.78710212045162,100,time,2025
EEM,breakout_55d,2025-05-13,2025-10-06,44.3102,53.3802,20.469320455697048,100,time,2025
SMH,breakout_55d,2025-05-15,2025-10-08,245.2327,344.6515,40.540616983555424,100,time,2025
XLK,breakout_55d,2025-05-15,2025-10-08,115.7462,144.6273,24.95209738934976,100,time,2025
QQQ,breakout_55d,2025-05-16,2025-10-09,518.1007,607.8689,17.326400585316915,100,time,2025
SPY,breakout_55d,2025-06-04,2025-10-27,589.2663,678.9299,15.216132120917791,100,time,2025
DIA,breakout_55d,2025-06-27,2025-08-01,429.064,428.942,-0.028438164374733343,24,channel,2025
XLF,breakout_55d,2025-06-27,2025-10-10,51.0101,51.4805,0.922026682746635,73,channel,2025
IWM,breakout_55d,2025-06-27,2025-08-01,214.0429,212.498,-0.721786369578914,24,channel,2025
MDY,breakout_55d,2025-06-27,2025-10-10,560.6402,572.2818,2.0764822545389583,73,channel,2025
XLY,breakout_55d,2025-06-30,2025-08-01,108.5261,107.1048,-1.3096050292589978,23,channel,2025
XLB,breakout_55d,2025-07-02,2025-07-31,44.4898,43.0715,-3.187972048209975,20,gap_stop,2025
TLT,breakout_55d,2025-08-05,2025-08-18,84.7385,82.9117,-2.155766584993468,9,stop,2025
IWM,breakout_55d,2025-08-13,2025-11-17,226.1395,230.7897,2.0563530970739263,67,channel,2025
XLY,breakout_55d,2025-08-14,2025-10-10,113.5024,113.5797,0.06810066871094644,40,channel,2025
EFA,breakout_55d,2025-08-14,2025-11-18,88.2986,89.6387,1.5176866576214199,67,channel,2025
XLP,breakout_55d,2025-08-21,2025-08-25,80.5,78.765,-2.155286866929862,2,stop,2025
DIA,breakout_55d,2025-08-25,2025-10-10,449.7165,449.3396,-0.0838095565821706,33,channel,2025
XLE,breakout_55d,2025-08-29,2025-09-05,43.6547,42.2827,-3.1427710195735203,4,stop,2025
GLD,breakout_55d,2025-09-02,2026-01-26,321.1408,464.2353,44.55817282788273,100,time,2025
TLT,breakout_55d,2025-09-08,2025-11-14,86.3387,86.4865,0.1712260282359157,49,channel,2025
XLV,breakout_55d,2025-09-12,2025-09-25,136.9768,133.4936,-2.5429002369252274,9,stop,2025
XLE,breakout_55d,2025-09-25,2025-10-10,44.2182,42.5567,-3.757401518113912,11,gap_stop,2025
XLU,breakout_55d,2025-10-01,2025-11-20,42.8336,43.0611,0.5311692481070995,36,channel,2025
XLV,breakout_55d,2025-10-02,2026-02-26,140.4891,155.931,10.991560112371413,100,time,2025
EEM,breakout_55d,2025-10-21,2025-11-20,53.5951,52.1001,-2.7893789861001106,22,stop,2025
SMH,breakout_55d,2025-10-27,2025-11-07,356.9171,339.6563,-4.836069681659039,9,stop,2025
DIA,breakout_55d,2025-10-27,2025-11-17,470.0853,459.2468,-2.305631776636463,15,stop,2025
XLK,breakout_55d,2025-10-27,2025-11-06,148.4115,143.2311,-3.490569704878621,8,stop,2025
QQQ,breakout_55d,2025-10-27,2025-11-07,622.8694,605.0778,-2.85639425776516,9,stop,2025
SPY,breakout_55d,2025-10-29,2025-11-04,683.7439,668.5789,-2.2179400473042454,4,stop,2025
SMH,breakout_55d,2025-12-11,2025-12-16,369.0016,349.7906,-5.206211086020518,3,stop,2025
IWM,breakout_55d,2025-12-11,2026-03-06,252.99,249.6005,-1.3397808435040681,57,channel,2025
MDY,breakout_55d,2025-12-11,2026-03-06,610.07,619.3861,1.5270488009031302,57,channel,2025
DIA,breakout_55d,2025-12-12,2026-03-05,484.4972,472.9491,-2.3835270270699316,55,stop,2025
XLF,breakout_55d,2025-12-12,2026-01-20,54.5504,53.0611,-2.7301717979339446,24,stop,2025
XLI,breakout_55d,2025-12-12,2025-12-17,157.0091,152.6845,-2.754353172359403,3,stop,2025
EFA,breakout_55d,2025-12-12,2026-03-03,93.9413,98.4323,4.780618291857319,53,channel,2025
XLY,breakout_55d,2025-12-16,2026-01-02,121.0559,117.2849,-3.1150893297234528,11,stop,2025
XLB,breakout_55d,2025-12-23,2026-03-06,45.4529,49.4049,8.694594779948673,49,channel,2025
SPY,breakout_55d,2025-12-24,2026-03-03,684.9977,669.5533,-2.254670133911696,45,stop,2025
XLI,breakout_55d,2026-01-05,2026-03-12,157.6265,164.2082,4.175525756435228,46,channel,2026
EEM,breakout_55d,2026-01-05,2026-03-20,56.3537,55.1044,-2.216835785212612,52,stop,2026
SMH,breakout_55d,2026-01-06,2026-03-30,382.7824,364.7145,-4.720155910952495,57,stop,2026
XLE,breakout_55d,2026-01-06,2026-01-07,46.4069,44.7993,-3.46425360427971,1,stop,2026
XLY,breakout_55d,2026-01-12,2026-01-20,123.4992,119.6803,-3.0922107137666965,5,gap_stop,2026
XLP,breakout_55d,2026-01-13,2026-03-05,79.2906,84.2624,6.270240719688025,35,channel,2026
XLE,breakout_55d,2026-01-15,2026-04-14,47.029,55.4938,17.99925126219062,60,channel,2026
GLD,breakout_55d,2026-01-28,2026-01-30,483.8734,465.7837,-3.738509802100287,2,gap_stop,2026
QQQ,breakout_55d,2026-01-28,2026-01-29,634.5971,617.394,-2.7108652352676232,1,stop,2026
XLK,breakout_55d,2026-01-29,2026-01-30,147.628,142.6503,-3.3718192721009954,1,stop,2026
XLU,breakout_55d,2026-02-13,2026-03-20,44.646,44.0146,-1.4141879190921358,24,channel,2026
TLT,breakout_55d,2026-02-17,2026-03-06,88.6869,87.2142,-1.6605928229237676,13,gap_stop,2026
EEM,breakout_55d,2026-05-07,2026-05-12,67.3874,64.6858,-4.009011172261356,3,stop,2026
EEM,breakout_55d,2026-05-27,2026-06-05,68.4729,65.4663,-4.390808057437889,7,stop,2026
XLY,breakout_55d,2026-05-29,2026-06-02,121.4795,117.169,-3.5483608740389583,2,gap_stop,2026
EEM,breakout_55d,2026-06-22,2026-06-23,71.3613,67.1827,-5.855472711859344,1,gap_stop,2026
XLP,oversold_reclaim_20d,2011-08-16,2011-08-16,19.9606,20.0543,0.46932873592224755,0,strength,2011
XLU,oversold_reclaim_20d,2011-08-16,2011-08-16,9.8369,9.8806,0.4444768393098597,0,strength,2011
GLD,oversold_reclaim_20d,2011-10-03,2011-10-03,161.2511,160.799,-0.28033276386010275,0,strength,2011
XLU,oversold_reclaim_20d,2011-10-06,2011-10-06,9.9953,10.14,1.44726020801762,0,strength,2011
XLP,oversold_reclaim_20d,2011-10-10,2011-10-10,20.4267,20.5406,0.5575139218548131,0,strength,2011
XLU,oversold_reclaim_20d,2011-10-10,2011-10-10,10.2825,10.3808,0.9565282964954624,0,strength,2011
QQQ,oversold_reclaim_20d,2011-10-12,2011-10-12,50.0806,49.752,-0.6561537851984212,0,strength,2011
XLP,oversold_reclaim_20d,2011-10-12,2011-10-12,20.6289,20.6617,0.15883724935237264,0,strength,2011
TLT,oversold_reclaim_20d,2011-10-26,2011-10-27,76.9543,73.9842,-3.859583343533868,1,stop,2011
TLT,oversold_reclaim_20d,2011-10-31,2011-10-31,75.7672,77.1267,1.7942682563808265,0,strength,2011
TLT,oversold_reclaim_20d,2011-11-02,2011-11-02,77.9825,78.7142,0.9382813538285628,0,strength,2011
XLP,oversold_reclaim_20d,2011-11-23,2011-11-28,20.4739,20.7491,1.3441673274444677,2,strength,2011
XLP,oversold_reclaim_20d,2011-11-30,2011-11-30,21.3298,21.4553,0.5885110245526404,0,strength,2011
XLU,oversold_reclaim_20d,2011-11-30,2011-11-30,10.6796,10.7345,0.5138740165453237,0,strength,2011
DIA,oversold_reclaim_20d,2011-12-01,2011-12-01,88.7542,88.6654,-0.10001237830871146,0,strength,2011
XLK,oversold_reclaim_20d,2011-12-01,2011-12-01,10.5572,10.6227,0.62047931361775,0,strength,2011
QQQ,oversold_reclaim_20d,2011-12-01,2011-12-01,49.6578,49.9102,0.5082496536810366,0,strength,2011
XLV,oversold_reclaim_20d,2011-12-01,2011-12-01,26.4309,26.4795,0.18404988496296681,0,strength,2011
XLY,oversold_reclaim_20d,2011-12-01,2011-12-01,16.2517,16.2528,0.006563175930929255,0,strength,2011
XLU,oversold_reclaim_20d,2012-01-24,2012-01-25,10.6818,10.8023,1.1277904692981844,1,strength,2012
TLT,oversold_reclaim_20d,2012-01-26,2012-01-26,78.4402,78.9949,0.7070833557213163,0,strength,2012
XLU,oversold_reclaim_20d,2012-01-27,2012-02-01,10.8332,10.7283,-0.9681500481956262,3,strength,2012
TLT,oversold_reclaim_20d,2012-01-30,2012-01-30,80.5853,80.176,-0.5079242631245817,0,strength,2012
XLP,oversold_reclaim_20d,2012-02-02,2012-02-02,21.9715,21.9751,0.01641717044063018,0,strength,2012
XLP,oversold_reclaim_20d,2012-02-07,2012-02-07,22.0191,22.0497,0.13923879121580107,0,strength,2012
TLT,oversold_reclaim_20d,2012-02-13,2012-02-13,78.5945,78.8008,0.26239705549293557,0,strength,2012
TLT,oversold_reclaim_20d,2012-02-15,2012-02-15,79.309,79.0765,-0.29310363809308404,0,strength,2012
GLD,oversold_reclaim_20d,2012-03-02,2012-03-08,166.3962,165.1147,-0.7701538524559237,4,strength,2012
IWM,oversold_reclaim_20d,2012-03-06,2012-03-08,65.3929,66.158,1.169961879186876,2,strength,2012
SMH,oversold_reclaim_20d,2012-03-07,2012-03-08,14.2165,14.485,1.888694886225295,1,strength,2012
XLI,oversold_reclaim_20d,2012-03-08,2012-03-08,28.2205,28.3097,0.3161698929160073,0,strength,2012
EEM,oversold_reclaim_20d,2012-03-08,2012-03-08,31.9134,32.0251,0.34994080619332735,0,strength,2012
EFA,oversold_reclaim_20d,2012-03-08,2012-03-08,35.0696,35.1931,0.35219063486156,0,strength,2012
MDY,oversold_reclaim_20d,2012-03-08,2012-03-08,147.8731,148.2456,0.2519308123904107,0,strength,2012
XLB,oversold_reclaim_20d,2012-03-09,2012-03-09,13.6827,13.6219,-0.4443423539592595,0,strength,2012
GLD,oversold_reclaim_20d,2012-03-12,2012-03-12,165.4953,164.9049,-0.35674390899881336,0,strength,2012
SMH,oversold_reclaim_20d,2012-03-12,2012-03-12,14.5905,14.4681,-0.8393622333390138,0,strength,2012
IWM,oversold_reclaim_20d,2012-03-12,2012-03-12,67.3031,66.9221,-0.5660786910340554,0,strength,2012
EFA,oversold_reclaim_20d,2012-03-12,2012-03-12,35.0179,34.9866,-0.08923614773962418,0,strength,2012
MDY,oversold_reclaim_20d,2012-03-12,2012-03-12,149.9898,149.139,-0.5672264048404374,0,strength,2012
SMH,oversold_reclaim_20d,2012-03-14,2012-03-14,14.8328,14.7226,-0.7431320274738584,0,strength,2012
IWM,oversold_reclaim_20d,2012-03-14,2012-03-14,68.3077,67.6946,-0.8975376547487812,0,strength,2012
XLI,oversold_reclaim_20d,2012-03-14,2012-03-14,28.9577,28.8845,-0.2527317757580305,0,strength,2012
EEM,oversold_reclaim_20d,2012-03-14,2012-03-15,32.4188,32.2663,-0.4704211804164804,1,strength,2012
EFA,oversold_reclaim_20d,2012-03-14,2012-03-14,35.5545,35.2383,-0.8894561620592212,0,strength,2012
MDY,oversold_reclaim_20d,2012-03-14,2012-03-14,152.1233,150.8926,-0.8090746373151547,0,strength,2012
XLB,oversold_reclaim_20d,2012-03-14,2012-03-14,13.7982,13.7186,-0.5770131240299681,0,strength,2012
TLT,oversold_reclaim_20d,2012-03-16,2012-03-21,74.6526,75.3732,0.9653349975583092,3,strength,2012
XLE,oversold_reclaim_20d,2012-03-26,2012-03-26,22.0557,21.9814,-0.33669824490458744,0,strength,2012
TLT,oversold_reclaim_20d,2012-03-26,2012-03-26,76.2267,75.9395,-0.37670790595254466,0,strength,2012
GLD,oversold_reclaim_20d,2012-03-27,2012-03-27,164.6845,163.0768,-0.9762658611205177,0,strength,2012
XLE,oversold_reclaim_20d,2012-03-30,2012-04-02,21.6926,21.8757,0.8441276249850915,1,strength,2012
EEM,oversold_reclaim_20d,2012-04-03,2012-04-03,31.9427,31.645,-0.9321100606691224,0,strength,2012
EEM,oversold_reclaim_20d,2012-04-09,2012-04-12,30.8294,31.2941,1.5074360609235837,3,strength,2012
SMH,oversold_reclaim_20d,2012-04-12,2012-04-12,14.6798,14.8541,1.1871149406002424,0,strength,2012
IWM,oversold_reclaim_20d,2012-04-12,2012-04-12,65.6925,66.4349,1.1301968698217868,0,strength,2012
XLY,oversold_reclaim_20d,2012-04-12,2012-04-12,18.7357,18.8928,0.8386074339697736,0,strength,2012
MDY,oversold_reclaim_20d,2012-04-12,2012-04-12,146.3816,148.7249,1.6008272683414315,0,strength,2012
XLE,oversold_reclaim_20d,2012-04-13,2012-04-17,21.0119,20.9397,-0.3434840706610376,2,strength,2012
SPY,oversold_reclaim_20d,2012-04-13,2012-04-17,108.1593,108.4187,0.23982419130177401,2,strength,2012
DIA,oversold_reclaim_20d,2012-04-13,2012-04-16,96.4875,96.1086,-0.39274331748010427,1,strength,2012
XLI,oversold_reclaim_20d,2012-04-13,2012-04-13,28.2132,27.972,-0.8547587711892346,0,strength,2012
EFA,oversold_reclaim_20d,2012-04-13,2012-04-16,34.1838,34.0058,-0.5206982640556301,1,strength,2012
XLB,oversold_reclaim_20d,2012-04-13,2012-04-13,13.6189,13.4835,-0.9944671426722174,0,strength,2012
XLU,oversold_reclaim_20d,2012-04-13,2012-04-16,10.7214,10.7809,0.5547061166679912,1,strength,2012
SMH,oversold_reclaim_20d,2012-04-18,2012-04-18,14.701,14.7862,0.5792139520382378,0,strength,2012
DIA,oversold_reclaim_20d,2012-04-18,2012-04-18,97.1964,96.9128,-0.29174047083529997,0,strength,2012
XLK,oversold_reclaim_20d,2012-04-18,2012-04-23,12.3944,12.0477,-2.796574702444099,3,stop,2012
QQQ,oversold_reclaim_20d,2012-04-18,2012-04-18,58.9748,58.8747,-0.16981926425050364,0,strength,2012
IWM,oversold_reclaim_20d,2012-04-18,2012-04-18,66.411,66.1135,-0.44803419930321553,0,strength,2012
XLI,oversold_reclaim_20d,2012-04-18,2012-04-18,28.4292,28.3878,-0.14563331340772256,0,strength,2012
XLY,oversold_reclaim_20d,2012-04-18,2012-04-18,18.9688,19.0028,0.1792487852351199,0,strength,2012
EEM,oversold_reclaim_20d,2012-04-18,2012-04-20,30.8074,30.9432,0.4408354809925408,2,strength,2012
EFA,oversold_reclaim_20d,2012-04-18,2012-04-18,34.3778,34.3672,-0.030869721717796672,0,strength,2012
MDY,oversold_reclaim_20d,2012-04-18,2012-04-18,148.8549,148.8838,0.01942937370860154,0,strength,2012
XLB,oversold_reclaim_20d,2012-04-18,2012-04-18,13.7124,13.6701,-0.30865536351959433,0,strength,2012
XLE,oversold_reclaim_20d,2012-04-25,2012-04-25,21.1269,21.1631,0.17178082624584867,0,strength,2012
XLF,oversold_reclaim_20d,2012-04-25,2012-04-25,9.6099,9.6032,-0.06985328434219173,0,strength,2012
SMH,oversold_reclaim_20d,2012-04-26,2012-04-26,14.4588,14.6929,1.6190127468613147,0,strength,2012
XLK,oversold_reclaim_20d,2012-04-26,2012-04-26,12.4069,12.4818,0.6039654403539929,0,strength,2012
QQQ,oversold_reclaim_20d,2012-04-26,2012-04-26,58.842,59.078,0.40103467860315156,0,strength,2012
EEM,oversold_reclaim_20d,2012-04-26,2012-04-26,30.6463,30.8847,0.778165061685332,0,strength,2012
XLE,oversold_reclaim_20d,2012-04-27,2012-04-27,21.4808,21.3775,-0.4809232335184932,0,strength,2012
XLF,oversold_reclaim_20d,2012-04-27,2012-04-27,9.7475,9.6906,-0.584136129366386,0,strength,2012
SMH,oversold_reclaim_20d,2012-04-30,2012-04-30,14.7605,14.6717,-0.6021027406288515,0,strength,2012
QQQ,oversold_reclaim_20d,2012-04-30,2012-04-30,59.3734,59.0073,-0.6166249870320883,0,strength,2012
EEM,oversold_reclaim_20d,2012-04-30,2012-04-30,30.9905,30.8628,-0.41209121655232384,0,strength,2012
XLE,oversold_reclaim_20d,2012-05-01,2012-05-01,21.5958,21.8184,1.0305817910821746,0,strength,2012
SMH,oversold_reclaim_20d,2012-05-02,2012-05-02,14.6883,14.8159,0.8686594605196607,0,strength,2012
QQQ,oversold_reclaim_20d,2012-05-02,2012-05-02,58.9306,59.2724,0.580118167489041,0,strength,2012
QQQ,oversold_reclaim_20d,2012-05-09,2012-05-17,56.4773,54.6293,-3.2721149798254245,6,stop,2012
SMH,oversold_reclaim_20d,2012-05-10,2012-05-11,14.038,14.0185,-0.13935958120484537,1,strength,2012
SPY,oversold_reclaim_20d,2012-05-10,2012-05-15,106.7611,104.0557,-2.5341191928535456,3,stop,2012
XLK,oversold_reclaim_20d,2012-05-10,2012-05-17,12.0446,11.6747,-3.071217696408135,5,stop,2012
IWM,oversold_reclaim_20d,2012-05-10,2012-05-17,65.5108,63.1305,-3.633502651331555,5,stop,2012
XLB,oversold_reclaim_20d,2012-05-10,2012-05-14,13.3048,12.8446,-3.459057785104014,2,stop,2012
DIA,oversold_reclaim_20d,2012-05-14,2012-05-18,95.0002,92.8371,-2.2769265100463842,4,stop,2012
XLF,oversold_reclaim_20d,2012-05-14,2012-05-17,9.1344,8.803,-3.628670649431487,3,stop,2012
XLI,oversold_reclaim_20d,2012-05-14,2012-05-17,27.272,26.4321,-3.079439695267383,3,stop,2012
SPY,oversold_reclaim_20d,2012-05-22,2012-05-22,103.3477,103.0554,-0.2827726364550309,0,strength,2012
DIA,oversold_reclaim_20d,2012-05-22,2012-05-22,93.6172,93.3778,-0.25573281344359877,0,strength,2012
XLF,oversold_reclaim_20d,2012-05-22,2012-05-22,8.7528,8.7478,-0.057127964876324544,0,strength,2012
XLK,oversold_reclaim_20d,2012-05-22,2012-05-22,11.7574,11.6591,-0.835921537131501,0,strength,2012
QQQ,oversold_reclaim_20d,2012-05-22,2012-05-22,55.5208,55.1889,-0.5977911153626003,0,strength,2012
IWM,oversold_reclaim_20d,2012-05-22,2012-05-22,63.1156,62.6351,-0.761356302900551,0,strength,2012
XLV,oversold_reclaim_20d,2012-05-22,2012-05-24,28.8076,28.7974,-0.03556346988168313,2,strength,2012
XLI,oversold_reclaim_20d,2012-05-22,2012-05-22,27.0097,26.9557,-0.19980019980019303,0,strength,2012
XLY,oversold_reclaim_20d,2012-05-22,2012-05-22,18.1848,18.1526,-0.17654607511530251,0,strength,2012
XLP,oversold_reclaim_20d,2012-05-22,2012-05-24,23.0038,23.1421,0.6009668265302581,2,strength,2012
MDY,oversold_reclaim_20d,2012-05-22,2012-05-22,141.6864,141.4451,-0.17027897627404087,0,strength,2012
SPY,oversold_reclaim_20d,2012-05-24,2012-05-24,103.5977,103.3127,-0.2750518679345393,0,strength,2012
DIA,oversold_reclaim_20d,2012-05-24,2012-05-24,93.6322,93.5947,-0.04001395979317257,0,strength,2012
XLF,oversold_reclaim_20d,2012-05-24,2012-05-24,8.8404,8.7852,-0.6235761219351654,0,strength,2012
XLK,oversold_reclaim_20d,2012-05-24,2012-05-29,11.7282,11.7339,0.048221231274347964,2,strength,2012
QQQ,oversold_reclaim_20d,2012-05-24,2012-05-24,55.4854,54.9326,-0.9962902027491616,0,strength,2012
IWM,oversold_reclaim_20d,2012-05-24,2012-05-24,63.1239,63.1709,0.07441084958548227,0,strength,2012
XLI,oversold_reclaim_20d,2012-05-24,2012-05-24,27.2257,27.0712,-0.5674435048597437,0,strength,2012
XLY,oversold_reclaim_20d,2012-05-24,2012-05-24,18.3161,18.3345,0.10037914999529995,0,strength,2012
MDY,oversold_reclaim_20d,2012-05-24,2012-05-24,142.7092,142.7839,0.05231984757005925,0,strength,2012
DIA,oversold_reclaim_20d,2012-05-30,2012-06-01,93.3399,91.042,-2.4618597223590943,2,stop,2012
XLF,oversold_reclaim_20d,2012-05-30,2012-06-01,8.7966,8.4532,-3.9034164425476137,2,stop,2012
IWM,oversold_reclaim_20d,2012-05-30,2012-06-01,63.5121,61.1279,-3.753847230551133,2,stop,2012
XLY,oversold_reclaim_20d,2012-05-30,2012-06-01,18.4136,17.8133,-3.2599826319398617,2,stop,2012
XLP,oversold_reclaim_20d,2012-05-30,2012-06-01,23.2226,22.804,-1.8026454512733325,2,stop,2012
MDY,oversold_reclaim_20d,2012-05-30,2012-06-01,143.1537,138.1716,-3.480191113638309,2,stop,2012
XLK,oversold_reclaim_20d,2012-06-05,2012-06-06,11.3618,11.7006,2.981828222371141,1,strength,2012
QQQ,oversold_reclaim_20d,2012-06-05,2012-06-06,53.723,55.2597,2.8603349399907607,1,strength,2012
XLV,oversold_reclaim_20d,2012-06-05,2012-06-06,28.041,28.6712,2.2473632394469645,1,strength,2012
XLY,oversold_reclaim_20d,2012-06-05,2012-06-06,17.6889,18.1992,2.884543811874929,1,strength,2012
XLP,oversold_reclaim_20d,2012-06-05,2012-06-06,22.6962,22.9783,1.2430644507164912,1,strength,2012
SPY,oversold_reclaim_20d,2012-06-06,2012-06-06,101.5199,102.8761,1.335941877030744,0,strength,2012
DIA,oversold_reclaim_20d,2012-06-07,2012-06-07,93.8196,93.1459,-0.718057634505842,0,strength,2012
XLF,oversold_reclaim_20d,2012-06-07,2012-06-07,8.8779,8.7228,-1.7470915273045673,0,strength,2012
IWM,oversold_reclaim_20d,2012-06-07,2012-06-07,64.1398,62.5939,-2.410158909408544,0,strength,2012
XLI,oversold_reclaim_20d,2012-06-07,2012-06-07,26.8245,26.5938,-0.8599670093181522,0,strength,2012
MDY,oversold_reclaim_20d,2012-06-07,2012-06-07,142.8267,140.0143,-1.969081203558476,0,strength,2012
SPY,oversold_reclaim_20d,2012-06-11,2012-06-12,104.8005,103.6168,-1.129547882947557,1,strength,2012
DIA,oversold_reclaim_20d,2012-06-11,2012-06-11,94.7265,92.742,-2.095035803486034,0,strength,2012
XLF,oversold_reclaim_20d,2012-06-11,2012-06-12,8.9592,8.7977,-1.8027595872272983,1,strength,2012
XLK,oversold_reclaim_20d,2012-06-11,2012-06-12,11.8906,11.7214,-1.4228234609913182,1,strength,2012
QQQ,oversold_reclaim_20d,2012-06-11,2012-06-12,56.1054,55.295,-1.4443319239520913,1,strength,2012
IWM,oversold_reclaim_20d,2012-06-11,2012-06-12,64.2471,62.8247,-2.2140229496300567,1,strength,2012
XLV,oversold_reclaim_20d,2012-06-11,2012-06-12,29.0052,28.8763,-0.4445379978996966,1,strength,2012
XLI,oversold_reclaim_20d,2012-06-11,2012-06-11,27.1254,26.4475,-2.4989554683924164,0,strength,2012
XLY,oversold_reclaim_20d,2012-06-11,2012-06-12,18.5407,18.2753,-1.4316503033612316,1,strength,2012
XLP,oversold_reclaim_20d,2012-06-11,2012-06-11,23.4072,23.1489,-1.1033690513238326,0,strength,2012
MDY,oversold_reclaim_20d,2012-06-11,2012-06-15,142.835,140.3785,-1.7198278933053923,4,strength,2012
TLT,oversold_reclaim_20d,2012-08-10,2012-08-13,86.2303,85.5738,-0.7612341143768409,1,strength,2012
TLT,oversold_reclaim_20d,2012-08-20,2012-08-21,83.053,83.4599,0.48989187903276665,1,strength,2012
TLT,oversold_reclaim_20d,2012-08-23,2012-08-23,85.2327,85.192,-0.04778575423656228,0,strength,2012
XLU,oversold_reclaim_20d,2012-08-27,2012-08-27,11.5166,11.525,0.07288419420619086,0,strength,2012
XLU,oversold_reclaim_20d,2012-09-05,2012-09-06,11.4788,11.5376,0.5114950096263726,1,strength,2012
XLB,oversold_reclaim_20d,2012-09-06,2012-09-06,13.3844,13.5978,1.5943697553727265,0,strength,2012
SMH,oversold_reclaim_20d,2012-09-07,2012-09-07,13.9658,13.9718,0.043164434034159704,0,strength,2012
XLE,oversold_reclaim_20d,2012-09-07,2012-09-07,22.0011,22.2848,1.2895411435484894,0,strength,2012
DIA,oversold_reclaim_20d,2012-09-07,2012-09-07,100.2058,100.0433,-0.1622479793248366,0,strength,2012
XLI,oversold_reclaim_20d,2012-09-07,2012-09-07,28.525,28.6227,0.34259427072600435,0,strength,2012
EFA,oversold_reclaim_20d,2012-09-07,2012-09-07,35.0992,35.1678,0.1952601374219931,0,strength,2012
EEM,oversold_reclaim_20d,2012-09-10,2012-09-10,29.9531,29.6787,-0.9160127566216425,0,strength,2012
XLB,oversold_reclaim_20d,2012-09-10,2012-09-10,13.8469,13.8417,-0.03722164868722455,0,strength,2012
XLE,oversold_reclaim_20d,2012-09-12,2012-09-12,22.603,22.5609,-0.18637430585646264,0,strength,2012
DIA,oversold_reclaim_20d,2012-09-12,2012-09-12,100.6356,100.3668,-0.26711006703422635,0,strength,2012
XLI,oversold_reclaim_20d,2012-09-12,2012-09-12,28.7343,28.7078,-0.09210936099023348,0,strength,2012
EEM,oversold_reclaim_20d,2012-09-12,2012-09-12,30.2718,30.167,-0.3464248085258692,0,strength,2012
EFA,oversold_reclaim_20d,2012-09-12,2012-09-12,35.655,35.5177,-0.38498980473675726,0,strength,2012
XLB,oversold_reclaim_20d,2012-09-12,2012-09-12,13.9672,13.8717,-0.6833551306963948,0,strength,2012
XLU,oversold_reclaim_20d,2012-09-14,2012-09-14,11.5669,11.4748,-0.7970740321564085,0,strength,2012
TLT,oversold_reclaim_20d,2012-09-18,2012-09-19,82.6551,82.7633,0.13092043239351092,1,strength,2012
XLU,oversold_reclaim_20d,2012-09-20,2012-09-20,11.397,11.4276,0.26861091711365415,0,strength,2012
TLT,oversold_reclaim_20d,2012-09-24,2012-09-24,83.7096,83.7132,0.004290188339273193,0,strength,2012
XLU,oversold_reclaim_20d,2012-09-25,2012-09-25,11.5876,11.5168,-0.6106070634022243,0,strength,2012
XLE,oversold_reclaim_20d,2012-10-16,2012-10-16,22.4019,22.5796,0.7932984759843054,0,strength,2012
SPY,oversold_reclaim_20d,2012-10-16,2012-10-16,114.265,114.6512,0.33794528908943633,0,strength,2012
DIA,oversold_reclaim_20d,2012-10-16,2012-10-16,101.7432,102.0301,0.28197511775474027,0,strength,2012
XLK,oversold_reclaim_20d,2012-10-16,2012-10-16,12.6366,12.7663,1.0265686670029917,0,strength,2012
QQQ,oversold_reclaim_20d,2012-10-16,2012-10-16,59.8843,60.5199,1.061249052400015,0,strength,2012
IWM,oversold_reclaim_20d,2012-10-16,2012-10-16,69.2258,69.2289,0.004410811905253276,0,strength,2012
XLY,oversold_reclaim_20d,2012-10-16,2012-10-16,20.0113,20.0735,0.31101694191759677,0,strength,2012
EFA,oversold_reclaim_20d,2012-10-16,2012-10-16,35.88,36.0394,0.4443137343589809,0,strength,2012
MDY,oversold_reclaim_20d,2012-10-16,2012-10-16,151.596,152.4036,0.532673903029357,0,strength,2012
XLB,oversold_reclaim_20d,2012-10-16,2012-10-16,13.9194,14.1669,1.7783180882040783,0,strength,2012
GLD,oversold_reclaim_20d,2012-10-17,2012-10-23,169.3792,165.874,-2.06947670180625,4,gap_stop,2012
XLE,oversold_reclaim_20d,2012-10-18,2012-10-18,22.805,22.86,0.2412047351101787,0,strength,2012
SPY,oversold_reclaim_20d,2012-10-18,2012-10-18,115.1018,114.8718,-0.19980019980019303,0,strength,2012
DIA,oversold_reclaim_20d,2012-10-18,2012-10-18,102.2041,102.0754,-0.12601172192473475,0,strength,2012
XLK,oversold_reclaim_20d,2012-10-18,2012-10-19,12.6911,12.3852,-2.4106925525194,1,stop,2012
QQQ,oversold_reclaim_20d,2012-10-18,2012-10-19,60.4095,58.9059,-2.489135143492194,1,stop,2012
IWM,oversold_reclaim_20d,2012-10-18,2012-10-18,69.9424,69.47,-0.6753807459285444,0,strength,2012
XLY,oversold_reclaim_20d,2012-10-18,2012-10-18,20.2204,20.2013,-0.09448289849142144,0,strength,2012
EFA,oversold_reclaim_20d,2012-10-18,2012-10-18,36.3232,36.2375,-0.23615811647471618,0,strength,2012
MDY,oversold_reclaim_20d,2012-10-18,2012-10-18,153.6274,153.4129,-0.13956710849051257,0,strength,2012
XLB,oversold_reclaim_20d,2012-10-18,2012-10-18,14.2482,14.2876,0.2767002261175433,0,strength,2012
TLT,oversold_reclaim_20d,2012-10-22,2012-10-23,83.3226,84.0189,0.8357470002951617,1,strength,2012
XLK,oversold_reclaim_20d,2012-10-23,2012-11-01,12.2924,12.2888,-0.029442362316689508,5,strength,2012
QQQ,oversold_reclaim_20d,2012-10-23,2012-11-01,58.2908,58.5209,0.3946432097754693,5,strength,2012
IWM,oversold_reclaim_20d,2012-10-23,2012-10-31,67.6176,67.8817,0.3905315989834124,4,strength,2012
XLP,oversold_reclaim_20d,2012-10-23,2012-10-31,24.5942,24.4828,-0.4529814321987957,4,strength,2012
TLT,oversold_reclaim_20d,2012-10-26,2012-10-26,83.3295,83.9847,0.7863652546346689,0,strength,2012
XLV,oversold_reclaim_20d,2012-10-26,2012-11-01,32.285,32.1647,-0.3726057392880566,2,strength,2012
XLE,oversold_reclaim_20d,2012-10-31,2012-10-31,22.063,21.9244,-0.6280052971736172,0,strength,2012
SPY,oversold_reclaim_20d,2012-10-31,2012-10-31,111.968,111.3505,-0.5515809382774739,0,strength,2012
DIA,oversold_reclaim_20d,2012-10-31,2012-11-01,99.387,99.6642,0.27883702591562365,1,strength,2012
XLI,oversold_reclaim_20d,2012-10-31,2012-10-31,28.4677,28.4109,-0.19980019980019303,0,strength,2012
XLY,oversold_reclaim_20d,2012-10-31,2012-10-31,19.7723,19.622,-0.759874970332286,0,strength,2012
XLB,oversold_reclaim_20d,2012-10-31,2012-11-01,13.6359,13.8538,1.5981440111581868,1,strength,2012
GLD,oversold_reclaim_20d,2012-11-01,2012-11-01,167.187,165.9039,-0.7674560662764285,0,strength,2012
MDY,oversold_reclaim_20d,2012-11-01,2012-11-01,150.6773,153.6738,1.9887017721116562,0,strength,2012
XLE,oversold_reclaim_20d,2012-11-02,2012-11-06,22.1362,22.1712,0.1581668526814406,2,strength,2012
SPY,oversold_reclaim_20d,2012-11-02,2012-11-05,113.4126,111.7444,-1.4708793894833927,1,strength,2012
IWM,oversold_reclaim_20d,2012-11-02,2012-11-05,69.0675,67.9648,-1.5964460529374613,1,strength,2012
XLI,oversold_reclaim_20d,2012-11-02,2012-11-02,29.1387,28.6756,-1.5892452063219098,0,strength,2012
XLY,oversold_reclaim_20d,2012-11-02,2012-11-02,20.1052,19.835,-1.3437653571701458,0,strength,2012
GLD,oversold_reclaim_20d,2012-11-06,2012-11-06,164.0739,166.1337,1.2554033343353366,0,strength,2012
DIA,oversold_reclaim_20d,2012-11-06,2012-11-06,99.3341,99.7171,0.3855637623658703,0,strength,2012
XLK,oversold_reclaim_20d,2012-11-06,2012-11-06,12.2757,12.2511,-0.19980019980019303,0,strength,2012
QQQ,oversold_reclaim_20d,2012-11-06,2012-11-06,58.4956,58.3876,-0.18460897764014383,0,strength,2012
XLV,oversold_reclaim_20d,2012-11-06,2012-11-06,32.0455,32.0372,-0.025716388599872353,0,strength,2012
XLI,oversold_reclaim_20d,2012-11-06,2012-11-06,29.0295,29.1428,0.3902607064797614,0,strength,2012
XLY,oversold_reclaim_20d,2012-11-06,2012-11-06,19.9814,19.9926,0.05598616192490358,0,strength,2012
XLB,oversold_reclaim_20d,2012-11-06,2012-11-06,13.7909,13.8425,0.37454755641264104,0,strength,2012
SPY,oversold_reclaim_20d,2012-11-07,2012-11-08,111.8181,109.1866,-2.353391445137354,1,stop,2012
XLP,oversold_reclaim_20d,2012-11-07,2012-11-09,24.4002,23.8671,-2.1844615312716975,2,gap_stop,2012
GLD,oversold_reclaim_20d,2012-11-09,2012-11-09,168.3782,167.6522,-0.4311896264416082,0,strength,2012
SPY,oversold_reclaim_20d,2012-11-12,2012-11-16,109.3948,106.3979,-2.739551714288091,4,stop,2012
XLF,oversold_reclaim_20d,2012-11-12,2012-11-16,9.8288,9.5013,-3.332408825461064,4,stop,2012
XLV,oversold_reclaim_20d,2012-11-12,2012-11-15,31.5104,30.6793,-2.6377677442705916,3,stop,2012
XLY,oversold_reclaim_20d,2012-11-14,2012-11-19,19.5418,19.6561,0.5848373028203069,3,strength,2012
XLP,oversold_reclaim_20d,2012-11-14,2012-11-15,24.0189,23.4975,-2.170634648031844,1,stop,2012
EFA,oversold_reclaim_20d,2012-11-14,2012-11-19,34.8611,35.1414,0.8040634479039133,3,strength,2012
MDY,oversold_reclaim_20d,2012-11-14,2012-11-15,148.8144,144.469,-2.920042207839524,1,stop,2012
XLV,oversold_reclaim_20d,2012-11-19,2012-11-19,31.3827,31.3518,-0.09822006139511563,0,strength,2012
XLP,oversold_reclaim_20d,2012-11-19,2012-11-19,23.9773,24.1923,0.8965913108934798,0,strength,2012
XLE,oversold_reclaim_20d,2012-11-20,2012-11-20,21.4736,21.4033,-0.3275256341254251,0,strength,2012
SPY,oversold_reclaim_20d,2012-11-20,2012-11-20,109.6474,109.6489,0.0013655433496628788,0,strength,2012
XLF,oversold_reclaim_20d,2012-11-20,2012-11-20,9.8035,9.8596,0.5713464319121675,0,strength,2012
XLI,oversold_reclaim_20d,2012-11-20,2012-11-20,28.2493,28.2007,-0.17223280903883031,0,strength,2012
EEM,oversold_reclaim_20d,2012-11-20,2012-11-20,30.2348,30.3593,0.41187053788180883,0,strength,2012
MDY,oversold_reclaim_20d,2012-11-20,2012-11-20,148.9746,149.6443,0.4495695923864007,0,strength,2012
XLB,oversold_reclaim_20d,2012-11-20,2012-11-20,13.5036,13.5332,0.21918055712240037,0,strength,2012
XLV,oversold_reclaim_20d,2012-11-21,2012-11-21,31.5104,31.5033,-0.022760572544877622,0,strength,2012
XLY,oversold_reclaim_20d,2012-11-21,2012-11-21,19.7894,19.8222,0.16608792452090793,0,strength,2012
XLP,oversold_reclaim_20d,2012-11-21,2012-11-21,24.4002,24.3168,-0.3415596810600108,0,strength,2012
EFA,oversold_reclaim_20d,2012-11-21,2012-11-21,35.2977,35.2536,-0.12497171852560163,0,strength,2012
XLE,oversold_reclaim_20d,2012-11-23,2012-11-23,21.6629,21.8238,0.7427702657384794,0,strength,2012
SPY,oversold_reclaim_20d,2012-11-23,2012-11-23,110.6104,111.3505,0.6690812769718946,0,strength,2012
XLI,oversold_reclaim_20d,2012-11-23,2012-11-23,28.3585,28.6055,0.8709673201525048,0,strength,2012
EEM,oversold_reclaim_20d,2012-11-23,2012-11-23,30.724,30.7958,0.23359102070616977,0,strength,2012
MDY,oversold_reclaim_20d,2012-11-23,2012-11-23,151.0397,151.882,0.5576546291089501,0,strength,2012
XLB,oversold_reclaim_20d,2012-11-23,2012-11-23,13.6586,13.7294,0.5181927604241521,0,strength,2012
DIA,oversold_reclaim_20d,2012-11-26,2012-11-26,97.9517,98.0589,0.10937727176003609,0,strength,2012
XLF,oversold_reclaim_20d,2012-11-26,2012-11-26,9.9487,9.9415,-0.07315887012401268,0,strength,2012
IWM,oversold_reclaim_20d,2012-11-26,2012-11-26,66.951,67.1333,0.2721918842065518,0,strength,2012
XLV,oversold_reclaim_20d,2012-11-26,2012-11-26,31.8059,31.7503,-0.17474786636287876,0,strength,2012
XLY,oversold_reclaim_20d,2012-11-26,2012-11-26,20.0497,19.9926,-0.28477464425992194,0,strength,2012
XLP,oversold_reclaim_20d,2012-11-26,2012-11-26,24.6081,24.4967,-0.4528152198092217,0,strength,2012
EFA,oversold_reclaim_20d,2012-11-26,2012-11-26,35.8866,35.9271,0.11299203289523163,0,strength,2012
SPY,oversold_reclaim_20d,2012-11-27,2012-11-27,111.2261,110.5469,-0.6105893355562553,0,strength,2012
XLI,oversold_reclaim_20d,2012-11-27,2012-11-27,28.7174,28.5666,-0.525154658877991,0,strength,2012
EEM,oversold_reclaim_20d,2012-11-27,2012-11-28,30.8278,30.707,-0.39179703813173594,1,strength,2012
XLB,oversold_reclaim_20d,2012-11-27,2012-11-27,13.7606,13.6803,-0.5835400272479863,0,strength,2012
GLD,oversold_reclaim_20d,2012-12-07,2012-12-07,165.0449,164.9948,-0.03031976985055085,0,strength,2012
GLD,oversold_reclaim_20d,2012-12-12,2012-12-12,166.3662,165.6042,-0.4580033029504049,0,strength,2012
TLT,oversold_reclaim_20d,2012-12-14,2012-12-14,84.6965,84.8086,0.1323508284595265,0,strength,2012
GLD,oversold_reclaim_20d,2012-12-20,2012-12-26,160.0299,160.6192,0.36827730111459456,3,strength,2012
TLT,oversold_reclaim_20d,2012-12-26,2012-12-26,84.0285,84.0325,0.00479226083462958,0,strength,2012
GLD,oversold_reclaim_20d,2012-12-28,2012-12-31,161.1009,161.858,0.4699176881629574,1,strength,2012
XLP,oversold_reclaim_20d,2012-12-28,2012-12-31,24.2744,24.4148,0.5783050204790419,1,strength,2012
XLE,oversold_reclaim_20d,2013-01-02,2013-01-02,22.3902,22.3608,-0.13139286923389282,0,strength,2013
QQQ,oversold_reclaim_20d,2013-01-02,2013-01-02,59.7345,60.035,0.5031138112559397,0,strength,2013
XLV,oversold_reclaim_20d,2013-01-02,2013-01-02,32.6601,32.5868,-0.22433842956276484,0,strength,2013
DIA,oversold_reclaim_20d,2013-01-03,2013-01-03,101.696,101.4852,-0.20726393658322406,0,strength,2013
XLK,oversold_reclaim_20d,2013-01-03,2013-01-03,12.5742,12.4775,-0.7693215512192042,0,strength,2013
XLP,oversold_reclaim_20d,2013-01-03,2013-01-03,25.0595,24.9814,-0.3114673148161273,0,strength,2013
XLU,oversold_reclaim_20d,2013-01-03,2013-01-03,11.4354,11.4125,-0.19980019980018193,0,strength,2013
XLE,oversold_reclaim_20d,2013-01-04,2013-01-04,22.4332,22.6028,0.7560159201820627,0,strength,2013
XLV,oversold_reclaim_20d,2013-01-04,2013-01-04,32.7966,32.7711,-0.07763827220033104,0,strength,2013
DIA,oversold_reclaim_20d,2013-01-07,2013-01-07,101.7341,101.3941,-0.33417694830548683,0,strength,2013
XLP,oversold_reclaim_20d,2013-01-07,2013-01-07,25.0665,24.8835,-0.7300547243341726,0,strength,2013
XLU,oversold_reclaim_20d,2013-01-07,2013-01-11,11.4579,11.3612,-0.8440521831396763,4,strength,2013
XLK,oversold_reclaim_20d,2013-01-08,2013-01-10,12.4349,12.448,0.1050598755828469,2,strength,2013
QQQ,oversold_reclaim_20d,2013-01-08,2013-01-09,59.6539,59.6508,-0.005109807569225744,1,strength,2013
XLV,oversold_reclaim_20d,2013-01-08,2013-01-08,32.9331,32.8833,-0.1511397985657914,0,strength,2013
EEM,oversold_reclaim_20d,2013-02-11,2013-02-11,32.6508,32.6303,-0.06299076456823816,0,strength,2013
EEM,oversold_reclaim_20d,2013-02-13,2013-02-13,32.9716,32.8834,-0.2675437478421694,0,strength,2013
EEM,oversold_reclaim_20d,2013-02-15,2013-02-19,32.9641,32.8164,-0.44823162083200696,1,strength,2013
QQQ,oversold_reclaim_20d,2013-02-25,2013-02-26,60.4864,59.1249,-2.2508725020875198,1,stop,2013
EFA,oversold_reclaim_20d,2013-02-25,2013-02-25,39.3497,38.477,-2.2178969601624243,0,stop,2013
XLB,oversold_reclaim_20d,2013-02-25,2013-02-25,14.6487,14.2904,-2.4459353535507877,0,stop,2013
XLE,oversold_reclaim_20d,2013-02-27,2013-02-27,23.4645,23.8464,1.6278052623411865,0,strength,2013
SPY,oversold_reclaim_20d,2013-02-27,2013-02-27,119.1535,120.518,1.1451649800634511,0,strength,2013
DIA,oversold_reclaim_20d,2013-02-27,2013-02-27,105.9602,107.1662,1.1381587535798987,0,strength,2013
XLI,oversold_reclaim_20d,2013-02-27,2013-02-27,31.6315,32.1565,1.6598308523774419,0,strength,2013
XLY,oversold_reclaim_20d,2013-02-27,2013-02-27,21.484,21.724,1.1170353867058225,0,strength,2013
MDY,oversold_reclaim_20d,2013-02-27,2013-02-27,167.8168,169.8218,1.1947767350597438,0,strength,2013
XLB,oversold_reclaim_20d,2013-02-27,2013-02-27,14.3551,14.6194,1.841257322353984,0,strength,2013
XLF,oversold_reclaim_20d,2013-02-28,2013-02-28,11.1926,11.1512,-0.36971943189749723,0,strength,2013
QQQ,oversold_reclaim_20d,2013-02-28,2013-02-28,60.2,59.9457,-0.422405140365989,0,strength,2013
EEM,oversold_reclaim_20d,2013-02-28,2013-02-28,32.3674,32.1687,-0.6138141816700693,0,strength,2013
EFA,oversold_reclaim_20d,2013-02-28,2013-02-28,38.9684,38.8639,-0.26831579831155805,0,strength,2013
XLY,oversold_reclaim_20d,2013-03-01,2013-03-01,21.6644,21.8826,1.0071423943475821,0,strength,2013
XLB,oversold_reclaim_20d,2013-03-01,2013-03-01,14.58,14.6536,0.5048472306570018,0,strength,2013
XLE,oversold_reclaim_20d,2013-03-04,2013-03-04,23.7929,23.776,-0.07105110867141606,0,strength,2013
SPY,oversold_reclaim_20d,2013-03-04,2013-03-04,120.64,121.3193,0.5630398202174813,0,strength,2013
DIA,oversold_reclaim_20d,2013-03-04,2013-03-04,107.1975,107.5245,0.3050360184621459,0,strength,2013
XLF,oversold_reclaim_20d,2013-03-04,2013-03-04,11.1735,11.278,0.9349333208723998,0,strength,2013
QQQ,oversold_reclaim_20d,2013-03-04,2013-03-04,60.1194,60.4638,0.5729181748823864,0,strength,2013
XLI,oversold_reclaim_20d,2013-03-04,2013-03-04,32.0794,32.0153,-0.19980019980019303,0,strength,2013
EEM,oversold_reclaim_20d,2013-03-04,2013-03-05,31.9496,32.325,1.1749813736745107,1,strength,2013
EFA,oversold_reclaim_20d,2013-03-04,2013-03-04,38.7611,38.9507,0.4890669437716211,0,strength,2013
MDY,oversold_reclaim_20d,2013-03-04,2013-03-04,169.1205,169.6106,0.2897816559340072,0,strength,2013
XLY,oversold_reclaim_20d,2013-03-05,2013-03-05,22.2185,22.2984,0.3596846169015455,0,strength,2013
XLB,oversold_reclaim_20d,2013-03-05,2013-03-05,14.8164,14.7716,-0.30253049571161705,0,strength,2013
SPY,oversold_reclaim_20d,2013-03-06,2013-03-06,123.0885,122.5728,-0.4189406238207183,0,strength,2013
XLF,oversold_reclaim_20d,2013-03-06,2013-03-06,11.4784,11.4492,-0.25503591839499684,0,strength,2013
QQQ,oversold_reclaim_20d,2013-03-06,2013-03-06,61.668,61.2053,-0.7502981262138664,0,strength,2013
XLI,oversold_reclaim_20d,2013-03-06,2013-03-06,32.7395,32.4702,-0.8226490843841971,0,strength,2013
MDY,oversold_reclaim_20d,2013-03-06,2013-03-06,172.5576,172.1706,-0.22428292810916517,0,strength,2013
EEM,oversold_reclaim_20d,2013-03-25,2013-03-26,31.5095,31.655,0.46172445960086517,1,strength,2013
SMH,oversold_reclaim_20d,2013-04-05,2013-04-08,14.6814,14.9164,1.6007722333798213,1,strength,2013
IWM,oversold_reclaim_20d,2013-04-05,2013-04-08,76.2923,77.7969,1.9721466748677585,1,strength,2013
XLI,oversold_reclaim_20d,2013-04-05,2013-04-08,31.974,32.4615,1.524640007986422,1,strength,2013
XLB,oversold_reclaim_20d,2013-04-05,2013-04-08,14.5291,14.6834,1.0624883979210908,1,strength,2013
XLE,oversold_reclaim_20d,2013-04-08,2013-04-08,23.8687,23.944,0.3158318480847022,0,strength,2013
EEM,oversold_reclaim_20d,2013-04-08,2013-04-09,30.9202,31.3349,1.341175263155736,1,strength,2013
XLF,oversold_reclaim_20d,2013-04-09,2013-04-09,11.6382,11.615,-0.19980019980019303,0,strength,2013
XLK,oversold_reclaim_20d,2013-04-09,2013-04-09,12.685,12.7188,0.26702128086661947,0,strength,2013
QQQ,oversold_reclaim_20d,2013-04-09,2013-04-09,61.3711,61.4992,0.2087368395896183,0,strength,2013
MDY,oversold_reclaim_20d,2013-04-09,2013-04-09,175.2187,174.6061,-0.3496346579820453,0,strength,2013
SMH,oversold_reclaim_20d,2013-04-10,2013-04-10,15.1244,15.3845,1.7199800933748621,0,strength,2013
XLE,oversold_reclaim_20d,2013-04-10,2013-04-10,24.2571,24.2763,0.07925630372418446,0,strength,2013
XLI,oversold_reclaim_20d,2013-04-10,2013-04-10,32.779,32.9971,0.6653125836653784,0,strength,2013
XLB,oversold_reclaim_20d,2013-04-10,2013-04-10,14.9272,14.9585,0.20974111982865473,0,strength,2013
XLF,oversold_reclaim_20d,2013-04-11,2013-04-11,11.804,11.7995,-0.03813205081959481,0,strength,2013
XLK,oversold_reclaim_20d,2013-04-11,2013-04-11,12.9011,12.9007,-0.0030867114986565802,0,strength,2013
QQQ,oversold_reclaim_20d,2013-04-11,2013-04-11,62.6721,62.6722,0.00022796575509520522,0,strength,2013
IWM,oversold_reclaim_20d,2013-04-11,2013-04-11,79.082,79.0838,0.0022835669028387073,0,strength,2013
EEM,oversold_reclaim_20d,2013-04-11,2013-04-11,31.7482,31.6624,-0.2701541654609785,0,strength,2013
MDY,oversold_reclaim_20d,2013-04-11,2013-04-11,177.2978,177.6973,0.22533569668645725,0,strength,2013
SMH,oversold_reclaim_20d,2013-04-12,2013-04-12,15.272,15.3195,0.3109779450932937,0,strength,2013
XLI,oversold_reclaim_20d,2013-04-12,2013-04-12,33.0316,32.8947,-0.41442465709552456,0,strength,2013
XLB,oversold_reclaim_20d,2013-04-12,2013-04-15,14.9655,14.5888,-2.517063330057767,1,stop,2013
XLF,oversold_reclaim_20d,2013-04-15,2013-04-17,11.753,11.4565,-2.522731267498657,2,stop,2013
XLK,oversold_reclaim_20d,2013-04-15,2013-04-17,12.8248,12.5349,-2.2603021019495517,2,stop,2013
QQQ,oversold_reclaim_20d,2013-04-15,2013-04-17,62.5195,61.0543,-2.343606557472633,2,stop,2013
XLE,oversold_reclaim_20d,2013-04-17,2013-04-22,23.1442,23.1871,0.18574855136690438,3,strength,2013
IWM,oversold_reclaim_20d,2013-04-17,2013-04-19,76.6295,76.2156,-0.540112474232668,2,strength,2013
EEM,oversold_reclaim_20d,2013-04-17,2013-04-19,30.8456,30.9999,0.5001379783279525,2,strength,2013
XLB,oversold_reclaim_20d,2013-04-17,2013-04-19,14.4142,14.4274,0.09174871593824463,2,strength,2013
SPY,oversold_reclaim_20d,2013-04-22,2013-04-22,124.3865,124.4488,0.050052267229383496,0,strength,2013
XLF,oversold_reclaim_20d,2013-04-22,2013-04-22,11.549,11.5132,-0.3099538751973996,0,strength,2013
QQQ,oversold_reclaim_20d,2013-04-22,2013-04-22,61.3083,61.5977,0.4720569538376518,0,strength,2013
XLI,oversold_reclaim_20d,2013-04-22,2013-04-23,31.895,32.0755,0.5657879372688246,1,strength,2013
MDY,oversold_reclaim_20d,2013-04-22,2013-04-22,173.2839,173.412,0.07389161739139727,0,strength,2013
XLK,oversold_reclaim_20d,2013-04-23,2013-04-23,12.596,12.6469,0.4046435026115791,0,strength,2013
IWM,oversold_reclaim_20d,2013-04-23,2013-04-23,77.2026,77.6455,0.5737593162335353,0,strength,2013
EEM,oversold_reclaim_20d,2013-04-23,2013-04-23,31.1514,31.2977,0.46936445413563455,0,strength,2013
XLB,oversold_reclaim_20d,2013-04-23,2013-04-23,14.6324,14.6911,0.4007754029213162,0,strength,2013
XLE,oversold_reclaim_20d,2013-04-24,2013-04-24,23.5881,23.7687,0.765458362399607,0,strength,2013
SPY,oversold_reclaim_20d,2013-04-24,2013-04-24,126.0233,125.8114,-0.16818191114684744,0,strength,2013
XLF,oversold_reclaim_20d,2013-04-24,2013-04-24,11.7593,11.7931,0.2870316539314688,0,strength,2013
QQQ,oversold_reclaim_20d,2013-04-24,2013-04-24,62.1606,62.1618,0.0018736931704399495,0,strength,2013
MDY,oversold_reclaim_20d,2013-04-24,2013-04-24,175.5497,175.8934,0.19579556916717866,0,strength,2013
XLK,oversold_reclaim_20d,2013-04-25,2013-04-25,12.7231,12.7104,-0.10007054883623967,0,strength,2013
IWM,oversold_reclaim_20d,2013-04-25,2013-04-25,78.4078,78.5624,0.19712926940376185,0,strength,2013
XLI,oversold_reclaim_20d,2013-04-25,2013-04-25,32.5817,32.5718,-0.03056609766853846,0,strength,2013
EEM,oversold_reclaim_20d,2013-04-25,2013-04-25,31.7184,31.7667,0.15226474338743134,0,strength,2013
XLB,oversold_reclaim_20d,2013-04-25,2013-04-25,15.0727,15.077,0.02834390621972993,0,strength,2013
SPY,oversold_reclaim_20d,2013-04-26,2013-04-26,126.4226,126.0983,-0.25652761973892213,0,strength,2013
XLF,oversold_reclaim_20d,2013-04-26,2013-04-26,11.8677,11.8122,-0.4677895413280564,0,strength,2013
QQQ,oversold_reclaim_20d,2013-04-26,2013-04-26,62.4657,62.2961,-0.27147952124770836,0,strength,2013
MDY,oversold_reclaim_20d,2013-04-26,2013-04-26,176.7038,175.8849,-0.4634049425480846,0,strength,2013
XLK,oversold_reclaim_20d,2013-04-29,2013-04-29,12.7612,12.888,0.9934227081778824,0,strength,2013
XLU,oversold_reclaim_20d,2013-05-15,2013-05-15,12.9327,13.0364,0.801459726775211,0,strength,2013
XLU,oversold_reclaim_20d,2013-05-20,2013-05-20,13.0949,12.9878,-0.8178346464234654,0,strength,2013
EFA,oversold_reclaim_20d,2013-05-31,2013-06-06,40.4734,39.4347,-2.56649234990467,4,stop,2013
XLP,oversold_reclaim_20d,2013-06-04,2013-06-07,28.6279,28.5988,-0.10160124674462034,3,strength,2013
XLU,oversold_reclaim_20d,2013-06-04,2013-06-06,12.2288,12.2174,-0.09389374762590608,2,strength,2013
SPY,oversold_reclaim_20d,2013-06-07,2013-06-07,130.8302,131.3258,0.3788380773583455,0,strength,2013
QQQ,oversold_reclaim_20d,2013-06-07,2013-06-07,65.2292,65.7167,0.7474127906486938,0,strength,2013
XLV,oversold_reclaim_20d,2013-06-07,2013-06-07,38.9457,39.0288,0.2134527280846399,0,strength,2013
XLY,oversold_reclaim_20d,2013-06-07,2013-06-07,24.1891,24.4374,1.0265933698541785,0,strength,2013
MDY,oversold_reclaim_20d,2013-06-07,2013-06-07,182.0075,182.3214,0.17245113364177111,0,strength,2013
XLB,oversold_reclaim_20d,2013-06-07,2013-06-07,15.2833,15.3521,0.45020647190514573,0,strength,2013
XLE,oversold_reclaim_20d,2013-06-10,2013-06-10,25.1759,24.9471,-0.9086453630119395,0,strength,2013
DIA,oversold_reclaim_20d,2013-06-10,2013-06-10,117.3776,116.6984,-0.5786389872667663,0,strength,2013
XLK,oversold_reclaim_20d,2013-06-10,2013-06-10,13.4987,13.4506,-0.3564759970531628,0,strength,2013
XLI,oversold_reclaim_20d,2013-06-10,2013-06-10,34.6812,34.3913,-0.8357568450207964,0,strength,2013
EFA,oversold_reclaim_20d,2013-06-10,2013-06-10,40.4467,40.2924,-0.38134613447219357,0,strength,2013
XLU,oversold_reclaim_20d,2013-06-10,2013-06-10,12.3586,12.2886,-0.5665185099941072,0,strength,2013
XLB,oversold_reclaim_20d,2013-06-11,2013-06-13,15.2794,15.4132,0.8754437989559216,2,strength,2013
DIA,oversold_reclaim_20d,2013-06-12,2013-06-13,116.9091,116.3534,-0.4753446270942985,1,strength,2013
XLV,oversold_reclaim_20d,2013-06-12,2013-06-13,39.1795,39.1254,-0.13816750747533968,1,strength,2013
XLI,oversold_reclaim_20d,2013-06-12,2013-06-13,34.405,34.3362,-0.19983460617267745,1,strength,2013
XLY,oversold_reclaim_20d,2013-06-12,2013-06-13,24.3355,24.3041,-0.1291379934612813,1,strength,2013
EFA,oversold_reclaim_20d,2013-06-12,2013-06-13,40.3329,40.3592,0.06503259517933735,1,strength,2013
SMH,oversold_reclaim_20d,2013-06-14,2013-06-17,16.5226,16.5546,0.1936524487528235,1,strength,2013
XLE,oversold_reclaim_20d,2013-06-14,2013-06-17,24.8922,24.9409,0.19574454543598296,1,strength,2013
SPY,oversold_reclaim_20d,2013-06-14,2013-06-17,130.9739,131.0389,0.04960996327467715,1,strength,2013
XLK,oversold_reclaim_20d,2013-06-14,2013-06-17,13.3843,13.3956,0.08462787013374662,1,strength,2013
QQQ,oversold_reclaim_20d,2013-06-14,2013-06-17,65.2831,65.3496,0.10196987239399213,1,strength,2013
MDY,oversold_reclaim_20d,2013-06-14,2013-06-14,182.0754,181.0849,-0.543998438433424,0,strength,2013
SMH,oversold_reclaim_20d,2013-06-19,2013-06-20,16.8265,16.2476,-3.4403820830248844,1,stop,2013
MDY,oversold_reclaim_20d,2013-06-19,2013-06-20,183.5944,178.3817,-2.839222240606132,1,stop,2013
IWM,oversold_reclaim_20d,2013-06-24,2013-06-26,79.9923,80.8082,1.0200045100883903,2,strength,2013
XLV,oversold_reclaim_20d,2013-06-24,2013-06-26,37.9718,38.6477,1.7800157102657588,2,strength,2013
XLP,oversold_reclaim_20d,2013-06-24,2013-06-26,27.7583,28.1203,1.3042309397359286,2,strength,2013
XLU,oversold_reclaim_20d,2013-06-24,2013-06-25,11.8762,12.0977,1.8655628091055698,1,strength,2013
XLY,oversold_reclaim_20d,2013-06-25,2013-06-26,23.7868,24.0326,1.0331488035640213,1,strength,2013
SMH,oversold_reclaim_20d,2013-06-26,2013-06-26,16.2534,16.1645,-0.5464240968442335,0,strength,2013
XLE,oversold_reclaim_20d,2013-06-26,2013-06-26,24.2804,24.2628,-0.07246376879944672,0,strength,2013
SPY,oversold_reclaim_20d,2013-06-26,2013-06-26,128.3277,128.2876,-0.03124774367005978,0,strength,2013
XLF,oversold_reclaim_20d,2013-06-26,2013-06-26,12.3571,12.3388,-0.14811753330313815,0,strength,2013
XLI,oversold_reclaim_20d,2013-06-26,2013-06-26,33.6843,33.6249,-0.17629065632976948,0,strength,2013
EFA,oversold_reclaim_20d,2013-06-26,2013-06-26,38.8146,38.7104,-0.2685873571022568,0,strength,2013
MDY,oversold_reclaim_20d,2013-06-26,2013-06-26,177.8601,177.1053,-0.42439303849642895,0,strength,2013
DIA,oversold_reclaim_20d,2013-06-27,2013-06-27,115.2335,115.1646,-0.05979626612840905,0,strength,2013
QQQ,oversold_reclaim_20d,2013-06-27,2013-06-27,64.1215,63.9305,-0.2978628575612152,0,strength,2013
XLB,oversold_reclaim_20d,2013-06-27,2013-06-27,14.9798,14.8459,-0.8937507112680931,0,strength,2013
XLU,oversold_reclaim_20d,2013-06-27,2013-06-27,12.3186,12.2776,-0.33254651074046127,0,strength,2013
XLF,oversold_reclaim_20d,2013-06-28,2013-06-28,12.4787,12.4218,-0.455701660577279,0,strength,2013
IWM,oversold_reclaim_20d,2013-06-28,2013-06-28,82.0909,81.5905,-0.6096588402283665,0,strength,2013
XLI,oversold_reclaim_20d,2013-06-28,2013-06-28,33.954,33.7595,-0.5728847097154155,0,strength,2013
XLY,oversold_reclaim_20d,2013-06-28,2013-06-28,24.2449,24.3259,0.33389615172310094,0,strength,2013
EFA,oversold_reclaim_20d,2013-06-28,2013-06-28,39.11,39.025,-0.21721801816190212,0,strength,2013
MDY,oversold_reclaim_20d,2013-06-28,2013-06-28,179.6059,178.5671,-0.5783632338759004,0,strength,2013
SMH,oversold_reclaim_20d,2013-07-01,2013-07-01,16.3836,16.2902,-0.5701147301032883,0,strength,2013
XLK,oversold_reclaim_20d,2013-07-01,2013-07-01,13.1281,13.0721,-0.42647066049403826,0,strength,2013
QQQ,oversold_reclaim_20d,2013-07-01,2013-07-01,64.5805,64.4155,-0.2554392152959273,0,strength,2013
XLU,oversold_reclaim_20d,2013-07-01,2013-07-08,12.3284,12.2416,-0.7038145871169688,4,strength,2013
XLE,oversold_reclaim_20d,2013-07-02,2013-07-02,24.4353,24.4329,-0.010015935420004674,0,strength,2013
SPY,oversold_reclaim_20d,2013-07-02,2013-07-02,129.3311,129.1448,-0.14404563422666383,0,strength,2013
IWM,oversold_reclaim_20d,2013-07-02,2013-07-02,83.0939,82.8603,-0.28113881456963696,0,strength,2013
XLI,oversold_reclaim_20d,2013-07-02,2013-07-05,34.0492,34.282,0.6837529753494831,2,strength,2013
XLY,oversold_reclaim_20d,2013-07-02,2013-07-02,24.5129,24.5372,0.09931564754250832,0,strength,2013
EFA,oversold_reclaim_20d,2013-07-02,2013-07-02,39.4307,39.1953,-0.5970657026399984,0,strength,2013
MDY,oversold_reclaim_20d,2013-07-02,2013-07-02,181.6498,180.9554,-0.3822756637101743,0,strength,2013
DIA,oversold_reclaim_20d,2013-08-13,2013-08-13,119.0326,118.8102,-0.18687162570272253,0,strength,2013
XLF,oversold_reclaim_20d,2013-08-14,2013-08-19,13.061,12.7506,-2.3764468213541834,3,stop,2013
SMH,oversold_reclaim_20d,2013-08-19,2013-08-22,16.2534,16.2382,-0.09314644505211689,3,strength,2013
XLV,oversold_reclaim_20d,2013-08-20,2013-08-22,40.1183,40.1432,0.06214019707739826,2,strength,2013
XLE,oversold_reclaim_20d,2013-08-21,2013-08-22,24.8473,25.0976,1.0071335506597112,1,strength,2013
SPY,oversold_reclaim_20d,2013-08-21,2013-08-22,132.5419,133.03,0.3683259471767508,1,strength,2013
XLF,oversold_reclaim_20d,2013-08-21,2013-08-22,12.709,12.7986,0.704737488745466,1,strength,2013
IWM,oversold_reclaim_20d,2013-08-21,2013-08-22,86.0822,86.9408,0.997498240917194,1,strength,2013
XLY,oversold_reclaim_20d,2013-08-21,2013-08-22,25.1828,25.236,0.21126643672961798,1,strength,2013
MDY,oversold_reclaim_20d,2013-08-21,2013-08-22,187.0065,188.1882,0.6318891215592481,1,strength,2013
XLU,oversold_reclaim_20d,2013-08-21,2013-08-23,12.2891,12.3169,0.2259816125109726,2,strength,2013
DIA,oversold_reclaim_20d,2013-08-23,2013-08-23,115.6025,115.5566,-0.039678555590672016,0,strength,2013
XLI,oversold_reclaim_20d,2013-08-23,2013-08-23,35.8818,35.7309,-0.42044728797187014,0,strength,2013
XLP,oversold_reclaim_20d,2013-08-23,2013-08-23,28.4177,28.4529,0.12389618921888612,0,strength,2013
XLE,oversold_reclaim_20d,2013-08-26,2013-08-26,25.3987,25.2336,-0.6501671662899944,0,strength,2013
SPY,oversold_reclaim_20d,2013-08-26,2013-08-26,133.8824,132.982,-0.6724993482534081,0,strength,2013
XLV,oversold_reclaim_20d,2013-08-26,2013-08-26,40.4018,40.3049,-0.23981723344428385,0,strength,2013
MDY,oversold_reclaim_20d,2013-08-27,2013-09-03,186.9895,182.5899,-2.3528570659333004,4,stop,2013
XLE,oversold_reclaim_20d,2013-08-28,2013-08-28,25.2067,25.4933,1.1370788542875765,0,strength,2013
XLU,oversold_reclaim_20d,2013-08-28,2013-08-28,12.2432,12.2613,0.1474731503117166,0,strength,2013
SMH,oversold_reclaim_20d,2013-08-29,2013-08-29,16.097,16.1905,0.5809429766263863,0,strength,2013
SPY,oversold_reclaim_20d,2013-08-29,2013-09-03,131.2817,131.6923,0.31277840157024617,2,strength,2013
DIA,oversold_reclaim_20d,2013-08-29,2013-09-03,114.3892,114.2301,-0.13909073346819456,2,strength,2013
XLF,oversold_reclaim_20d,2013-08-29,2013-09-03,12.4403,12.5176,0.62155396075807,2,strength,2013
XLK,oversold_reclaim_20d,2013-08-29,2013-09-03,13.3922,13.3612,-0.23153490174510072,2,strength,2013
QQQ,oversold_reclaim_20d,2013-08-29,2013-09-03,67.8748,68.1793,0.4486588950102455,2,strength,2013
IWM,oversold_reclaim_20d,2013-08-29,2013-09-03,85.4049,85.3779,-0.03164660217465087,2,strength,2013
XLV,oversold_reclaim_20d,2013-08-29,2013-09-03,39.8267,40.0462,0.5511673456428667,2,strength,2013
XLI,oversold_reclaim_20d,2013-08-29,2013-09-03,34.9457,35.0896,0.41192233676183854,2,strength,2013
XLY,oversold_reclaim_20d,2013-08-29,2013-08-29,24.9148,25.0332,0.4753431823105281,0,strength,2013
XLP,oversold_reclaim_20d,2013-08-30,2013-08-30,28.0136,27.9576,-0.19980019980019303,0,strength,2013
EFA,oversold_reclaim_20d,2013-08-30,2013-09-03,40.6864,41.075,0.9552256675708248,1,strength,2013
SMH,oversold_reclaim_20d,2013-09-05,2013-09-05,16.6746,16.7019,0.16405309456501982,0,strength,2013
SPY,oversold_reclaim_20d,2013-09-05,2013-09-05,133.1279,132.95,-0.13360735996166273,0,strength,2013
DIA,oversold_reclaim_20d,2013-09-05,2013-09-05,115.2856,115.009,-0.23993807772725306,0,strength,2013
XLF,oversold_reclaim_20d,2013-09-05,2013-09-05,12.6643,12.6453,-0.14937107960265594,0,strength,2013
XLK,oversold_reclaim_20d,2013-09-05,2013-09-05,13.5328,13.4972,-0.2626283286056519,0,strength,2013
QQQ,oversold_reclaim_20d,2013-09-05,2013-09-05,69.0899,69.0237,-0.0957950267105323,0,strength,2013
IWM,oversold_reclaim_20d,2013-09-05,2013-09-05,86.3699,86.265,-0.12154675650738467,0,strength,2013
XLV,oversold_reclaim_20d,2013-09-05,2013-09-05,40.6691,40.5635,-0.25942744979382537,0,strength,2013
XLI,oversold_reclaim_20d,2013-09-05,2013-09-05,35.5645,35.533,-0.08849228892156003,0,strength,2013
XLY,oversold_reclaim_20d,2013-09-05,2013-09-05,25.4032,25.3265,-0.3016676455220302,0,strength,2013
XLP,oversold_reclaim_20d,2013-09-05,2013-09-05,28.2121,28.0708,-0.5007878301067192,0,strength,2013
EFA,oversold_reclaim_20d,2013-09-05,2013-09-05,41.3483,41.4087,0.1460976469641384,0,strength,2013
MDY,oversold_reclaim_20d,2013-09-05,2013-09-05,185.4054,185.239,-0.08978654584719248,0,strength,2013
XLB,oversold_reclaim_20d,2013-09-05,2013-09-05,15.8439,15.8315,-0.07830193134199526,0,strength,2013
EFA,oversold_reclaim_20d,2013-09-09,2013-09-09,41.9625,42.2056,0.5792541002741736,0,strength,2013
IWM,oversold_reclaim_20d,2013-09-10,2013-09-10,88.5286,88.6727,0.16282937708493872,0,strength,2013
XLI,oversold_reclaim_20d,2013-09-10,2013-09-10,36.326,36.4831,0.43226244997485175,0,strength,2013
MDY,oversold_reclaim_20d,2013-09-10,2013-09-10,190.0553,190.466,0.21609341693777928,0,strength,2013
XLU,oversold_reclaim_20d,2013-09-11,2013-09-13,12.253,12.1697,-0.680246026395348,2,strength,2013
DIA,oversold_reclaim_20d,2013-10-10,2013-10-10,115.4793,116.655,1.018096376156663,0,strength,2013
XLF,oversold_reclaim_20d,2013-10-10,2013-10-10,12.7849,12.9517,1.3047344194137667,0,strength,2013
XLK,oversold_reclaim_20d,2013-10-10,2013-10-10,13.6625,13.7463,0.6131094094881773,0,strength,2013
SMH,oversold_reclaim_20d,2013-10-11,2013-10-11,17.4779,17.547,0.3952858986686181,0,strength,2013
XLE,oversold_reclaim_20d,2013-10-11,2013-10-11,25.8371,26.1799,1.3269004176864607,0,strength,2013
SPY,oversold_reclaim_20d,2013-10-11,2013-10-11,136.245,137.0595,0.5978396860035318,0,strength,2013
QQQ,oversold_reclaim_20d,2013-10-11,2013-10-11,70.7869,71.3843,0.8438948589606143,0,strength,2013
IWM,oversold_reclaim_20d,2013-10-11,2013-10-11,89.8337,91.2128,1.535203295305565,0,strength,2013
XLV,oversold_reclaim_20d,2013-10-11,2013-10-11,41.4387,41.5832,0.3486577727061846,0,strength,2013
XLI,oversold_reclaim_20d,2013-10-11,2013-10-11,37.0592,37.2238,0.44407041952347903,0,strength,2013
XLY,oversold_reclaim_20d,2013-10-11,2013-10-11,26.0932,26.2963,0.7783083112327338,0,strength,2013
MDY,oversold_reclaim_20d,2013-10-11,2013-10-11,193.7076,195.656,1.0058945495901694,0,strength,2013
XLB,oversold_reclaim_20d,2013-10-11,2013-10-11,16.404,16.4641,0.3663031795048566,0,strength,2013
DIA,oversold_reclaim_20d,2013-10-14,2013-10-14,117.0666,118.0768,0.8629577868187077,0,strength,2013
XLF,oversold_reclaim_20d,2013-10-14,2013-10-14,12.9648,13.0863,0.9376655390935351,0,strength,2013
XLK,oversold_reclaim_20d,2013-10-14,2013-10-14,13.808,13.9086,0.7282954624402871,0,strength,2013
SMH,oversold_reclaim_20d,2013-10-15,2013-10-15,17.7124,17.5513,-0.9093404955164308,0,strength,2013
XLE,oversold_reclaim_20d,2013-10-15,2013-10-15,26.3133,26.2607,-0.19980019980019303,0,strength,2013
SPY,oversold_reclaim_20d,2013-10-15,2013-10-15,137.5355,136.6087,-0.6738950962262735,0,strength,2013
QQQ,oversold_reclaim_20d,2013-10-15,2013-10-15,71.9786,71.6095,-0.5127319557209242,0,strength,2013
IWM,oversold_reclaim_20d,2013-10-15,2013-10-15,91.6585,90.7723,-0.9668488968766265,0,strength,2013
XLV,oversold_reclaim_20d,2013-10-15,2013-10-15,41.9185,41.6156,-0.7226193529298652,0,strength,2013
XLI,oversold_reclaim_20d,2013-10-15,2013-10-15,37.3621,36.9931,-0.9874782542835137,0,strength,2013
XLY,oversold_reclaim_20d,2013-10-15,2013-10-15,26.4053,26.1535,-0.9533786948449086,0,strength,2013
MDY,oversold_reclaim_20d,2013-10-15,2013-10-15,196.116,194.3263,-0.9125964293950406,0,strength,2013
XLB,oversold_reclaim_20d,2013-10-15,2013-10-15,16.501,16.4216,-0.4811981720515446,0,strength,2013
SMH,oversold_reclaim_20d,2013-10-17,2013-10-17,17.5865,17.794,1.1801565642203249,0,strength,2013
XLE,oversold_reclaim_20d,2013-10-17,2013-10-17,26.6805,26.711,0.11450888533097725,0,strength,2013
SPY,oversold_reclaim_20d,2013-10-17,2013-10-17,138.2292,139.4423,0.8775819792457451,0,strength,2013
DIA,oversold_reclaim_20d,2013-10-17,2013-10-17,117.779,118.6023,0.699061057658179,0,strength,2013
XLF,oversold_reclaim_20d,2013-10-17,2013-10-17,13.2025,13.3813,1.3542624818593696,0,strength,2013
XLK,oversold_reclaim_20d,2013-10-17,2013-10-17,13.8936,13.9598,0.4766066517626122,0,strength,2013
QQQ,oversold_reclaim_20d,2013-10-17,2013-10-17,72.2404,72.8349,0.8228958363493133,0,strength,2013
IWM,oversold_reclaim_20d,2013-10-17,2013-10-17,91.667,92.7037,1.1308713869138787,0,strength,2013
XLV,oversold_reclaim_20d,2013-10-17,2013-10-17,42.3252,42.825,1.1809815778875077,0,strength,2013
XLI,oversold_reclaim_20d,2013-10-17,2013-10-17,37.1708,37.5261,0.9556929384325841,0,strength,2013
XLY,oversold_reclaim_20d,2013-10-17,2013-10-17,26.4183,26.6726,0.9627600889835053,0,strength,2013
MDY,oversold_reclaim_20d,2013-10-17,2013-10-17,196.1929,198.2984,1.0731693962537259,0,strength,2013
XLB,oversold_reclaim_20d,2013-10-17,2013-10-17,16.5669,16.8046,1.4351217929462923,0,strength,2013
EEM,oversold_reclaim_20d,2013-11-11,2013-11-14,31.077,31.2713,0.6253920846095884,3,strength,2013
EEM,oversold_reclaim_20d,2013-11-18,2013-11-18,32.3467,32.1538,-0.596198600006681,0,strength,2013
XLU,oversold_reclaim_20d,2013-12-02,2013-12-03,12.5987,12.5669,-0.25220752663195345,1,strength,2013
XLU,oversold_reclaim_20d,2013-12-05,2013-12-06,12.5888,12.6924,0.8231631882340773,1,strength,2013
EFA,oversold_reclaim_20d,2013-12-09,2013-12-09,44.5284,44.4735,-0.12332028323239763,0,strength,2013
EFA,oversold_reclaim_20d,2013-12-11,2013-12-12,44.4943,43.72,-1.7402232355433145,1,stop,2013
XLE,oversold_reclaim_20d,2013-12-13,2013-12-16,26.5187,26.6707,0.5732171748951354,1,strength,2013
EFA,oversold_reclaim_20d,2013-12-17,2013-12-18,43.9211,44.4468,1.1968305395252177,1,strength,2013
XLE,oversold_reclaim_20d,2013-12-19,2013-12-19,26.8797,26.9968,0.4357173560125993,0,strength,2013
XLV,oversold_reclaim_20d,2013-12-19,2013-12-19,44.6106,44.5296,-0.18160119848755762,0,strength,2013
XLP,oversold_reclaim_20d,2013-12-19,2013-12-19,30.4312,30.3917,-0.12960362159435412,0,strength,2013
XLU,oversold_reclaim_20d,2013-12-19,2013-12-19,12.5921,12.5009,-0.7242383338344371,0,strength,2013
SPY,oversold_reclaim_20d,2013-12-20,2013-12-20,146.5382,146.9496,0.2807227142922475,0,strength,2013
EFA,oversold_reclaim_20d,2013-12-20,2013-12-20,44.6803,44.7009,0.04619633588482941,0,strength,2013
XLE,oversold_reclaim_20d,2013-12-23,2013-12-23,27.1987,27.0726,-0.4636652431990518,0,strength,2013
XLF,oversold_reclaim_20d,2013-12-23,2013-12-23,14.0133,13.9853,-0.19980019980019303,0,strength,2013
XLV,oversold_reclaim_20d,2013-12-23,2013-12-23,45.0802,44.9249,-0.34444147902640276,0,strength,2013
XLP,oversold_reclaim_20d,2013-12-23,2013-12-23,30.6625,30.5008,-0.5274050595067248,0,strength,2013
XLU,oversold_reclaim_20d,2013-12-23,2013-12-23,12.7202,12.5746,-1.1442831644841944,0,strength,2013
SPY,oversold_reclaim_20d,2013-12-24,2013-12-24,148.0385,148.0584,0.013424399961126099,0,strength,2013
XLP,oversold_reclaim_20d,2013-12-26,2013-12-26,30.6265,30.6658,0.12818919613506452,0,strength,2013
EEM,oversold_reclaim_20d,2013-12-26,2013-12-27,31.152,31.4322,0.8995372359558385,1,strength,2013
XLU,oversold_reclaim_20d,2013-12-26,2013-12-27,12.6633,12.618,-0.35792872931318387,1,strength,2013
SPY,oversold_reclaim_20d,2013-12-27,2013-12-27,149.3036,148.803,-0.33532463827317116,0,strength,2013
XLY,oversold_reclaim_20d,2014-01-23,2014-01-24,28.2953,27.7395,-1.9643067335308073,1,stop,2014
SMH,oversold_reclaim_20d,2014-01-29,2014-01-30,18.1091,18.2754,0.9185600155520612,1,strength,2014
XLE,oversold_reclaim_20d,2014-01-29,2014-01-30,26.242,26.3581,0.44232567111095467,1,strength,2014
SPY,oversold_reclaim_20d,2014-01-29,2014-01-30,144.016,145.0637,0.7275083445384745,1,strength,2014
DIA,oversold_reclaim_20d,2014-01-29,2014-01-30,122.8407,122.9917,0.12297254794000345,1,strength,2014
XLF,oversold_reclaim_20d,2014-01-29,2014-01-30,13.5744,13.7276,1.1289468107412715,1,strength,2014
QQQ,oversold_reclaim_20d,2014-01-29,2014-01-30,77.0796,78.182,1.4301606847431536,1,strength,2014
IWM,oversold_reclaim_20d,2014-01-29,2014-01-30,95.3259,96.0878,0.7992670949005465,1,strength,2014
XLI,oversold_reclaim_20d,2014-01-29,2014-01-30,39.8994,40.1954,0.7418395246435283,1,strength,2014
XLY,oversold_reclaim_20d,2014-01-29,2014-01-30,27.4772,27.6742,0.7169511943360352,1,strength,2014
XLP,oversold_reclaim_20d,2014-01-29,2014-01-31,29.7351,29.0514,-2.299061332445407,2,gap_stop,2014
EFA,oversold_reclaim_20d,2014-01-29,2014-02-03,44.2329,43.3152,-2.0746245177386213,3,stop,2014
MDY,oversold_reclaim_20d,2014-01-29,2014-01-30,202.8286,204.9796,1.060512979182393,1,strength,2014
XLB,oversold_reclaim_20d,2014-01-30,2014-01-30,17.3032,17.2609,-0.24479837436665042,0,strength,2014
XLK,oversold_reclaim_20d,2014-01-31,2014-01-31,14.8224,14.9473,0.8428037989175241,0,strength,2014
SMH,oversold_reclaim_20d,2014-02-03,2014-02-05,18.0914,17.5748,-2.8555431790479924,2,stop,2014
SPY,oversold_reclaim_20d,2014-02-03,2014-02-03,144.3322,141.1763,-2.1865853116932232,0,stop,2014
DIA,oversold_reclaim_20d,2014-02-03,2014-02-03,121.9914,119.2978,-2.2080421809655415,0,stop,2014
XLF,oversold_reclaim_20d,2014-02-03,2014-02-03,13.5808,13.2121,-2.7153667347397326,0,stop,2014
QQQ,oversold_reclaim_20d,2014-02-03,2014-02-03,77.9853,75.9952,-2.5518997633246165,0,stop,2014
IWM,oversold_reclaim_20d,2014-02-03,2014-02-03,95.3173,92.5103,-2.9449914597656335,0,stop,2014
XLI,oversold_reclaim_20d,2014-02-03,2014-02-03,39.9795,38.9077,-2.680961378017732,0,stop,2014
XLY,oversold_reclaim_20d,2014-02-03,2014-02-03,27.3118,26.5838,-2.665440772450589,0,stop,2014
MDY,oversold_reclaim_20d,2014-02-03,2014-02-03,204.1564,198.9121,-2.568746989638715,0,stop,2014
XLB,oversold_reclaim_20d,2014-02-03,2014-02-05,17.155,16.6731,-2.8091093587481297,2,stop,2014
SPY,oversold_reclaim_20d,2014-02-05,2014-02-06,141.7452,143.6473,1.3419342622303043,1,strength,2014
DIA,oversold_reclaim_20d,2014-02-05,2014-02-06,119.7708,121.4133,1.3713378160021827,1,strength,2014
XLF,oversold_reclaim_20d,2014-02-05,2014-02-06,13.3614,13.5472,1.391205707624188,1,strength,2014
XLK,oversold_reclaim_20d,2014-02-05,2014-02-06,14.689,14.8657,1.2029959651247424,1,strength,2014
QQQ,oversold_reclaim_20d,2014-02-05,2014-02-06,76.645,77.5221,1.1444613321621944,1,strength,2014
IWM,oversold_reclaim_20d,2014-02-05,2014-02-07,92.7101,94.1746,1.5795999504228275,2,strength,2014
XLV,oversold_reclaim_20d,2014-02-05,2014-02-06,45.219,45.1531,-0.14574287117139484,1,strength,2014
XLI,oversold_reclaim_20d,2014-02-05,2014-02-06,39.0503,39.6598,1.5607911556396958,1,strength,2014
XLY,oversold_reclaim_20d,2014-02-05,2014-02-06,26.8766,27.4961,2.304919086361079,1,strength,2014
EFA,oversold_reclaim_20d,2014-02-05,2014-02-06,43.3656,44.1582,1.8278838603537073,1,strength,2014
MDY,oversold_reclaim_20d,2014-02-05,2014-02-06,198.5368,201.6111,1.5484861831826402,1,strength,2014
SMH,oversold_reclaim_20d,2014-02-07,2014-02-07,18.1091,18.249,0.7726780692629553,0,strength,2014
XLE,oversold_reclaim_20d,2014-02-07,2014-02-07,26.1544,26.2239,0.26549587071844627,0,strength,2014
XLB,oversold_reclaim_20d,2014-02-07,2014-02-07,17.2642,17.4049,0.8151188070156135,0,strength,2014
SPY,oversold_reclaim_20d,2014-02-10,2014-02-10,145.7353,145.695,-0.02763648911218164,0,strength,2014
DIA,oversold_reclaim_20d,2014-02-10,2014-02-10,122.9186,122.6653,-0.20612280257568116,0,strength,2014
XLF,oversold_reclaim_20d,2014-02-10,2014-02-10,13.7487,13.7276,-0.15294610041296508,0,strength,2014
XLK,oversold_reclaim_20d,2014-02-10,2014-02-10,15.0977,15.0975,-0.0007693213640802554,0,strength,2014
QQQ,oversold_reclaim_20d,2014-02-10,2014-02-10,79.0358,79.3569,0.4063043896055829,0,strength,2014
XLV,oversold_reclaim_20d,2014-02-10,2014-02-10,46.1092,46.3105,0.43654647791628864,0,strength,2014
XLI,oversold_reclaim_20d,2014-02-10,2014-02-10,40.4681,40.0915,-0.9307179946017041,0,strength,2014
XLY,oversold_reclaim_20d,2014-02-10,2014-02-10,27.9298,27.8175,-0.40194653515231993,0,strength,2014
XLP,oversold_reclaim_20d,2014-02-10,2014-02-10,29.4043,29.4819,0.2638159420065955,0,strength,2014
EFA,oversold_reclaim_20d,2014-02-10,2014-02-10,44.6941,44.5841,-0.2459096122985338,0,strength,2014
MDY,oversold_reclaim_20d,2014-02-10,2014-02-10,203.6852,203.9964,0.1527749814529189,0,strength,2014
SMH,oversold_reclaim_20d,2014-02-11,2014-02-11,18.4047,18.5748,0.9245007027051333,0,strength,2014
IWM,oversold_reclaim_20d,2014-02-11,2014-02-11,94.6783,95.2629,0.6174944693643436,0,strength,2014
XLB,oversold_reclaim_20d,2014-02-11,2014-02-11,17.5685,17.6931,0.7088844059962796,0,strength,2014
SPY,oversold_reclaim_20d,2014-02-12,2014-02-12,147.8033,147.3623,-0.2983642876220882,0,strength,2014
DIA,oversold_reclaim_20d,2014-02-12,2014-02-12,124.6639,124.1893,-0.3806838741549967,0,strength,2014
XLK,oversold_reclaim_20d,2014-02-12,2014-02-12,15.3514,15.3422,-0.05997630660693476,0,strength,2014
QQQ,oversold_reclaim_20d,2014-02-12,2014-02-12,80.5845,80.4144,-0.2110186214294263,0,strength,2014
XLV,oversold_reclaim_20d,2014-02-12,2014-02-12,47.179,46.938,-0.510758591323357,0,strength,2014
XLI,oversold_reclaim_20d,2014-02-12,2014-02-12,40.6844,40.771,0.21283910341791668,0,strength,2014
MDY,oversold_reclaim_20d,2014-02-12,2014-02-12,206.9748,207.1939,0.10586883659917667,0,strength,2014
SMH,oversold_reclaim_20d,2014-02-13,2014-02-13,18.6605,18.8742,1.1450244918199015,0,strength,2014
IWM,oversold_reclaim_20d,2014-02-13,2014-02-13,94.8999,96.8531,2.0582078455469333,0,strength,2014
EFA,oversold_reclaim_20d,2014-03-18,2014-03-18,45.4237,45.5802,0.34464795907760415,0,strength,2014
EFA,oversold_reclaim_20d,2014-03-21,2014-03-25,45.1621,45.3673,0.4542762817852042,2,strength,2014
XLV,oversold_reclaim_20d,2014-03-26,2014-03-31,47.7848,47.8365,0.10826353619801665,3,strength,2014
EFA,oversold_reclaim_20d,2014-03-28,2014-03-28,46.0226,45.9306,-0.19980019980020414,0,strength,2014
XLI,oversold_reclaim_20d,2014-03-31,2014-03-31,41.8351,42.0165,0.4335507362323021,0,strength,2014
XLY,oversold_reclaim_20d,2014-03-31,2014-03-31,28.2272,28.197,-0.1071963025522038,0,strength,2014
MDY,oversold_reclaim_20d,2014-03-31,2014-03-31,213.6556,214.8061,0.5384843985096532,0,strength,2014
IWM,oversold_reclaim_20d,2014-04-01,2014-04-01,99.6296,100.4877,0.8612715560554207,0,strength,2014
QQQ,oversold_reclaim_20d,2014-04-02,2014-04-02,81.66,81.3604,-0.3668882838480325,0,strength,2014
XLI,oversold_reclaim_20d,2014-04-02,2014-04-02,42.4305,42.6107,0.4246568900369452,0,strength,2014
XLY,oversold_reclaim_20d,2014-04-02,2014-04-02,28.6681,28.7808,0.3928908020898847,0,strength,2014
MDY,oversold_reclaim_20d,2014-04-02,2014-04-02,217.4952,217.4293,-0.030310159108926094,0,strength,2014
IWM,oversold_reclaim_20d,2014-04-03,2014-04-03,101.1417,99.9165,-1.2112925567755672,0,strength,2014
GLD,oversold_reclaim_20d,2014-04-07,2014-04-07,125.1951,124.7851,-0.3274697933969173,0,strength,2014
QQQ,oversold_reclaim_20d,2014-04-09,2014-04-09,78.9894,79.8868,1.136085225311989,0,strength,2014
IWM,oversold_reclaim_20d,2014-04-09,2014-04-09,97.383,98.2541,0.894500236605511,0,strength,2014
XLY,oversold_reclaim_20d,2014-04-09,2014-04-09,28.0133,28.197,0.6555904192182993,0,strength,2014
MDY,oversold_reclaim_20d,2014-04-09,2014-04-09,211.7744,212.7314,0.451933340263011,0,strength,2014
SPY,oversold_reclaim_20d,2014-04-10,2014-04-10,152.39,148.9316,-2.2694221173166995,0,stop,2014
XLF,oversold_reclaim_20d,2014-04-10,2014-04-10,14.2985,13.9299,-2.577498761610675,0,stop,2014
XLV,oversold_reclaim_20d,2014-04-10,2014-04-10,47.6618,46.1011,-3.274646445548124,0,stop,2014
SPY,oversold_reclaim_20d,2014-04-15,2014-04-15,149.3273,149.7443,0.279269933250359,0,strength,2014
DIA,oversold_reclaim_20d,2014-04-15,2014-04-15,126.5242,126.8103,0.22614389802189105,0,strength,2014
XLK,oversold_reclaim_20d,2014-04-15,2014-04-15,15.3829,15.4039,0.13650749951585883,0,strength,2014
XLY,oversold_reclaim_20d,2014-04-15,2014-04-16,27.4764,27.7482,0.9894025842205778,1,strength,2014
XLF,oversold_reclaim_20d,2014-04-16,2014-04-16,14.0911,14.1082,0.1213927249088309,0,strength,2014
IWM,oversold_reclaim_20d,2014-04-16,2014-04-16,95.6147,95.7903,0.18360117832616485,0,strength,2014
XLV,oversold_reclaim_20d,2014-04-16,2014-04-16,46.8014,46.5361,-0.5667753418811761,0,strength,2014
XLI,oversold_reclaim_20d,2014-04-16,2014-04-16,41.6018,42.0245,1.0161006624204605,0,strength,2014
MDY,oversold_reclaim_20d,2014-04-16,2014-04-16,209.9361,210.2454,0.14729792246153117,0,strength,2014
XLB,oversold_reclaim_20d,2014-04-16,2014-04-16,18.383,18.5182,0.7358902023268277,0,strength,2014
SPY,oversold_reclaim_20d,2014-04-17,2014-04-17,151.4125,151.5246,0.07401921241321219,0,strength,2014
DIA,oversold_reclaim_20d,2014-04-17,2014-04-17,128.1455,127.9989,-0.1144021984145982,0,strength,2014
XLK,oversold_reclaim_20d,2014-04-17,2014-04-17,15.5125,15.5333,0.13369791851776114,0,strength,2014
QQQ,oversold_reclaim_20d,2014-04-17,2014-04-17,78.2511,78.4131,0.20707130011696773,0,strength,2014
SMH,oversold_reclaim_20d,2014-04-21,2014-04-21,20.0104,19.966,-0.2218067073133767,0,strength,2014
XLF,oversold_reclaim_20d,2014-04-21,2014-04-21,14.1689,14.1212,-0.3367097136998676,0,strength,2014
IWM,oversold_reclaim_20d,2014-04-21,2014-04-21,96.6398,96.7195,0.08249480819775279,0,strength,2014
XLI,oversold_reclaim_20d,2014-04-21,2014-04-21,42.5109,42.4742,-0.08647413951560212,0,strength,2014
XLY,oversold_reclaim_20d,2014-04-21,2014-04-21,27.8299,27.8571,0.09764138305972114,0,strength,2014
MDY,oversold_reclaim_20d,2014-04-21,2014-04-21,211.0872,211.2655,0.08448332641646239,0,strength,2014
XLB,oversold_reclaim_20d,2014-04-21,2014-04-21,18.6454,18.5808,-0.3465645643664472,0,strength,2014
SPY,oversold_reclaim_20d,2014-04-22,2014-04-22,152.5122,152.744,0.15200506031010086,0,strength,2014
DIA,oversold_reclaim_20d,2014-04-22,2014-04-22,128.6859,128.8197,0.10391312322624024,0,strength,2014
XLK,oversold_reclaim_20d,2014-04-22,2014-04-22,15.6335,15.6583,0.15870029935609598,0,strength,2014
QQQ,oversold_reclaim_20d,2014-04-22,2014-04-22,79.4269,79.623,0.24686054476592556,0,strength,2014
XLV,oversold_reclaim_20d,2014-04-22,2014-04-22,47.5143,47.5993,0.17888496673668097,0,strength,2014
SMH,oversold_reclaim_20d,2014-04-23,2014-04-23,20.1031,20.0409,-0.30930061414989884,0,strength,2014
IWM,oversold_reclaim_20d,2014-04-23,2014-04-23,97.793,97.1032,-0.705428230254268,0,strength,2014
XLY,oversold_reclaim_20d,2014-04-23,2014-04-23,28.1224,27.966,-0.556112218024607,0,strength,2014
MDY,oversold_reclaim_20d,2014-04-23,2014-04-23,213.2518,212.5171,-0.34451998404351203,0,strength,2014
XLB,oversold_reclaim_20d,2014-04-23,2014-04-23,18.6963,18.6512,-0.24161980382393367,0,strength,2014
XLI,oversold_reclaim_20d,2014-04-24,2014-04-24,42.9534,42.5785,-0.8727377021790717,0,strength,2014
SMH,oversold_reclaim_20d,2014-05-01,2014-05-07,19.6752,19.6006,-0.3788322499605923,4,strength,2014
IWM,oversold_reclaim_20d,2014-05-13,2014-05-13,95.9991,94.9974,-1.043454653985254,0,strength,2014
IWM,oversold_reclaim_20d,2014-05-20,2014-05-21,94.3761,93.4543,-0.9766846858582978,1,strength,2014
IWM,oversold_reclaim_20d,2014-05-23,2014-05-23,94.5555,95.4578,0.9542709096070245,0,strength,2014
XLU,oversold_reclaim_20d,2014-05-23,2014-05-23,14.0805,14.0523,-0.19980019980018193,0,strength,2014
XLU,oversold_reclaim_20d,2014-05-29,2014-05-29,14.2727,14.2879,0.10669049954752374,0,strength,2014
TLT,oversold_reclaim_20d,2014-06-23,2014-06-24,80.5865,80.7844,0.24547046321448107,1,strength,2014
TLT,oversold_reclaim_20d,2014-06-27,2014-06-27,81.737,81.258,-0.5860803849429996,0,strength,2014
TLT,oversold_reclaim_20d,2014-07-08,2014-07-08,80.9097,81.1078,0.24478373507004214,0,strength,2014
TLT,oversold_reclaim_20d,2014-07-10,2014-07-10,81.8469,81.1942,-0.7975117179745639,0,strength,2014
TLT,oversold_reclaim_20d,2014-07-14,2014-07-14,81.6594,81.3596,-0.36719322433413915,0,strength,2014
XLI,oversold_reclaim_20d,2014-07-14,2014-07-14,43.9495,43.8617,-0.19980019980018193,0,strength,2014
EFA,oversold_reclaim_20d,2014-07-14,2014-07-14,48.0344,47.8399,-0.4049384604610795,0,strength,2014
XLI,oversold_reclaim_20d,2014-07-17,2014-07-22,43.998,43.8859,-0.2547818381656408,3,strength,2014
IWM,oversold_reclaim_20d,2014-07-21,2014-07-22,97.3367,98.1863,0.8728449239284286,1,strength,2014
MDY,oversold_reclaim_20d,2014-07-21,2014-07-21,220.2533,220.1744,-0.035835635269843014,0,strength,2014
XLU,oversold_reclaim_20d,2014-07-21,2014-07-21,14.5171,14.4915,-0.1764173179463424,0,strength,2014
XLU,oversold_reclaim_20d,2014-07-24,2014-07-24,14.4763,14.5187,0.29251717719003256,0,strength,2014
GLD,oversold_reclaim_20d,2014-07-28,2014-07-28,125.5654,125.4544,-0.08841653600165644,0,strength,2014
SMH,oversold_reclaim_20d,2014-07-31,2014-08-04,21.6427,21.6346,-0.03708127199455458,2,strength,2014
XLP,oversold_reclaim_20d,2014-08-04,2014-08-06,31.6698,31.7953,0.396344437513374,2,strength,2014
XLB,oversold_reclaim_20d,2014-08-04,2014-08-04,19.2168,19.3512,0.6994819875996816,0,strength,2014
XLU,oversold_reclaim_20d,2014-08-04,2014-08-06,14.0785,13.6723,-2.8852425327499542,2,stop,2014
XLE,oversold_reclaim_20d,2014-08-05,2014-08-07,30.635,29.8251,-2.643424745489631,2,stop,2014
SPY,oversold_reclaim_20d,2014-08-05,2014-08-08,158.0474,157.846,-0.12745681427340783,3,strength,2014
DIA,oversold_reclaim_20d,2014-08-05,2014-08-08,129.7979,129.9631,0.12726478040847589,3,strength,2014
XLF,oversold_reclaim_20d,2014-08-05,2014-08-08,14.4981,14.5276,0.20318095286018245,3,strength,2014
XLI,oversold_reclaim_20d,2014-08-05,2014-08-08,41.7755,42.0792,0.7269475527409641,3,strength,2014
XLY,oversold_reclaim_20d,2014-08-05,2014-08-08,28.9043,29.0039,0.3446007413517638,3,strength,2014
EFA,oversold_reclaim_20d,2014-08-05,2014-08-07,46.5957,45.7296,-1.8587378192379655,2,stop,2014
MDY,oversold_reclaim_20d,2014-08-05,2014-08-08,214.4636,215.7719,0.610069455590101,3,strength,2014
SMH,oversold_reclaim_20d,2014-08-07,2014-08-11,21.5809,21.5422,-0.1793893889538989,2,strength,2014
XLB,oversold_reclaim_20d,2014-08-07,2014-08-08,19.4175,19.3237,-0.4830159309713089,1,strength,2014
GLD,oversold_reclaim_20d,2014-08-08,2014-08-08,126.2061,126.0638,-0.11272784310765172,0,strength,2014
XLU,oversold_reclaim_20d,2014-08-08,2014-08-08,13.871,14.0639,1.390538118160145,0,strength,2014
XLE,oversold_reclaim_20d,2014-08-11,2014-08-11,30.6918,30.4351,-0.8361922171737812,0,strength,2014
XLV,oversold_reclaim_20d,2014-08-11,2014-08-11,49.9878,49.6662,-0.6432114130301203,0,strength,2014
XLP,oversold_reclaim_20d,2014-08-11,2014-08-11,32.0335,32.0784,0.1401994065610923,0,strength,2014
EEM,oversold_reclaim_20d,2014-08-11,2014-08-11,33.7581,33.9591,0.5955162804108349,0,strength,2014
XLK,oversold_reclaim_20d,2014-08-12,2014-08-12,16.8469,16.8219,-0.14838212415357876,0,strength,2014
XLY,oversold_reclaim_20d,2014-08-12,2014-08-12,29.1539,29.0607,-0.319737089694172,0,strength,2014
SMH,oversold_reclaim_20d,2014-08-13,2014-08-13,21.6559,21.7887,0.6134047722718083,0,strength,2014
DIA,oversold_reclaim_20d,2014-08-13,2014-08-13,130.7431,130.867,0.09479405394061668,0,strength,2014
XLF,oversold_reclaim_20d,2014-08-13,2014-08-13,14.6347,14.638,0.02197586965491105,0,strength,2014
XLV,oversold_reclaim_20d,2014-08-13,2014-08-13,49.922,50.2245,0.605971204384681,0,strength,2014
EEM,oversold_reclaim_20d,2014-08-13,2014-08-13,34.3346,34.1816,-0.4455513221119034,0,strength,2014
SPY,oversold_reclaim_20d,2014-08-14,2014-08-14,159.7335,159.9045,0.10702089601035691,0,strength,2014
XLK,oversold_reclaim_20d,2014-08-14,2014-08-14,17.0335,17.0168,-0.0980906619194366,0,strength,2014
XLI,oversold_reclaim_20d,2014-08-14,2014-08-14,42.6564,42.7486,0.21619385647613232,0,strength,2014
XLY,oversold_reclaim_20d,2014-08-14,2014-08-14,29.2765,29.3929,0.3973611033306179,0,strength,2014
XLP,oversold_reclaim_20d,2014-08-14,2014-08-14,32.3245,32.2817,-0.13241590659679447,0,strength,2014
XLU,oversold_reclaim_20d,2014-08-14,2014-08-14,14.0751,14.1895,0.812915009238746,0,strength,2014
SMH,oversold_reclaim_20d,2014-08-15,2014-08-15,22.0441,22.0441,-8.302042846519697e-05,0,strength,2014
DIA,oversold_reclaim_20d,2014-08-15,2014-08-15,132.0955,130.989,-0.8376297487334705,0,strength,2014
XLV,oversold_reclaim_20d,2014-08-15,2014-08-15,51.164,50.8648,-0.5848840449701798,0,strength,2014
EEM,oversold_reclaim_20d,2014-08-15,2014-08-15,34.3807,34.1432,-0.6906601597187589,0,strength,2014
EFA,oversold_reclaim_20d,2014-08-15,2014-08-15,46.906,46.5448,-0.7700086197617306,0,strength,2014
XLE,oversold_reclaim_20d,2014-09-12,2014-09-16,29.8931,30.0414,0.49578384103532436,2,strength,2014
EEM,oversold_reclaim_20d,2014-09-17,2014-09-22,33.9733,33.0463,-2.7286672164259618,3,gap_stop,2014
IWM,oversold_reclaim_20d,2014-09-18,2014-09-18,98.8202,98.7853,-0.035254191761513454,0,strength,2014
EFA,oversold_reclaim_20d,2014-09-19,2014-09-23,46.7508,45.9184,-1.780575981241228,2,gap_stop,2014
TLT,oversold_reclaim_20d,2014-09-22,2014-09-22,83.0614,82.9533,-0.13017315415603248,0,strength,2014
TLT,oversold_reclaim_20d,2014-09-24,2014-09-24,83.5178,83.0039,-0.6153126514120144,0,strength,2014
XLE,oversold_reclaim_20d,2014-09-25,2014-09-26,29.2442,29.1256,-0.4054976393246812,1,strength,2014
XLI,oversold_reclaim_20d,2014-09-25,2014-10-01,43.4179,42.6019,-1.8794296175240088,4,stop,2014
XLY,oversold_reclaim_20d,2014-09-25,2014-09-26,29.6777,29.5613,-0.39192616971478467,1,strength,2014
EEM,oversold_reclaim_20d,2014-09-25,2014-09-29,32.6743,31.7346,-2.876137933369727,2,gap_stop,2014
MDY,oversold_reclaim_20d,2014-09-25,2014-10-01,218.2245,213.5617,-2.136662044956028,4,stop,2014
SMH,oversold_reclaim_20d,2014-09-29,2014-09-29,22.4411,22.6208,0.8007564379635124,0,strength,2014
SPY,oversold_reclaim_20d,2014-09-29,2014-10-02,161.3354,158.2482,-1.9134990481641023,3,stop,2014
XLK,oversold_reclaim_20d,2014-09-29,2014-09-30,17.2027,17.3554,0.8874134130284705,1,strength,2014
QQQ,oversold_reclaim_20d,2014-09-29,2014-09-30,89.5955,90.3216,0.8104210096132158,1,strength,2014
XLU,oversold_reclaim_20d,2014-09-29,2014-09-29,14.298,14.3927,0.6624060497804729,0,strength,2014
XLE,oversold_reclaim_20d,2014-09-30,2014-10-01,29.0888,28.1614,-3.1881338110287927,1,stop,2014
XLY,oversold_reclaim_20d,2014-09-30,2014-10-01,29.5414,28.9087,-2.1419181687730826,1,stop,2014
XLU,oversold_reclaim_20d,2014-10-01,2014-10-01,14.5039,14.4954,-0.05813592305826676,0,strength,2014
DIA,oversold_reclaim_20d,2014-10-03,2014-10-03,133.5749,133.9632,0.2906631128479331,0,strength,2014
XLF,oversold_reclaim_20d,2014-10-03,2014-10-03,15.1263,15.1743,0.31729424840087894,0,strength,2014
QQQ,oversold_reclaim_20d,2014-10-03,2014-10-03,89.5772,89.7548,0.19825684146366207,0,strength,2014
XLY,oversold_reclaim_20d,2014-10-03,2014-10-03,29.2294,29.3596,0.44533086659115373,0,strength,2014
SPY,oversold_reclaim_20d,2014-10-06,2014-10-06,162.2728,161.0869,-0.7308152818964908,0,strength,2014
XLK,oversold_reclaim_20d,2014-10-06,2014-10-06,17.3378,17.2205,-0.6764694177285868,0,strength,2014
XLV,oversold_reclaim_20d,2014-10-06,2014-10-06,53.4019,52.8174,-1.0945953217538107,0,strength,2014
XLI,oversold_reclaim_20d,2014-10-06,2014-10-06,43.1175,42.6586,-1.064357673575922,0,strength,2014
XLU,oversold_reclaim_20d,2014-10-06,2014-10-06,14.6137,14.5673,-0.316962299603496,0,strength,2014
SMH,oversold_reclaim_20d,2014-10-09,2014-10-10,22.0132,20.8818,-5.139794576229317,1,gap_stop,2014
SPY,oversold_reclaim_20d,2014-10-09,2014-10-10,161.4423,157.5342,-2.4207487176506004,1,stop,2014
DIA,oversold_reclaim_20d,2014-10-09,2014-10-10,133.7885,130.7073,-2.3030069933537733,1,stop,2014
XLF,oversold_reclaim_20d,2014-10-09,2014-10-10,15.172,14.7817,-2.572245532027262,1,stop,2014
XLK,oversold_reclaim_20d,2014-10-09,2014-10-10,17.2899,16.8374,-2.616949753549669,1,stop,2014
QQQ,oversold_reclaim_20d,2014-10-09,2014-10-10,90.0719,87.5518,-2.797831976154175,1,stop,2014
XLV,oversold_reclaim_20d,2014-10-09,2014-10-13,53.3276,51.8138,-2.8386453015811886,2,stop,2014
XLY,oversold_reclaim_20d,2014-10-09,2014-10-10,29.2602,28.4889,-2.6360225109615776,1,stop,2014
EEM,oversold_reclaim_20d,2014-10-09,2014-10-10,32.2055,31.1693,-3.2174872111098374,1,stop,2014
XLB,oversold_reclaim_20d,2014-10-09,2014-10-09,19.0568,18.5343,-2.741533256226969,0,stop,2014
XLF,oversold_reclaim_20d,2014-10-15,2014-10-17,14.4666,14.5485,0.56608452061504,2,strength,2014
QQQ,oversold_reclaim_20d,2014-10-17,2014-10-17,85.1982,85.028,-0.19980019980019303,0,strength,2014
XLV,oversold_reclaim_20d,2014-10-17,2014-10-17,50.1824,50.3952,0.42404913797722266,0,strength,2014
XLP,oversold_reclaim_20d,2014-10-17,2014-10-17,32.5732,32.6104,0.11424714863099705,0,strength,2014
XLK,oversold_reclaim_20d,2014-10-20,2014-10-20,16.318,16.4941,1.0796883679428548,0,strength,2014
SMH,oversold_reclaim_20d,2014-10-21,2014-10-21,21.0251,21.4938,2.229243377845025,0,strength,2014
SPY,oversold_reclaim_20d,2014-10-21,2014-10-21,157.6185,159.265,1.044586009265025,0,strength,2014
XLF,oversold_reclaim_20d,2014-10-21,2014-10-21,14.7932,14.907,0.769562464070539,0,strength,2014
QQQ,oversold_reclaim_20d,2014-10-21,2014-10-21,87.5434,88.5662,1.1683327307219438,0,strength,2014
XLV,oversold_reclaim_20d,2014-10-21,2014-10-21,51.5363,52.356,1.5906229402240957,0,strength,2014
XLP,oversold_reclaim_20d,2014-10-21,2014-10-21,33.0418,33.2169,0.5299553328095508,0,strength,2014
DIA,oversold_reclaim_20d,2014-10-22,2014-10-22,131.4237,129.7482,-1.2748539975106943,0,strength,2014
XLK,oversold_reclaim_20d,2014-10-22,2014-10-22,16.9063,16.7377,-0.9973820060021121,0,strength,2014
XLI,oversold_reclaim_20d,2014-10-22,2014-10-22,43.0281,42.2128,-1.894843212786157,0,strength,2014
XLY,oversold_reclaim_20d,2014-10-22,2014-10-22,29.124,28.7325,-1.3441630006648109,0,strength,2014
XLB,oversold_reclaim_20d,2014-10-22,2014-10-22,19.2545,18.924,-1.716274824163444,0,strength,2014
XLP,oversold_reclaim_20d,2014-10-23,2014-10-23,33.4884,33.2681,-0.6580059393431759,0,strength,2014
SPY,oversold_reclaim_20d,2014-12-12,2014-12-15,166.631,163.2672,-2.018717905593681,1,stop,2014
XLI,oversold_reclaim_20d,2014-12-12,2014-12-17,44.9607,44.7331,-0.5062350561905293,3,strength,2014
MDY,oversold_reclaim_20d,2014-12-17,2014-12-17,219.5542,223.3207,1.7155115221939132,0,strength,2014
SPY,oversold_reclaim_20d,2014-12-18,2014-12-18,168.3579,169.6956,0.7945913801781446,0,strength,2014
DIA,oversold_reclaim_20d,2014-12-18,2014-12-18,139.535,140.6885,0.8266694124914542,0,strength,2014
XLF,oversold_reclaim_20d,2014-12-18,2014-12-18,16.0668,16.1585,0.5710163727512318,0,strength,2014
XLK,oversold_reclaim_20d,2014-12-18,2014-12-18,18.0003,18.1557,0.8634524001057908,0,strength,2014
QQQ,oversold_reclaim_20d,2014-12-18,2014-12-18,94.5975,95.3136,0.7570270572399673,0,strength,2014
IWM,oversold_reclaim_20d,2014-12-18,2014-12-18,101.8604,101.8028,-0.05658011405366148,0,strength,2014
XLY,oversold_reclaim_20d,2014-12-18,2014-12-18,31.1145,31.1225,0.025710293037572995,0,strength,2014
XLP,oversold_reclaim_20d,2014-12-18,2014-12-18,35.7214,35.8181,0.2706650561624224,0,strength,2014
XLV,oversold_reclaim_20d,2014-12-19,2014-12-19,58.4135,58.2224,-0.32719952608061265,0,strength,2014
XLI,oversold_reclaim_20d,2014-12-19,2014-12-19,46.0951,46.1171,0.04771028505339281,0,strength,2014
MDY,oversold_reclaim_20d,2014-12-19,2014-12-19,228.2029,227.8162,-0.16947318872040373,0,strength,2014
XLB,oversold_reclaim_20d,2014-12-19,2014-12-19,19.356,19.3848,0.14893259967128092,0,strength,2014
SPY,oversold_reclaim_20d,2014-12-22,2014-12-22,170.949,171.2016,0.1477512666208769,0,strength,2014
QQQ,oversold_reclaim_20d,2014-12-22,2014-12-22,95.7683,95.9716,0.212241237952715,0,strength,2014
IWM,oversold_reclaim_20d,2014-12-22,2014-12-22,102.4968,102.7296,0.2271990988359729,0,strength,2014
DIA,oversold_reclaim_20d,2014-12-23,2014-12-23,142.9273,142.7686,-0.11102276120139587,0,strength,2014
XLF,oversold_reclaim_20d,2014-12-23,2014-12-23,16.372,16.3721,0.0002878486493163024,0,strength,2014
XLK,oversold_reclaim_20d,2014-12-23,2014-12-23,18.5102,18.4426,-0.3651489223897575,0,strength,2014
XLI,oversold_reclaim_20d,2014-12-23,2014-12-23,46.8872,46.7283,-0.3388426635877906,0,strength,2014
XLY,oversold_reclaim_20d,2014-12-23,2014-12-23,31.6803,31.6875,0.022590264733235443,0,strength,2014
XLP,oversold_reclaim_20d,2014-12-23,2014-12-23,36.3544,36.3774,0.0633667935653115,0,strength,2014
MDY,oversold_reclaim_20d,2014-12-23,2014-12-23,229.9801,229.5553,-0.18474813608290175,0,strength,2014
XLB,oversold_reclaim_20d,2014-12-24,2014-12-24,19.5151,19.4801,-0.17944922712422873,0,strength,2014
XLV,oversold_reclaim_20d,2014-12-26,2014-12-29,57.0961,57.3624,0.46641791689867595,1,strength,2014
SMH,oversold_reclaim_20d,2015-01-08,2015-01-08,23.9243,24.166,1.0102333892140658,0,strength,2015
XLF,oversold_reclaim_20d,2015-01-20,2015-01-21,15.4661,15.3632,-0.6658057286283992,1,strength,2015
QQQ,oversold_reclaim_20d,2015-01-20,2015-01-20,93.2673,93.2553,-0.012850761194083127,0,strength,2015
QQQ,oversold_reclaim_20d,2015-01-22,2015-01-22,94.2879,95.4669,1.2503859049236787,0,strength,2015
XLF,oversold_reclaim_20d,2015-01-23,2015-01-23,15.7615,15.5728,-1.1973963003885868,0,strength,2015
QQQ,oversold_reclaim_20d,2015-01-26,2015-01-26,95.7591,95.5678,-0.19980019980019303,0,strength,2015
XLF,oversold_reclaim_20d,2015-01-27,2015-02-02,15.4661,15.3173,-0.9622762886380865,4,strength,2015
DIA,oversold_reclaim_20d,2015-01-30,2015-02-02,137.7451,137.5255,-0.1593929430320662,1,strength,2015
XLK,oversold_reclaim_20d,2015-02-03,2015-02-03,17.7128,17.8261,0.6394796147989323,0,strength,2015
SMH,oversold_reclaim_20d,2015-02-04,2015-02-04,23.902,24.0324,0.5455293459801558,0,strength,2015
SPY,oversold_reclaim_20d,2015-02-04,2015-02-04,168.609,168.3876,-0.1312832952088061,0,strength,2015
DIA,oversold_reclaim_20d,2015-02-04,2015-02-04,139.8129,140.113,0.21461230416457422,0,strength,2015
XLF,oversold_reclaim_20d,2015-02-04,2015-02-04,15.5712,15.5335,-0.24187407487450407,0,strength,2015
XLP,oversold_reclaim_20d,2015-02-04,2015-02-04,36.0816,36.0904,0.024562825394180976,0,strength,2015
XLK,oversold_reclaim_20d,2015-02-05,2015-02-05,17.9713,18.0272,0.3111200916271484,0,strength,2015
SMH,oversold_reclaim_20d,2015-02-06,2015-02-06,24.3215,24.0146,-1.2618974222541213,0,strength,2015
SPY,oversold_reclaim_20d,2015-02-06,2015-02-06,170.7918,169.6172,-0.6877826493097539,0,strength,2015
DIA,oversold_reclaim_20d,2015-02-06,2015-02-06,142.2147,141.3511,-0.6072224082099509,0,strength,2015
XLF,oversold_reclaim_20d,2015-02-06,2015-02-06,15.8666,15.8152,-0.32367181375695386,0,strength,2015
XLP,oversold_reclaim_20d,2015-02-06,2015-02-06,36.3544,36.1125,-0.6653985897467019,0,strength,2015
XLK,oversold_reclaim_20d,2015-02-10,2015-02-10,18.1027,18.2108,0.5972532589832547,0,strength,2015
XLU,oversold_reclaim_20d,2015-02-11,2015-02-13,16.2394,15.5831,-4.041863802772905,2,stop,2015
TLT,oversold_reclaim_20d,2015-02-12,2015-02-17,94.9971,92.14,-3.0076102895316037,2,stop,2015
XLU,oversold_reclaim_20d,2015-02-18,2015-02-18,15.6128,15.9617,2.2343561620396635,0,strength,2015
TLT,oversold_reclaim_20d,2015-02-19,2015-02-23,92.8871,93.5863,0.7527094681855973,2,strength,2015
XLU,oversold_reclaim_20d,2015-02-24,2015-02-24,15.9452,16.0101,0.40688528184298356,0,strength,2015
TLT,oversold_reclaim_20d,2015-02-25,2015-02-25,94.8506,95.2241,0.3937812417507791,0,strength,2015
XLU,oversold_reclaim_20d,2015-03-04,2015-03-05,15.4155,15.4538,0.248364091407427,1,strength,2015
TLT,oversold_reclaim_20d,2015-03-11,2015-03-11,92.6864,93.1899,0.5432036689047903,0,strength,2015
XLF,oversold_reclaim_20d,2015-03-12,2015-03-12,15.8666,16.0445,1.1215164055193183,0,strength,2015
SPY,oversold_reclaim_20d,2015-03-13,2015-03-16,170.9655,172.1175,0.6738332423772642,1,strength,2015
DIA,oversold_reclaim_20d,2015-03-13,2015-03-16,142.2598,143.0818,0.5778422438272868,1,strength,2015
XLI,oversold_reclaim_20d,2015-03-13,2015-03-16,46.1359,46.4593,0.7010152504531852,1,strength,2015
XLP,oversold_reclaim_20d,2015-03-13,2015-03-16,35.8087,35.9653,0.4373059196323581,1,strength,2015
XLB,oversold_reclaim_20d,2015-03-13,2015-03-18,19.9329,19.4244,-2.5510286777267965,3,stop,2015
SMH,oversold_reclaim_20d,2015-03-16,2015-03-16,24.9998,25.2215,0.8869220832035118,0,strength,2015
XLF,oversold_reclaim_20d,2015-03-17,2015-03-17,16.1095,16.0904,-0.11846423742759571,0,strength,2015
XLK,oversold_reclaim_20d,2015-03-17,2015-03-17,18.348,18.3595,0.062331667707993255,0,strength,2015
QQQ,oversold_reclaim_20d,2015-03-17,2015-03-17,97.8465,98.0731,0.23162540830385936,0,strength,2015
XLU,oversold_reclaim_20d,2015-03-17,2015-03-17,15.2701,15.2569,-0.0866754258384117,0,strength,2015
SMH,oversold_reclaim_20d,2015-03-18,2015-03-18,25.0578,25.2839,0.9021769256944978,0,strength,2015
SPY,oversold_reclaim_20d,2015-03-18,2015-03-18,171.4781,173.6688,1.2775484922621594,0,strength,2015
XLI,oversold_reclaim_20d,2015-03-18,2015-03-18,46.1604,46.8179,1.4244061289948595,0,strength,2015
DIA,oversold_reclaim_20d,2015-03-19,2015-03-19,143.6872,142.9863,-0.48781779091943145,0,strength,2015
XLK,oversold_reclaim_20d,2015-03-19,2015-03-19,18.6197,18.5562,-0.3406978243350456,0,strength,2015
QQQ,oversold_reclaim_20d,2015-03-19,2015-03-19,99.3361,99.1835,-0.1536064146253402,0,strength,2015
XLP,oversold_reclaim_20d,2015-03-19,2015-03-20,35.9415,36.2374,0.823351764915059,1,strength,2015
XLU,oversold_reclaim_20d,2015-03-19,2015-03-19,15.6128,15.5229,-0.5759831665500759,0,strength,2015
SMH,oversold_reclaim_20d,2015-03-20,2015-03-20,25.5041,25.7159,0.8305083135557778,0,strength,2015
XLK,oversold_reclaim_20d,2015-03-23,2015-03-23,18.7179,18.6761,-0.2232510694728851,0,strength,2015
XLI,oversold_reclaim_20d,2015-03-23,2015-03-25,46.9385,45.7449,-2.543017872370734,2,stop,2015
XLB,oversold_reclaim_20d,2015-03-23,2015-03-30,19.6368,19.6375,0.0031242174278967028,5,strength,2015
XLP,oversold_reclaim_20d,2015-03-24,2015-03-24,36.4583,36.0893,-1.0121700001945677,0,strength,2015
SMH,oversold_reclaim_20d,2015-03-30,2015-03-30,24.7901,24.8786,0.35714308404668493,0,strength,2015
DIA,oversold_reclaim_20d,2015-03-30,2015-03-30,142.4425,143.0189,0.40467739539704617,0,strength,2015
XLK,oversold_reclaim_20d,2015-03-30,2015-03-30,18.3352,18.3819,0.2551398378313863,0,strength,2015
QQQ,oversold_reclaim_20d,2015-03-30,2015-03-30,97.8411,98.1699,0.33605211243759037,0,strength,2015
XLI,oversold_reclaim_20d,2015-03-30,2015-03-30,45.7737,46.1161,0.7481274973046403,0,strength,2015
XLB,oversold_reclaim_20d,2015-04-02,2015-04-02,19.4491,19.5179,0.3535077921673402,0,strength,2015
DIA,oversold_reclaim_20d,2015-04-06,2015-04-06,140.8528,142.3811,1.0850531787057305,0,strength,2015
XLI,oversold_reclaim_20d,2015-04-06,2015-04-06,45.142,45.7232,1.2873183754295026,0,strength,2015
TLT,oversold_reclaim_20d,2015-04-24,2015-04-24,94.6312,94.7578,0.1338042621821245,0,strength,2015
TLT,oversold_reclaim_20d,2015-05-01,2015-05-05,91.9433,89.5341,-2.6202100818578877,2,stop,2015
IWM,oversold_reclaim_20d,2015-05-04,2015-05-07,105.7293,105.1725,-0.5266185092657638,3,strength,2015
XLP,oversold_reclaim_20d,2015-05-04,2015-05-04,36.2135,36.193,-0.05667413274721422,0,strength,2015
MDY,oversold_reclaim_20d,2015-05-04,2015-05-04,239.7963,239.7247,-0.029837833450263584,0,strength,2015
XLP,oversold_reclaim_20d,2015-05-07,2015-05-07,35.9687,36.1041,0.37660108694683725,0,strength,2015
SPY,oversold_reclaim_20d,2015-05-08,2015-05-08,175.1421,175.4055,0.15040452104027047,0,strength,2015
XLI,oversold_reclaim_20d,2015-05-08,2015-05-08,46.3643,46.3208,-0.09385276536582055,0,strength,2015
MDY,oversold_reclaim_20d,2015-05-08,2015-05-08,239.9788,239.6121,-0.1528234332083489,0,strength,2015
EEM,oversold_reclaim_20d,2015-05-11,2015-05-14,33.386,33.3193,-0.1998196037917066,3,strength,2015
IWM,oversold_reclaim_20d,2015-05-12,2015-05-12,105.9197,105.8291,-0.0856034917244064,0,strength,2015
MDY,oversold_reclaim_20d,2015-05-12,2015-05-12,239.0317,239.0657,0.014237426868235481,0,strength,2015
SPY,oversold_reclaim_20d,2015-05-13,2015-05-14,174.8016,175.8946,0.62529909439617,1,strength,2015
XLI,oversold_reclaim_20d,2015-05-13,2015-05-13,46.4956,46.329,-0.35826938049812185,0,strength,2015
XLU,oversold_reclaim_20d,2015-05-18,2015-05-18,15.3869,15.4919,0.6827938832644653,0,strength,2015
XLU,oversold_reclaim_20d,2015-05-20,2015-05-20,15.5578,15.5511,-0.04312867018583244,0,strength,2015
EEM,oversold_reclaim_20d,2015-05-28,2015-06-04,32.3022,31.5246,-2.407465775219675,5,stop,2015
EFA,oversold_reclaim_20d,2015-06-09,2015-06-10,46.4318,47.2985,1.8666190640509672,1,strength,2015
XLP,oversold_reclaim_20d,2015-06-10,2015-06-10,35.5532,35.7413,0.5291292594925556,0,strength,2015
XLB,oversold_reclaim_20d,2015-06-10,2015-06-10,20.0322,20.0799,0.23792240484994398,0,strength,2015
SPY,oversold_reclaim_20d,2015-06-11,2015-06-11,175.6404,175.4138,-0.12900890052554015,0,strength,2015
DIA,oversold_reclaim_20d,2015-06-11,2015-06-11,144.7576,144.4284,-0.2274182997980989,0,strength,2015
XLK,oversold_reclaim_20d,2015-06-11,2015-06-11,18.995,18.9,-0.500266445294506,0,strength,2015
XLI,oversold_reclaim_20d,2015-06-11,2015-06-11,46.0526,46.0998,0.10241269863970892,0,strength,2015
XLY,oversold_reclaim_20d,2015-06-11,2015-06-11,34.0357,33.9942,-0.12190568933944101,0,strength,2015
XLB,oversold_reclaim_20d,2015-06-12,2015-06-12,20.1361,20.0081,-0.6352580711262212,0,strength,2015
XLY,oversold_reclaim_20d,2015-06-15,2015-06-16,33.6948,33.8837,0.5607170879046386,1,strength,2015
EFA,oversold_reclaim_20d,2015-06-15,2015-06-18,46.5671,47.064,1.0669756110382789,3,strength,2015
SPY,oversold_reclaim_20d,2015-06-16,2015-06-17,173.5226,174.5518,0.5931352833484338,1,strength,2015
DIA,oversold_reclaim_20d,2015-06-16,2015-06-17,142.6586,143.5008,0.5904114934548232,1,strength,2015
XLK,oversold_reclaim_20d,2015-06-16,2015-06-17,18.6475,18.7507,0.5535938424105602,1,strength,2015
XLB,oversold_reclaim_20d,2015-06-16,2015-06-17,19.8845,20.0719,0.9427266538900803,1,strength,2015
XLV,oversold_reclaim_20d,2015-06-17,2015-06-17,62.3076,62.1665,-0.22641266853216102,0,strength,2015
XLI,oversold_reclaim_20d,2015-06-17,2015-06-18,45.6014,46.067,1.0209971134110818,1,strength,2015
DIA,oversold_reclaim_20d,2015-06-19,2015-06-19,145.1016,144.1062,-0.6859863348011919,0,strength,2015
XLK,oversold_reclaim_20d,2015-06-19,2015-06-19,18.917,18.7601,-0.8292348825042706,0,strength,2015
XLV,oversold_reclaim_20d,2015-06-19,2015-06-19,63.2309,62.9964,-0.37086761133837687,0,strength,2015
XLB,oversold_reclaim_20d,2015-06-19,2015-06-19,20.2481,20.1036,-0.7139326451474526,0,strength,2015
XLV,oversold_reclaim_20d,2015-06-23,2015-06-23,63.7061,63.6121,-0.14756439616940842,0,strength,2015
XLI,oversold_reclaim_20d,2015-06-23,2015-06-23,46.2813,46.0078,-0.5908968514062751,0,strength,2015
EEM,oversold_reclaim_20d,2015-06-24,2015-06-24,31.967,31.7086,-0.8083380034599408,0,strength,2015
SMH,oversold_reclaim_20d,2015-07-06,2015-07-07,24.3527,23.5427,-3.3262489622939206,1,stop,2015
SPY,oversold_reclaim_20d,2015-07-07,2015-07-07,172.7226,173.2603,0.3113515430659408,0,strength,2015
DIA,oversold_reclaim_20d,2015-07-07,2015-07-07,142.0813,142.3987,0.22336888536429456,0,strength,2015
XLF,oversold_reclaim_20d,2015-07-07,2015-07-07,16.2138,16.2409,0.16681879481124096,0,strength,2015
XLK,oversold_reclaim_20d,2015-07-07,2015-07-07,18.4044,18.3588,-0.24772456013106847,0,strength,2015
QQQ,oversold_reclaim_20d,2015-07-07,2015-07-07,99.5996,99.5388,-0.060955993758438076,0,strength,2015
MDY,oversold_reclaim_20d,2015-07-07,2015-07-07,238.1796,238.5563,0.15817246620142278,0,strength,2015
SPY,oversold_reclaim_20d,2015-07-13,2015-07-13,174.4168,174.7179,0.1726771051984155,0,strength,2015
DIA,oversold_reclaim_20d,2015-07-13,2015-07-13,143.6477,143.9779,0.22991841257899992,0,strength,2015
XLK,oversold_reclaim_20d,2015-07-13,2015-07-13,18.4265,18.5528,0.6857145880263316,0,strength,2015
QQQ,oversold_reclaim_20d,2015-07-13,2015-07-13,100.3016,100.9863,0.682573154617816,0,strength,2015
IWM,oversold_reclaim_20d,2015-07-13,2015-07-13,108.473,108.9157,0.4081052829687293,0,strength,2015
EFA,oversold_reclaim_20d,2015-07-13,2015-07-13,46.7161,46.6445,-0.1533905878260966,0,strength,2015
MDY,oversold_reclaim_20d,2015-07-13,2015-07-13,239.9058,239.9049,-0.0003492943087324285,0,strength,2015
XLF,oversold_reclaim_20d,2015-07-14,2015-07-14,16.4521,16.5117,0.36223223694260565,0,strength,2015
SPY,oversold_reclaim_20d,2015-07-15,2015-07-15,175.8689,175.4175,-0.2566290182558495,0,strength,2015
DIA,oversold_reclaim_20d,2015-07-15,2015-07-15,144.8446,144.5712,-0.18873704830710825,0,strength,2015
XLK,oversold_reclaim_20d,2015-07-15,2015-07-15,18.6519,18.6278,-0.12886286409571346,0,strength,2015
QQQ,oversold_reclaim_20d,2015-07-15,2015-07-15,102.0475,101.7606,-0.28111108799258044,0,strength,2015
IWM,oversold_reclaim_20d,2015-07-15,2015-07-15,109.8118,108.9417,-0.7923910579816895,0,strength,2015
EFA,oversold_reclaim_20d,2015-07-15,2015-07-15,47.013,46.8613,-0.3227853961777716,0,strength,2015
MDY,oversold_reclaim_20d,2015-07-15,2015-07-15,241.5358,239.5742,-0.8121420391894119,0,strength,2015
XLF,oversold_reclaim_20d,2015-07-16,2015-07-16,16.8094,16.8155,0.035946015471766124,0,strength,2015
XLK,oversold_reclaim_20d,2015-07-17,2015-07-17,19.0672,19.157,0.47092442548082314,0,strength,2015
DIA,oversold_reclaim_20d,2015-07-29,2015-07-29,141.7742,142.2371,0.32656204083891804,0,strength,2015
IWM,oversold_reclaim_20d,2015-07-29,2015-07-29,105.5084,105.8008,0.27716336589380663,0,strength,2015
MDY,oversold_reclaim_20d,2015-07-29,2015-07-29,234.8931,237.0338,0.9113543217685649,0,strength,2015
DIA,oversold_reclaim_20d,2015-07-31,2015-07-31,142.8515,141.7717,-0.7559027890911452,0,strength,2015
IWM,oversold_reclaim_20d,2015-07-31,2015-07-31,106.456,106.6858,0.2158659199453572,0,strength,2015
MDY,oversold_reclaim_20d,2015-07-31,2015-07-31,238.3974,237.9385,-0.1925054049438657,0,strength,2015
IWM,oversold_reclaim_20d,2015-08-11,2015-08-14,104.7433,104.4299,-0.2992068718438379,3,strength,2015
XLF,oversold_reclaim_20d,2015-08-14,2015-08-14,16.5712,16.6768,0.6371835024279182,0,strength,2015
XLY,oversold_reclaim_20d,2015-08-14,2015-08-14,34.739,34.7316,-0.0211762309843877,0,strength,2015
EFA,oversold_reclaim_20d,2015-08-14,2015-08-20,46.1151,44.8955,-2.644643093808985,4,gap_stop,2015
SPY,oversold_reclaim_20d,2015-08-17,2015-08-17,174.183,175.4009,0.6991664719659063,0,strength,2015
XLK,oversold_reclaim_20d,2015-08-17,2015-08-17,18.674,18.813,0.7448338226474727,0,strength,2015
QQQ,oversold_reclaim_20d,2015-08-17,2015-08-17,101.8351,102.7287,0.8775082519092647,0,strength,2015
XLV,oversold_reclaim_20d,2015-08-17,2015-08-17,62.6389,63.3541,1.141853183394148,0,strength,2015
XLF,oversold_reclaim_20d,2015-08-18,2015-08-18,16.7234,16.6966,-0.16031630838762023,0,strength,2015
IWM,oversold_reclaim_20d,2015-08-18,2015-08-18,105.5953,104.6902,-0.8571335078267794,0,strength,2015
XLY,oversold_reclaim_20d,2015-08-18,2015-08-18,35.1742,35.0951,-0.22499804134384904,0,strength,2015
XLV,oversold_reclaim_20d,2015-08-20,2015-08-21,62.6639,60.9245,-2.7758326043286097,1,gap_stop,2015
XLY,oversold_reclaim_20d,2015-08-20,2015-08-21,34.7656,33.7078,-3.042834097335767,1,gap_stop,2015
XLY,oversold_reclaim_20d,2015-08-28,2015-08-28,33.4333,33.4906,0.17139978121423205,0,strength,2015
XLY,oversold_reclaim_20d,2015-10-05,2015-10-05,34.0719,34.2575,0.5444897806050397,0,strength,2015
XLP,oversold_reclaim_20d,2015-11-11,2015-11-13,36.7406,35.8448,-2.4382823589397473,2,stop,2015
XLY,oversold_reclaim_20d,2015-11-17,2015-11-18,35.2444,35.6678,1.2013945862094477,1,strength,2015
XLP,oversold_reclaim_20d,2015-11-17,2015-11-17,36.6505,36.4648,-0.5066842080026279,0,strength,2015
XLP,oversold_reclaim_20d,2015-11-19,2015-11-19,37.0637,37.0646,0.0025080776488772827,0,strength,2015
SMH,oversold_reclaim_20d,2015-11-20,2015-11-20,24.4241,24.402,-0.09038764557373069,0,strength,2015
XLY,oversold_reclaim_20d,2015-11-20,2015-11-20,36.0557,36.1394,0.23208259258789,0,strength,2015
XLY,oversold_reclaim_20d,2015-11-24,2015-11-24,36.0602,36.1972,0.38007637439241293,0,strength,2015
XLP,oversold_reclaim_20d,2015-11-24,2015-11-24,37.1088,37.2221,0.30536380624106574,0,strength,2015
DIA,oversold_reclaim_20d,2015-12-16,2015-12-16,143.1231,143.8167,0.48465775415691414,0,strength,2015
SPY,oversold_reclaim_20d,2015-12-17,2015-12-17,174.8285,171.5154,-1.8950595452630559,0,strength,2015
XLF,oversold_reclaim_20d,2015-12-17,2015-12-17,16.3131,15.9884,-1.9899399406069995,0,strength,2015
QQQ,oversold_reclaim_20d,2015-12-17,2015-12-17,106.0091,103.8011,-2.0828259748393863,0,strength,2015
XLY,oversold_reclaim_20d,2015-12-17,2015-12-18,35.7615,34.6105,-3.218497828216438,1,stop,2015
XLU,oversold_reclaim_20d,2015-12-17,2015-12-17,15.4531,15.4257,-0.17684216841244993,0,strength,2015
DIA,oversold_reclaim_20d,2015-12-23,2015-12-23,142.4734,142.6675,0.13624449825173635,0,strength,2015
XLK,oversold_reclaim_20d,2015-12-23,2015-12-23,19.2449,19.2644,0.1009446485007004,0,strength,2015
DIA,oversold_reclaim_20d,2015-12-29,2015-12-29,143.2622,143.617,0.24767971792720722,0,strength,2015
XLK,oversold_reclaim_20d,2015-12-29,2015-12-29,19.3966,19.5048,0.5576572293724436,0,strength,2015
TLT,oversold_reclaim_20d,2016-03-21,2016-03-23,96.5401,97.2787,0.7650604363048652,2,strength,2016
GLD,oversold_reclaim_20d,2016-04-07,2016-04-07,118.7687,115.2472,-2.9649576692961532,0,stop,2016
XLP,oversold_reclaim_20d,2016-04-25,2016-04-27,39.3089,39.7542,1.1329201980693426,2,strength,2016
XLU,oversold_reclaim_20d,2016-04-25,2016-04-26,17.058,17.1539,0.5621648132384083,1,strength,2016
XLK,oversold_reclaim_20d,2016-04-26,2016-04-28,19.5036,19.0119,-2.5213893114038655,2,stop,2016
TLT,oversold_reclaim_20d,2016-04-28,2016-04-28,96.7099,97.1491,0.45406297751022784,0,strength,2016
XLU,oversold_reclaim_20d,2016-04-28,2016-04-28,17.2859,17.3777,0.5312650837287602,0,strength,2016
XLP,oversold_reclaim_20d,2016-04-29,2016-04-29,39.8642,39.7087,-0.3902629500659671,0,strength,2016
TLT,oversold_reclaim_20d,2016-05-02,2016-05-03,97.2448,97.6313,0.3974705453821281,1,strength,2016
SMH,oversold_reclaim_20d,2016-05-03,2016-05-10,23.8597,23.8575,-0.009089098412995433,5,strength,2016
XLK,oversold_reclaim_20d,2016-05-03,2016-05-06,18.8984,18.9053,0.036938581712053775,3,strength,2016
XLK,oversold_reclaim_20d,2016-05-11,2016-05-11,19.1405,19.0127,-0.6673508213997148,0,strength,2016
QQQ,oversold_reclaim_20d,2016-05-11,2016-05-11,99.8383,98.8858,-0.9540963607266417,0,strength,2016
XLV,oversold_reclaim_20d,2016-05-11,2016-05-16,59.412,58.9819,-0.7239289237917501,3,strength,2016
EEM,oversold_reclaim_20d,2016-05-11,2016-05-11,26.3249,26.2325,-0.35101031642141844,0,strength,2016
SMH,oversold_reclaim_20d,2016-05-12,2016-05-16,23.8825,23.862,-0.0854936395500383,2,strength,2016
SPY,oversold_reclaim_20d,2016-05-25,2016-05-25,177.0051,177.1678,0.09194362214608454,0,strength,2016
DIA,oversold_reclaim_20d,2016-05-25,2016-05-25,145.8712,146.2195,0.23875773832793268,0,strength,2016
XLF,oversold_reclaim_20d,2016-05-25,2016-05-25,15.8899,15.9588,0.4334436352257942,0,strength,2016
IWM,oversold_reclaim_20d,2016-05-25,2016-05-25,99.5105,99.5746,0.06445048232310846,0,strength,2016
XLI,oversold_reclaim_20d,2016-05-25,2016-05-25,46.6014,46.7425,0.3027954043740788,0,strength,2016
XLY,oversold_reclaim_20d,2016-05-25,2016-05-25,35.2482,35.3437,0.27107902613345836,0,strength,2016
EFA,oversold_reclaim_20d,2016-05-25,2016-05-25,42.6483,42.6943,0.10790905151827346,0,strength,2016
MDY,oversold_reclaim_20d,2016-05-25,2016-05-25,236.979,237.0946,0.04878702048427552,0,strength,2016
XLB,oversold_reclaim_20d,2016-05-25,2016-05-25,19.5853,19.4199,-0.8440775571065928,0,strength,2016
EEM,oversold_reclaim_20d,2016-05-26,2016-05-26,26.4286,26.344,-0.32029821468441133,0,strength,2016
GLD,oversold_reclaim_20d,2016-06-01,2016-06-03,116.086,118.7611,2.3044524726649307,2,strength,2016
GLD,oversold_reclaim_20d,2016-06-07,2016-06-07,118.6185,118.7012,0.06970219243154219,0,strength,2016
GLD,oversold_reclaim_20d,2016-06-09,2016-06-09,120.7306,121.1287,0.3297750148229195,0,strength,2016
XLF,oversold_reclaim_20d,2016-06-22,2016-06-22,15.4545,15.4102,-0.28707543061119445,0,strength,2016
XLF,oversold_reclaim_20d,2016-06-24,2016-06-27,14.941,14.4865,-3.041666807699117,1,stop,2016
EFA,oversold_reclaim_20d,2016-06-24,2016-06-27,40.1775,38.7952,-3.4406366456347204,1,stop,2016
SMH,oversold_reclaim_20d,2016-06-29,2016-06-29,25.3324,25.4865,0.6085112514957691,0,strength,2016
XLE,oversold_reclaim_20d,2016-06-29,2016-06-29,22.2898,22.5281,1.0691604506624763,0,strength,2016
SPY,oversold_reclaim_20d,2016-06-29,2016-06-29,174.6599,175.8597,0.6869265031979932,0,strength,2016
DIA,oversold_reclaim_20d,2016-06-29,2016-06-29,144.2367,145.1648,0.643450920454236,0,strength,2016
XLK,oversold_reclaim_20d,2016-06-29,2016-06-29,19.1661,19.2897,0.644772721404574,0,strength,2016
XLV,oversold_reclaim_20d,2016-06-29,2016-06-29,59.4395,60.0306,0.9943959171857975,0,strength,2016
XLI,oversold_reclaim_20d,2016-06-29,2016-06-29,45.9903,46.2264,0.5134491538105079,0,strength,2016
EEM,oversold_reclaim_20d,2016-06-29,2016-06-29,27.191,27.2972,0.39038656192840193,0,strength,2016
MDY,oversold_reclaim_20d,2016-06-29,2016-06-29,234.4651,235.893,0.6089931510166569,0,strength,2016
XLB,oversold_reclaim_20d,2016-06-29,2016-06-30,18.6093,18.9566,1.8665167647410774,1,strength,2016
IWM,oversold_reclaim_20d,2016-06-30,2016-06-30,99.3524,100.7842,1.4411866109713456,0,strength,2016
XLY,oversold_reclaim_20d,2016-06-30,2016-06-30,35.062,35.1405,0.22389059958605184,0,strength,2016
SMH,oversold_reclaim_20d,2016-07-01,2016-07-01,25.8294,25.7504,-0.3055045048564464,0,strength,2016
XLE,oversold_reclaim_20d,2016-07-01,2016-07-01,22.7266,22.8276,0.4444422853895569,0,strength,2016
SPY,oversold_reclaim_20d,2016-07-01,2016-07-01,178.6163,178.6338,0.009825217712378098,0,strength,2016
DIA,oversold_reclaim_20d,2016-07-01,2016-07-01,147.2177,147.3591,0.0960605476483467,0,strength,2016
XLF,oversold_reclaim_20d,2016-07-01,2016-07-01,15.387,15.336,-0.33128798958745875,0,strength,2016
XLK,oversold_reclaim_20d,2016-07-01,2016-07-01,19.5535,19.5459,-0.03883284303075607,0,strength,2016
QQQ,oversold_reclaim_20d,2016-07-01,2016-07-01,100.4031,100.7525,0.34799508337206575,0,strength,2016
XLV,oversold_reclaim_20d,2016-07-01,2016-07-01,60.8535,60.977,0.2029011805506853,0,strength,2016
XLI,oversold_reclaim_20d,2016-07-01,2016-07-01,47.2207,47.261,0.08519028900257908,0,strength,2016
EEM,oversold_reclaim_20d,2016-07-01,2016-07-01,27.8342,27.8348,0.0019902030000906734,0,strength,2016
MDY,oversold_reclaim_20d,2016-07-01,2016-07-01,240.3599,240.594,0.09743081032040912,0,strength,2016
IWM,oversold_reclaim_20d,2016-07-05,2016-07-05,101.0211,99.6535,-1.3538055113347935,0,strength,2016
XLY,oversold_reclaim_20d,2016-07-05,2016-07-05,35.3552,35.217,-0.3907854174897474,0,strength,2016
XLB,oversold_reclaim_20d,2016-07-05,2016-07-08,18.9044,19.2102,1.6178718541665749,3,strength,2016
XLV,oversold_reclaim_20d,2016-07-06,2016-07-06,60.9467,61.6023,1.0757763047084756,0,strength,2016
XLE,oversold_reclaim_20d,2016-08-01,2016-08-03,22.2698,22.3018,0.14389735882343047,2,strength,2016
XLE,oversold_reclaim_20d,2016-08-05,2016-08-05,22.3265,22.4715,0.6497530291021292,0,strength,2016
XLE,oversold_reclaim_20d,2016-08-09,2016-08-09,22.88,22.6512,-0.9997187695919174,0,strength,2016
XLU,oversold_reclaim_20d,2016-08-12,2016-08-12,18.6054,18.5282,-0.41500707188210084,0,strength,2016
XLU,oversold_reclaim_20d,2016-08-18,2016-08-18,18.3318,18.5245,1.051179397732005,0,strength,2016
XLV,oversold_reclaim_20d,2016-08-19,2016-08-22,62.8856,62.9628,0.12274733057173748,1,strength,2016
XLU,oversold_reclaim_20d,2016-08-23,2016-08-26,18.4121,17.9162,-2.69333323511709,3,stop,2016
XLV,oversold_reclaim_20d,2016-08-29,2016-09-06,61.895,61.6107,-0.45918748499785833,5,strength,2016
GLD,oversold_reclaim_20d,2016-08-30,2016-09-02,125.8557,126.4434,0.4669603196832295,3,strength,2016
XLP,oversold_reclaim_20d,2016-08-30,2016-09-02,41.7342,41.8724,0.3309380400280393,3,strength,2016
XLU,oversold_reclaim_20d,2016-09-01,2016-09-02,17.9087,18.0659,0.8774800862061394,1,strength,2016
GLD,oversold_reclaim_20d,2016-09-07,2016-09-07,128.9188,128.1417,-0.602743053776944,0,strength,2016
XLP,oversold_reclaim_20d,2016-09-07,2016-09-08,41.9715,41.2964,-1.6083491605982436,1,stop,2016
XLU,oversold_reclaim_20d,2016-09-07,2016-09-07,18.3099,18.2661,-0.23956214503074724,0,strength,2016
XLV,oversold_reclaim_20d,2016-09-08,2016-09-08,61.5393,61.6614,0.19841319027058546,0,strength,2016
XLU,oversold_reclaim_20d,2016-09-09,2016-09-09,18.1823,17.7096,-2.599547995436402,0,stop,2016
SMH,oversold_reclaim_20d,2016-09-13,2016-09-14,29.5772,29.5409,-0.12288865272452876,1,strength,2016
SPY,oversold_reclaim_20d,2016-09-13,2016-09-15,183.1865,183.195,0.004601617718824613,2,strength,2016
DIA,oversold_reclaim_20d,2016-09-13,2016-09-15,150.5582,150.4224,-0.09020931870433735,2,strength,2016
XLK,oversold_reclaim_20d,2016-09-13,2016-09-14,21.0628,21.0477,-0.07169723739453016,1,strength,2016
QQQ,oversold_reclaim_20d,2016-09-13,2016-09-14,108.1186,107.9864,-0.12221829064807954,1,strength,2016
IWM,oversold_reclaim_20d,2016-09-13,2016-09-15,107.7931,107.5601,-0.21616140288811536,2,strength,2016
TLT,oversold_reclaim_20d,2016-09-13,2016-09-15,103.4707,101.1179,-2.2739177393321652,2,stop,2016
XLV,oversold_reclaim_20d,2016-09-13,2016-09-15,61.0652,61.1291,0.10461586808772072,2,strength,2016
XLI,oversold_reclaim_20d,2016-09-13,2016-09-15,48.3838,48.2787,-0.21719293099986547,2,strength,2016
XLY,oversold_reclaim_20d,2016-09-13,2016-09-15,35.6123,35.5547,-0.1618547151823302,2,strength,2016
XLP,oversold_reclaim_20d,2016-09-13,2016-09-15,40.8694,40.7037,-0.4053842156072296,2,strength,2016
MDY,oversold_reclaim_20d,2016-09-13,2016-09-15,247.0588,245.9567,-0.44610442566882513,2,strength,2016
XLB,oversold_reclaim_20d,2016-09-13,2016-09-19,19.4291,19.2558,-0.8916846437876935,4,strength,2016
XLU,oversold_reclaim_20d,2016-09-13,2016-09-15,17.9306,17.9094,-0.11863046491255025,2,strength,2016
SMH,oversold_reclaim_20d,2016-09-16,2016-09-16,30.7536,30.2871,-1.5166589237098127,0,strength,2016
XLE,oversold_reclaim_20d,2016-09-16,2016-09-21,22.4782,22.922,1.9746516979938011,3,strength,2016
XLF,oversold_reclaim_20d,2016-09-16,2016-09-19,16.1259,16.1077,-0.11316701581410848,1,strength,2016
XLK,oversold_reclaim_20d,2016-09-16,2016-09-16,21.444,21.3154,-0.599848322256813,0,strength,2016
QQQ,oversold_reclaim_20d,2016-09-16,2016-09-16,109.766,109.6121,-0.14020300259270924,0,strength,2016
EEM,oversold_reclaim_20d,2016-09-16,2016-09-16,29.3136,29.2951,-0.06293969585614567,0,strength,2016
EFA,oversold_reclaim_20d,2016-09-16,2016-09-20,42.951,43.2595,0.7183377017382808,2,strength,2016
TLT,oversold_reclaim_20d,2016-09-19,2016-09-19,102.4427,102.0784,-0.35560388206056226,0,strength,2016
XLV,oversold_reclaim_20d,2016-09-19,2016-09-19,61.4461,60.9501,-0.8072470252087571,0,strength,2016
XLY,oversold_reclaim_20d,2016-09-19,2016-09-19,35.6077,35.4507,-0.44092789260337106,0,strength,2016
MDY,oversold_reclaim_20d,2016-09-19,2016-09-19,246.4074,246.5527,0.0589547966849846,0,strength,2016
XLU,oversold_reclaim_20d,2016-09-19,2016-09-19,18.1792,18.264,0.4666152169123361,0,strength,2016
IWM,oversold_reclaim_20d,2016-09-20,2016-09-20,108.7999,107.6571,-1.0503663973397082,0,strength,2016
XLF,oversold_reclaim_20d,2016-09-22,2016-09-22,16.3322,16.2495,-0.5062561241687025,0,strength,2016
TLT,oversold_reclaim_20d,2016-09-22,2016-09-22,104.08,104.0849,0.004662626657880864,0,strength,2016
EFA,oversold_reclaim_20d,2016-09-22,2016-09-22,44.7552,44.4649,-0.6486774308331111,0,strength,2016
MDY,oversold_reclaim_20d,2016-09-22,2016-09-22,250.489,251.547,0.4224078549464938,0,strength,2016
XLE,oversold_reclaim_20d,2016-09-28,2016-09-28,22.5688,23.3606,3.508590169215031,0,strength,2016
XLF,oversold_reclaim_20d,2016-09-28,2016-09-28,16.1316,16.1077,-0.1480890661262224,0,strength,2016
XLE,oversold_reclaim_20d,2016-10-03,2016-10-03,23.726,23.6217,-0.43967877800252797,0,strength,2016
XLF,oversold_reclaim_20d,2016-10-03,2016-10-04,16.0814,16.091,0.0596073860503088,1,strength,2016
XLP,oversold_reclaim_20d,2016-10-07,2016-10-12,40.4217,40.2334,-0.465979066580402,3,strength,2016
GLD,oversold_reclaim_20d,2016-10-11,2016-10-13,120.0399,119.91,-0.10825514427273975,2,strength,2016
TLT,oversold_reclaim_20d,2016-10-13,2016-10-13,101.9557,101.6149,-0.3342158320029931,0,strength,2016
XLV,oversold_reclaim_20d,2016-10-14,2016-10-18,59.7121,59.5674,-0.24244137187671155,2,strength,2016
XLP,oversold_reclaim_20d,2016-10-14,2016-10-14,40.337,40.2487,-0.21885738143200273,0,strength,2016
XLU,oversold_reclaim_20d,2016-10-14,2016-10-14,17.5722,17.5298,-0.24158478556075558,0,strength,2016
TLT,oversold_reclaim_20d,2016-10-18,2016-10-18,100.5977,101.1581,0.5570646518473499,0,strength,2016
XLB,oversold_reclaim_20d,2016-10-18,2016-10-18,19.2902,19.2353,-0.2850650308091618,0,strength,2016
SPY,oversold_reclaim_20d,2016-10-20,2016-10-20,183.2806,182.923,-0.19512924720217484,0,strength,2016
DIA,oversold_reclaim_20d,2016-10-20,2016-10-20,150.5694,150.1197,-0.2986601365988828,0,strength,2016
IWM,oversold_reclaim_20d,2016-10-20,2016-10-20,107.2763,107.0531,-0.20804037810018272,0,strength,2016
TLT,oversold_reclaim_20d,2016-10-20,2016-10-20,101.9557,101.3485,-0.5955947546435247,0,strength,2016
EFA,oversold_reclaim_20d,2016-10-20,2016-10-20,43.3536,43.3934,0.09195991681580917,0,strength,2016
MDY,oversold_reclaim_20d,2016-10-20,2016-10-20,246.8599,246.101,-0.30741258826730844,0,strength,2016
XLB,oversold_reclaim_20d,2016-10-20,2016-10-20,19.3891,19.3586,-0.15738520569347214,0,strength,2016
XLV,oversold_reclaim_20d,2016-10-21,2016-10-28,59.4401,58.0038,-2.4164957368088325,5,stop,2016
XLP,oversold_reclaim_20d,2016-10-25,2016-10-25,40.6528,40.5485,-0.25652050332756193,0,strength,2016
XLI,oversold_reclaim_20d,2016-10-26,2016-10-26,48.072,48.3311,0.5390730986704284,0,strength,2016
XLI,oversold_reclaim_20d,2016-10-31,2016-10-31,48.5719,48.3819,-0.3913229309529753,0,strength,2016
IWM,oversold_reclaim_20d,2016-11-01,2016-11-02,105.0801,102.2515,-2.6918691773297088,1,stop,2016
MDY,oversold_reclaim_20d,2016-11-01,2016-11-02,244.2867,238.5831,-2.334825241915639,1,stop,2016
XLE,oversold_reclaim_20d,2016-11-04,2016-11-07,22.7432,23.1765,1.9051079666703385,1,strength,2016
IWM,oversold_reclaim_20d,2016-11-07,2016-11-07,104.4957,104.7906,0.2822852529922759,0,strength,2016
XLI,oversold_reclaim_20d,2016-11-07,2016-11-07,48.5974,48.9316,0.6877031384483479,0,strength,2016
MDY,oversold_reclaim_20d,2016-11-07,2016-11-07,242.9734,243.3027,0.1355083069711327,0,strength,2016
SPY,oversold_reclaim_20d,2016-11-08,2016-11-08,182.2694,183.1197,0.4665033375073291,0,strength,2016
DIA,oversold_reclaim_20d,2016-11-08,2016-11-08,151.117,151.7918,0.4465501273592132,0,strength,2016
XLK,oversold_reclaim_20d,2016-11-08,2016-11-08,21.3038,21.4057,0.4783912076318897,0,strength,2016
QQQ,oversold_reclaim_20d,2016-11-08,2016-11-08,108.8389,109.4439,0.5558041981885031,0,strength,2016
XLY,oversold_reclaim_20d,2016-11-08,2016-11-08,35.5444,35.6179,0.20702825216745158,0,strength,2016
EEM,oversold_reclaim_20d,2016-11-08,2016-11-08,29.9327,30.0654,0.443557730843791,0,strength,2016
EFA,oversold_reclaim_20d,2016-11-08,2016-11-08,42.6304,42.7907,0.37616810713174686,0,strength,2016
XLE,oversold_reclaim_20d,2016-11-09,2016-11-09,23.3336,23.5849,1.0771135441106194,0,strength,2016
IWM,oversold_reclaim_20d,2016-11-09,2016-11-09,104.5665,108.2993,3.5697525850644896,0,strength,2016
XLI,oversold_reclaim_20d,2016-11-09,2016-11-09,49.2329,50.4623,2.4970377923643428,0,strength,2016
XLP,oversold_reclaim_20d,2016-11-09,2016-11-10,39.7517,38.9014,-2.13916728747775,1,stop,2016
MDY,oversold_reclaim_20d,2016-11-09,2016-11-09,242.5476,248.3414,2.3887603829868986,0,strength,2016
SPY,oversold_reclaim_20d,2016-11-10,2016-11-10,186.2201,185.523,-0.3743264892485443,0,strength,2016
DIA,oversold_reclaim_20d,2016-11-10,2016-11-10,154.957,155.7235,0.4946309035277485,0,strength,2016
XLK,oversold_reclaim_20d,2016-11-10,2016-11-10,21.5436,21.0118,-2.468479009714497,0,stop,2016
QQQ,oversold_reclaim_20d,2016-11-10,2016-11-10,110.7024,107.8843,-2.5457007878263105,0,stop,2016
XLV,oversold_reclaim_20d,2016-11-10,2016-11-10,61.1486,60.7041,-0.7269695345611504,0,strength,2016
XLY,oversold_reclaim_20d,2016-11-10,2016-11-10,35.9021,35.8213,-0.22497904158864657,0,strength,2016
EFA,oversold_reclaim_20d,2016-11-10,2016-11-10,42.8913,42.7089,-0.42531301293897705,0,strength,2016
IWM,oversold_reclaim_20d,2016-11-11,2016-11-11,110.7211,112.5591,1.660030645152144,0,strength,2016
XLI,oversold_reclaim_20d,2016-11-11,2016-11-11,51.5039,51.6293,0.24353807219954504,0,strength,2016
SPY,oversold_reclaim_20d,2016-11-14,2016-11-14,185.9886,185.2407,-0.4021332035872516,0,strength,2016
DIA,oversold_reclaim_20d,2016-11-14,2016-11-14,156.8482,156.2533,-0.3792285872112555,0,strength,2016
XLK,oversold_reclaim_20d,2016-11-14,2016-11-16,21.159,21.2657,0.5043945051744991,2,strength,2016
QQQ,oversold_reclaim_20d,2016-11-14,2016-11-15,108.4644,108.6121,0.1362229558893313,1,strength,2016
XLY,oversold_reclaim_20d,2016-11-14,2016-11-14,36.2643,36.0292,-0.6483877022219309,0,strength,2016
MDY,oversold_reclaim_20d,2016-11-14,2016-11-14,254.3932,255.9217,0.6008249536809673,0,strength,2016
EEM,oversold_reclaim_20d,2016-11-16,2016-11-17,27.8021,27.8829,0.2908134143383645,1,strength,2016
EFA,oversold_reclaim_20d,2016-11-16,2016-11-17,42.0712,42.2773,0.48991579838475463,1,strength,2016
XLK,oversold_reclaim_20d,2016-11-18,2016-11-18,21.4938,21.3831,-0.5148875934933961,0,strength,2016
XLK,oversold_reclaim_20d,2016-11-22,2016-11-22,21.7155,21.6676,-0.2205884182727047,0,strength,2016
EEM,oversold_reclaim_20d,2016-11-22,2016-11-22,28.4935,28.4526,-0.1434782540254642,0,strength,2016
EFA,oversold_reclaim_20d,2016-11-23,2016-11-25,41.937,42.255,0.7582731714695701,1,strength,2016
EEM,oversold_reclaim_20d,2016-12-30,2016-12-30,28.6648,28.4128,-0.8792956739383406,0,strength,2016
XLI,oversold_reclaim_20d,2017-01-05,2017-01-05,53.6353,53.4175,-0.40603343145825255,0,strength,2017
XLI,oversold_reclaim_20d,2017-01-09,2017-01-10,53.7717,53.5281,-0.45297685881862115,1,strength,2017
XLE,oversold_reclaim_20d,2017-01-12,2017-01-17,25.4027,25.187,-0.8490103087244405,2,strength,2017
IWM,oversold_reclaim_20d,2017-01-17,2017-01-24,120.5768,120.6287,0.04302599360066495,5,strength,2017
XLE,oversold_reclaim_20d,2017-01-19,2017-01-20,25.1801,25.0861,-0.3735043371594249,1,strength,2017
XLF,oversold_reclaim_20d,2017-01-19,2017-01-24,19.471,19.5159,0.23056213080974164,3,strength,2017
DIA,oversold_reclaim_20d,2017-01-23,2017-01-23,165.0889,164.6925,-0.2401529679140535,0,strength,2017
XLE,oversold_reclaim_20d,2017-01-25,2017-01-25,25.1498,25.224,0.2953135802189699,0,strength,2017
DIA,oversold_reclaim_20d,2017-01-25,2017-01-25,166.8829,166.8908,0.004781813704757276,0,strength,2017
XLF,oversold_reclaim_20d,2017-01-26,2017-01-26,19.916,19.893,-0.11564970491436677,0,strength,2017
IWM,oversold_reclaim_20d,2017-01-26,2017-01-26,122.1239,121.2765,-0.6939272328218116,0,strength,2017
DIA,oversold_reclaim_20d,2017-01-27,2017-01-27,167.4501,167.0656,-0.22963610723125694,0,strength,2017
XLE,oversold_reclaim_20d,2017-02-03,2017-02-03,24.6372,24.7024,0.26464635100496015,0,strength,2017
XLE,oversold_reclaim_20d,2017-02-09,2017-02-09,24.3978,24.4769,0.32438174946831655,0,strength,2017
XLE,oversold_reclaim_20d,2017-02-14,2017-02-14,24.8294,24.7899,-0.15912865702690793,0,strength,2017
XLE,oversold_reclaim_20d,2017-02-28,2017-03-01,24.074,24.5038,1.7853047899563101,1,strength,2017
EEM,oversold_reclaim_20d,2017-03-13,2017-03-13,31.2345,31.2776,0.13797987371402254,0,strength,2017
IWM,oversold_reclaim_20d,2017-03-14,2017-03-15,120.7102,122.226,1.255786947415083,1,strength,2017
XLE,oversold_reclaim_20d,2017-03-16,2017-03-16,23.9155,23.649,-1.1144968132802968,0,strength,2017
EEM,oversold_reclaim_20d,2017-03-16,2017-03-16,32.2022,32.1054,-0.3006011798022401,0,strength,2017
IWM,oversold_reclaim_20d,2017-03-20,2017-03-20,122.9598,122.3414,-0.5029235838505564,0,strength,2017
SPY,oversold_reclaim_20d,2017-03-23,2017-03-28,202.8334,203.3267,0.2432065128543215,3,strength,2017
XLF,oversold_reclaim_20d,2017-03-23,2017-03-28,19.7932,19.9891,0.9898346890551357,3,strength,2017
IWM,oversold_reclaim_20d,2017-03-23,2017-03-27,119.154,119.9169,0.6403079527957933,2,strength,2017
XLI,oversold_reclaim_20d,2017-03-23,2017-03-27,55.5492,54.3704,-2.122107040984711,2,stop,2017
MDY,oversold_reclaim_20d,2017-03-23,2017-03-28,274.4985,275.9643,0.5339833088322754,3,strength,2017
DIA,oversold_reclaim_20d,2017-03-24,2017-03-27,173.1716,170.7384,-1.4050672553400756,1,stop,2017
XLY,oversold_reclaim_20d,2017-03-24,2017-03-24,39.489,39.4649,-0.06125859484732432,0,strength,2017
XLB,oversold_reclaim_20d,2017-03-24,2017-03-28,21.6712,21.7442,0.3366846416598346,2,strength,2017
XLV,oversold_reclaim_20d,2017-03-28,2017-03-28,63.6959,63.7397,0.06870259536237988,0,strength,2017
XLY,oversold_reclaim_20d,2017-03-28,2017-03-28,39.5256,39.7521,0.5730467157800678,0,strength,2017
DIA,oversold_reclaim_20d,2017-03-29,2017-03-29,173.1297,172.5997,-0.3061100139300166,0,strength,2017
IWM,oversold_reclaim_20d,2017-03-29,2017-03-29,121.0131,121.243,0.18998598485140406,0,strength,2017
XLI,oversold_reclaim_20d,2017-03-29,2017-03-29,55.592,55.5322,-0.10755296520827962,0,strength,2017
XLE,oversold_reclaim_20d,2017-03-30,2017-03-30,23.9504,23.7469,-0.8500551789856092,0,strength,2017
SPY,oversold_reclaim_20d,2017-03-30,2017-03-30,203.8637,204.1648,0.14774034269022795,0,strength,2017
XLY,oversold_reclaim_20d,2017-03-30,2017-03-30,39.9961,40.094,0.24476879679777852,0,strength,2017
MDY,oversold_reclaim_20d,2017-03-30,2017-03-30,277.2847,278.3617,0.3884186702069359,0,strength,2017
XLB,oversold_reclaim_20d,2017-03-30,2017-03-30,21.7919,21.7649,-0.12359327782859308,0,strength,2017
DIA,oversold_reclaim_20d,2017-03-31,2017-03-31,173.2889,172.6248,-0.3832588056718489,0,strength,2017
XLF,oversold_reclaim_20d,2017-03-31,2017-03-31,20.0881,19.9554,-0.6602902510151609,0,strength,2017
XLI,oversold_reclaim_20d,2017-03-31,2017-03-31,55.8061,55.6091,-0.3529712948150632,0,strength,2017
MDY,oversold_reclaim_20d,2017-04-03,2017-04-06,279.2762,276.7664,-0.8986734203192848,3,strength,2017
SMH,oversold_reclaim_20d,2017-04-18,2017-04-18,35.285,35.4989,0.6061969435010583,0,strength,2017
XLF,oversold_reclaim_20d,2017-04-18,2017-04-20,19.4982,19.6779,0.9215224733436278,2,strength,2017
XLK,oversold_reclaim_20d,2017-04-18,2017-04-18,24.0438,24.0549,0.04634157211198531,0,strength,2017
EFA,oversold_reclaim_20d,2017-04-18,2017-04-20,46.3629,46.5559,0.4163626486693994,2,strength,2017
SMH,oversold_reclaim_20d,2017-04-21,2017-04-21,36.1307,36.0585,-0.19980019980019303,0,strength,2017
DIA,oversold_reclaim_20d,2017-04-21,2017-04-21,172.4272,171.865,-0.32605928414031204,0,strength,2017
EEM,oversold_reclaim_20d,2017-04-21,2017-04-21,31.9582,31.8862,-0.22519039079387237,0,strength,2017
EFA,oversold_reclaim_20d,2017-04-24,2017-04-24,47.7639,47.7662,0.004806843305971142,0,strength,2017
DIA,oversold_reclaim_20d,2017-04-25,2017-04-25,175.3134,175.5744,0.14886560793245796,0,strength,2017
EEM,oversold_reclaim_20d,2017-04-26,2017-04-26,32.6332,32.503,-0.39875854794694243,0,strength,2017
EFA,oversold_reclaim_20d,2017-04-26,2017-04-26,48.0652,47.9692,-0.19980019980018193,0,strength,2017
XLU,oversold_reclaim_20d,2017-05-15,2017-05-15,19.3629,19.4026,0.20526261249873556,0,strength,2017
XLF,oversold_reclaim_20d,2017-05-19,2017-05-22,19.5404,19.6863,0.7470072642075998,1,strength,2017
IWM,oversold_reclaim_20d,2017-05-19,2017-05-22,120.9597,121.8838,0.7640253083186277,1,strength,2017
MDY,oversold_reclaim_20d,2017-05-19,2017-05-19,276.0256,277.7202,0.6139000190600097,0,strength,2017
XLU,oversold_reclaim_20d,2017-05-19,2017-05-19,19.4115,19.4512,0.20425477855638974,0,strength,2017
XLI,oversold_reclaim_20d,2017-05-22,2017-05-22,57.0908,56.9853,-0.18483689760496747,0,strength,2017
XLB,oversold_reclaim_20d,2017-05-22,2017-05-22,21.8917,21.7982,-0.4273927049504245,0,strength,2017
MDY,oversold_reclaim_20d,2017-05-23,2017-05-23,280.2676,279.6274,-0.22841968451187133,0,strength,2017
XLF,oversold_reclaim_20d,2017-05-24,2017-05-24,19.9027,19.8293,-0.3688137146171888,0,strength,2017
IWM,oversold_reclaim_20d,2017-05-24,2017-05-24,122.6272,122.3644,-0.2143075639042702,0,strength,2017
XLI,oversold_reclaim_20d,2017-05-24,2017-05-24,57.2878,57.1733,-0.19980019980019303,0,strength,2017
MDY,oversold_reclaim_20d,2017-05-25,2017-05-25,281.902,280.8485,-0.3736959631199577,0,strength,2017
XLB,oversold_reclaim_20d,2017-05-25,2017-05-25,22.0831,21.9352,-0.669846339388902,0,strength,2017
XLI,oversold_reclaim_20d,2017-05-26,2017-05-26,57.5875,57.6178,0.052528967072817956,0,strength,2017
GLD,oversold_reclaim_20d,2017-06-22,2017-06-22,119.2491,118.8011,-0.3757252486663032,0,strength,2017
GLD,oversold_reclaim_20d,2017-06-27,2017-06-27,118.9889,118.6912,-0.25017901373062257,0,strength,2017
XLP,oversold_reclaim_20d,2017-06-27,2017-06-29,43.6973,42.9914,-1.6153422012722407,2,stop,2017
SMH,oversold_reclaim_20d,2017-06-29,2017-07-05,38.4012,37.8245,-1.501801437025252,3,strength,2017
XLY,oversold_reclaim_20d,2017-06-29,2017-06-30,41.1766,40.9892,-0.45525928024421347,1,strength,2017
SPY,oversold_reclaim_20d,2017-07-06,2017-07-07,210.4432,210.2137,-0.10907458994765529,1,strength,2017
XLK,oversold_reclaim_20d,2017-07-06,2017-07-07,24.9147,25.1437,0.9192911287134731,1,strength,2017
QQQ,oversold_reclaim_20d,2017-07-06,2017-07-07,128.7957,129.7439,0.7361913253544516,1,strength,2017
SMH,oversold_reclaim_20d,2017-07-07,2017-07-07,37.9875,38.1685,0.47639904041134606,0,strength,2017
XLU,oversold_reclaim_20d,2017-07-07,2017-07-12,19.4068,19.5261,0.6150277984251495,3,strength,2017
XLY,oversold_reclaim_20d,2017-07-10,2017-07-10,40.9063,40.8794,-0.06564204436366738,0,strength,2017
SMH,oversold_reclaim_20d,2017-07-11,2017-07-11,38.6999,38.8703,0.44024969586720086,0,strength,2017
XLK,oversold_reclaim_20d,2017-07-11,2017-07-11,25.3498,25.3814,0.12475385468708744,0,strength,2017
QQQ,oversold_reclaim_20d,2017-07-11,2017-07-11,130.6642,130.9588,0.22546160539782534,0,strength,2017
TLT,oversold_reclaim_20d,2017-07-11,2017-07-12,95.5303,96.193,0.6937176028494196,1,strength,2017
XLK,oversold_reclaim_20d,2017-07-13,2017-07-13,25.7986,25.7608,-0.14665118381808062,0,strength,2017
QQQ,oversold_reclaim_20d,2017-07-13,2017-07-13,132.9385,132.8048,-0.10061678570838506,0,strength,2017
XLY,oversold_reclaim_20d,2017-07-13,2017-07-13,41.3095,41.1127,-0.47656170315842905,0,strength,2017
XLP,oversold_reclaim_20d,2017-07-17,2017-07-17,43.0843,42.9668,-0.27262215135150925,0,strength,2017
XLU,oversold_reclaim_20d,2017-07-18,2017-07-18,19.7237,19.6956,-0.1425265780508722,0,strength,2017
XLP,oversold_reclaim_20d,2017-07-19,2017-07-19,43.0371,43.1237,0.20115243817360184,0,strength,2017
XLI,oversold_reclaim_20d,2017-08-03,2017-08-03,58.755,59.0412,0.48716840844664766,0,strength,2017
XLI,oversold_reclaim_20d,2017-08-07,2017-08-07,59.2283,59.1529,-0.1273092364380557,0,strength,2017
XLB,oversold_reclaim_20d,2017-08-10,2017-08-14,22.5837,22.5177,-0.2921888225927205,2,strength,2017
SMH,oversold_reclaim_20d,2017-08-14,2017-08-14,39.4491,39.8382,0.9862171205062165,0,strength,2017
SPY,oversold_reclaim_20d,2017-08-14,2017-08-14,213.6622,214.0601,0.18624925928976133,0,strength,2017
IWM,oversold_reclaim_20d,2017-08-14,2017-08-14,122.933,123.8315,0.7308725310039677,0,strength,2017
XLV,oversold_reclaim_20d,2017-08-14,2017-08-14,67.9058,67.9333,0.0404014674577402,0,strength,2017
XLI,oversold_reclaim_20d,2017-08-14,2017-08-14,58.7808,58.8867,0.18006023163992246,0,strength,2017
XLY,oversold_reclaim_20d,2017-08-14,2017-08-14,41.4057,41.387,-0.045174624717814194,0,strength,2017
MDY,oversold_reclaim_20d,2017-08-14,2017-08-14,280.4864,281.4704,0.3508294833111547,0,strength,2017
SMH,oversold_reclaim_20d,2017-08-16,2017-08-16,40.1293,40.0675,-0.15407692098392545,0,strength,2017
EEM,oversold_reclaim_20d,2017-08-16,2017-08-16,35.7581,35.76,0.00540960409249891,0,strength,2017
EFA,oversold_reclaim_20d,2017-08-16,2017-08-16,50.979,50.9994,0.039965533129726616,0,strength,2017
XLV,oversold_reclaim_20d,2017-08-17,2017-08-21,68.0435,66.9031,-1.6760093976386337,2,gap_stop,2017
XLI,oversold_reclaim_20d,2017-08-17,2017-08-18,58.7206,57.6071,-1.8962699236995673,1,gap_stop,2017
XLY,oversold_reclaim_20d,2017-08-17,2017-08-18,41.195,40.4049,-1.9179937880003162,1,stop,2017
MDY,oversold_reclaim_20d,2017-08-17,2017-08-18,280.3969,274.9491,-1.942883353657543,1,stop,2017
XLB,oversold_reclaim_20d,2017-08-17,2017-08-22,22.7132,22.7179,0.02062825901654186,3,strength,2017
XLF,oversold_reclaim_20d,2017-08-21,2017-08-22,20.8077,20.9519,0.6927165725430173,1,strength,2017
EEM,oversold_reclaim_20d,2017-08-21,2017-08-21,35.7581,35.7355,-0.06299076456821595,0,strength,2017
EFA,oversold_reclaim_20d,2017-08-21,2017-08-22,50.6422,50.7931,0.29798195208647904,1,strength,2017
SPY,oversold_reclaim_20d,2017-08-22,2017-08-22,211.9048,213.1051,0.5664102559571393,0,strength,2017
XLI,oversold_reclaim_20d,2017-08-22,2017-08-22,58.0322,58.4229,0.6732981138309446,0,strength,2017
XLY,oversold_reclaim_20d,2017-08-22,2017-08-22,40.6313,40.8657,0.5768140207591088,0,strength,2017
XLK,oversold_reclaim_20d,2017-08-23,2017-08-23,26.3711,26.4007,0.11217765955795489,0,strength,2017
QQQ,oversold_reclaim_20d,2017-08-23,2017-08-23,134.4579,134.387,-0.05270086914461736,0,strength,2017
IWM,oversold_reclaim_20d,2017-08-23,2017-08-23,121.3836,121.6238,0.19784579121602253,0,strength,2017
XLV,oversold_reclaim_20d,2017-08-23,2017-08-23,67.9833,67.5641,-0.6165311776870186,0,strength,2017
MDY,oversold_reclaim_20d,2017-08-23,2017-08-23,276.8099,277.1763,0.13238296359558976,0,strength,2017
SPY,oversold_reclaim_20d,2017-08-24,2017-08-24,213.1488,211.846,-0.6112191940015443,0,strength,2017
XLF,oversold_reclaim_20d,2017-08-24,2017-08-24,21.0192,20.8844,-0.6415741524241958,0,strength,2017
XLV,oversold_reclaim_20d,2017-08-25,2017-08-25,68.0435,67.7788,-0.38905661625824317,0,strength,2017
XLF,oversold_reclaim_20d,2017-08-28,2017-08-31,21.0023,20.8506,-0.7222985436847962,3,strength,2017
XLI,oversold_reclaim_20d,2017-08-28,2017-08-29,58.2129,58.3542,0.2427402859512373,1,strength,2017
MDY,oversold_reclaim_20d,2017-08-28,2017-08-28,279.252,278.0513,-0.42997595535279043,0,strength,2017
QQQ,oversold_reclaim_20d,2017-08-29,2017-08-29,133.2405,134.6507,1.0583925245158499,0,strength,2017
XLV,oversold_reclaim_20d,2017-08-29,2017-08-29,67.9919,68.2681,0.4062684863937571,0,strength,2017
XLP,oversold_reclaim_20d,2017-08-30,2017-08-30,42.9114,42.8962,-0.035294092449700276,0,strength,2017
XLF,oversold_reclaim_20d,2017-09-05,2017-09-07,20.7908,20.3287,-2.222863640943984,2,stop,2017
XLP,oversold_reclaim_20d,2017-09-05,2017-09-05,43.0764,43.1786,0.2371973217414114,0,strength,2017
XLF,oversold_reclaim_20d,2017-09-11,2017-09-11,20.6217,20.6986,0.37329897548934454,0,strength,2017
XLF,oversold_reclaim_20d,2017-09-13,2017-09-13,20.9515,20.9772,0.1225255257676805,0,strength,2017
TLT,oversold_reclaim_20d,2017-09-26,2017-09-26,98.9881,98.7826,-0.20766841629892285,0,strength,2017
XLP,oversold_reclaim_20d,2017-09-26,2017-09-26,42.9988,42.9682,-0.07131052412148176,0,strength,2017
XLU,oversold_reclaim_20d,2017-09-26,2017-09-26,20.4139,20.3428,-0.34848173816527384,0,strength,2017
GLD,oversold_reclaim_20d,2017-09-29,2017-10-06,122.4123,119.8377,-2.1031937842176496,5,stop,2017
XLP,oversold_reclaim_20d,2017-09-29,2017-10-04,42.722,42.7077,-0.033515767647740446,3,strength,2017
EEM,oversold_reclaim_20d,2017-09-29,2017-09-29,36.4688,36.5345,0.18026772506392064,0,strength,2017
XLU,oversold_reclaim_20d,2017-09-29,2017-10-04,20.1896,20.3049,0.5706409216870156,3,strength,2017
EEM,oversold_reclaim_20d,2017-10-03,2017-10-03,36.91,37.1216,0.5733276756117345,0,strength,2017
TLT,oversold_reclaim_20d,2017-10-04,2017-10-04,97.4359,97.1475,-0.29596607780348894,0,strength,2017
EEM,oversold_reclaim_20d,2017-10-05,2017-10-05,37.343,37.3906,0.12770324699238333,0,strength,2017
XLP,oversold_reclaim_20d,2017-10-06,2017-10-10,42.7695,42.7235,-0.10755264950395027,2,strength,2017
GLD,oversold_reclaim_20d,2017-10-10,2017-10-10,122.7426,122.2776,-0.3788587978320157,0,strength,2017
TLT,oversold_reclaim_20d,2017-10-10,2017-10-10,97.1307,96.9679,-0.16764215741702504,0,strength,2017
GLD,oversold_reclaim_20d,2017-10-12,2017-10-12,122.9628,122.7671,-0.1591756906433872,0,strength,2017
XLP,oversold_reclaim_20d,2017-10-12,2017-10-12,42.8644,42.9918,0.2973603029978955,0,strength,2017
TLT,oversold_reclaim_20d,2017-10-13,2017-10-13,98.2574,98.272,0.014769942981462947,0,strength,2017
GLD,oversold_reclaim_20d,2017-10-16,2017-10-17,123.9438,121.7311,-1.7852534463368208,1,stop,2017
XLP,oversold_reclaim_20d,2017-10-17,2017-10-24,43.0621,42.3901,-1.560582855145476,5,stop,2017
XLE,oversold_reclaim_20d,2017-10-27,2017-10-27,23.142,23.2581,0.5016421867833687,0,strength,2017
TLT,oversold_reclaim_20d,2017-10-30,2017-10-30,96.9116,97.1553,0.25141785251592275,0,strength,2017
XLE,oversold_reclaim_20d,2017-10-31,2017-10-31,23.4362,23.455,0.08020986034542599,0,strength,2017
XLE,oversold_reclaim_20d,2017-11-02,2017-11-02,23.7684,23.6519,-0.4904195257365629,0,strength,2017
TLT,oversold_reclaim_20d,2017-11-02,2017-11-02,98.0107,98.0496,0.039722716248613565,0,strength,2017
XLV,oversold_reclaim_20d,2017-11-02,2017-11-03,70.3316,70.3203,-0.015985994006162407,1,strength,2017
XLI,oversold_reclaim_20d,2017-11-03,2017-11-03,62.1443,61.9684,-0.2830908992857539,0,strength,2017
XLE,oversold_reclaim_20d,2017-11-06,2017-11-06,23.8757,24.2632,1.6229055378168322,0,strength,2017
XLV,oversold_reclaim_20d,2017-11-08,2017-11-08,70.3143,70.4151,0.14332275304778097,0,strength,2017
XLI,oversold_reclaim_20d,2017-11-08,2017-11-09,62.1356,61.1913,-1.519866617810306,1,stop,2017
IWM,oversold_reclaim_20d,2017-11-09,2017-11-16,131.3197,132.4014,0.823668415804435,5,strength,2017
XLV,oversold_reclaim_20d,2017-11-10,2017-11-16,70.392,70.2772,-0.16306937867964777,4,strength,2017
XLI,oversold_reclaim_20d,2017-11-13,2017-11-16,61.2366,61.1574,-0.12937742616877523,3,strength,2017
XLP,oversold_reclaim_20d,2017-11-14,2017-11-14,43.0621,43.2365,0.4050458517091071,0,strength,2017
EFA,oversold_reclaim_20d,2017-11-15,2017-11-16,52.3338,52.8328,0.9534035802520435,1,strength,2017
MDY,oversold_reclaim_20d,2017-11-17,2017-11-17,299.69,300.4903,0.26701657773786636,0,strength,2017
XLB,oversold_reclaim_20d,2017-11-17,2017-11-17,24.4073,24.455,0.19541329099668214,0,strength,2017
XLF,oversold_reclaim_20d,2017-11-20,2017-11-20,22.262,22.2769,0.06674593248574556,0,strength,2017
IWM,oversold_reclaim_20d,2017-11-20,2017-11-20,133.5553,133.9783,0.3167807566146541,0,strength,2017
XLV,oversold_reclaim_20d,2017-11-20,2017-11-21,70.133,70.3203,0.2670967229685406,1,strength,2017
XLI,oversold_reclaim_20d,2017-11-21,2017-11-21,61.4182,61.537,0.19349934864998364,0,strength,2017
MDY,oversold_reclaim_20d,2017-11-21,2017-11-21,303.3833,303.4856,0.03372569252646507,0,strength,2017
XLB,oversold_reclaim_20d,2017-11-21,2017-11-21,24.6762,24.6185,-0.23379287077115452,0,strength,2017
IWM,oversold_reclaim_20d,2017-11-22,2017-11-22,135.8177,135.1969,-0.4570848198619304,0,strength,2017
EFA,oversold_reclaim_20d,2017-11-22,2017-11-22,53.482,53.2988,-0.34264589494490405,0,strength,2017
XLI,oversold_reclaim_20d,2017-11-24,2017-11-24,61.885,61.606,-0.4507194053377628,0,strength,2017
SMH,oversold_reclaim_20d,2017-12-06,2017-12-07,44.3119,45.1591,1.911917065755664,1,strength,2017
XLK,oversold_reclaim_20d,2017-12-06,2017-12-07,28.6164,29.0362,1.4673055475659558,1,strength,2017
EEM,oversold_reclaim_20d,2017-12-08,2017-12-08,37.5145,37.4559,-0.15633221721084167,0,strength,2017
SMH,oversold_reclaim_20d,2017-12-12,2017-12-15,45.176,45.5261,0.774954803818817,3,strength,2017
XLE,oversold_reclaim_20d,2017-12-12,2017-12-12,24.0834,24.0352,-0.19980019980019303,0,strength,2017
XLK,oversold_reclaim_20d,2017-12-12,2017-12-12,29.4667,29.417,-0.16867137505581775,0,strength,2017
EEM,oversold_reclaim_20d,2017-12-13,2017-12-13,37.7024,37.8391,0.36245079865708796,0,strength,2017
XLE,oversold_reclaim_20d,2017-12-15,2017-12-18,24.1322,24.0771,-0.2286276484970151,1,strength,2017
XLU,oversold_reclaim_20d,2017-12-18,2017-12-19,21.1299,20.6606,-2.22080210732315,1,stop,2017
TLT,oversold_reclaim_20d,2017-12-22,2017-12-26,98.1824,98.3319,0.15232881624318573,1,strength,2017
TLT,oversold_reclaim_20d,2017-12-28,2017-12-28,99.6232,99.5263,-0.09725919446658127,0,strength,2017
TLT,oversold_reclaim_20d,2018-01-12,2018-01-12,97.7099,97.8447,0.13795887910261762,0,strength,2018
TLT,oversold_reclaim_20d,2018-01-26,2018-01-26,97.5367,97.1139,-0.4334307289699968,0,strength,2018
SMH,oversold_reclaim_20d,2018-02-07,2018-02-08,46.9812,44.7122,-4.829683107254057,1,stop,2018
XLE,oversold_reclaim_20d,2018-02-07,2018-02-08,24.4528,23.3811,-4.382690331222294,1,stop,2018
SPY,oversold_reclaim_20d,2018-02-07,2018-02-08,235.953,228.9709,-2.959078079611366,1,stop,2018
DIA,oversold_reclaim_20d,2018-02-07,2018-02-08,211.7226,204.3808,-3.467644138374648,1,stop,2018
XLF,oversold_reclaim_20d,2018-02-07,2018-02-08,24.183,23.2833,-3.7201491504995077,1,stop,2018
XLK,oversold_reclaim_20d,2018-02-07,2018-02-08,30.1578,29.061,-3.636944539289766,1,stop,2018
QQQ,oversold_reclaim_20d,2018-02-07,2018-02-08,153.3348,148.0552,-3.4432043889427333,1,stop,2018
IWM,oversold_reclaim_20d,2018-02-07,2018-02-09,134.8274,130.2663,-3.382926300837097,2,stop,2018
XLV,oversold_reclaim_20d,2018-02-07,2018-02-08,72.5718,70.0227,-3.512469730168799,1,stop,2018
XLI,oversold_reclaim_20d,2018-02-07,2018-02-08,65.8367,63.5338,-3.4978974826184617,1,stop,2018
XLY,oversold_reclaim_20d,2018-02-07,2018-02-08,48.3196,46.6534,-3.4483449903486174,1,stop,2018
XLP,oversold_reclaim_20d,2018-02-07,2018-02-09,43.7407,42.4727,-2.8988639800704097,2,stop,2018
EEM,oversold_reclaim_20d,2018-02-07,2018-02-08,39.808,38.3584,-3.6415134650683245,1,stop,2018
EFA,oversold_reclaim_20d,2018-02-07,2018-02-08,54.3432,52.918,-2.6225474931858006,1,stop,2018
MDY,oversold_reclaim_20d,2018-02-07,2018-02-08,305.0777,295.8254,-3.0327504317859133,1,stop,2018
XLB,oversold_reclaim_20d,2018-02-07,2018-02-08,25.2448,24.3524,-3.5349827321358385,1,stop,2018
SMH,oversold_reclaim_20d,2018-02-12,2018-02-12,45.8251,46.4361,1.3332389538210476,0,strength,2018
SPY,oversold_reclaim_20d,2018-02-12,2018-02-12,231.8491,232.7102,0.3713982385105785,0,strength,2018
DIA,oversold_reclaim_20d,2018-02-12,2018-02-12,208.1319,209.5376,0.6753887840442729,0,strength,2018
XLF,oversold_reclaim_20d,2018-02-12,2018-02-12,23.8587,23.9047,0.19283510959531291,0,strength,2018
XLK,oversold_reclaim_20d,2018-02-12,2018-02-12,29.6227,29.7753,0.5151663348961222,0,strength,2018
QQQ,oversold_reclaim_20d,2018-02-12,2018-02-12,149.4586,150.2666,0.5406313365741156,0,strength,2018
XLV,oversold_reclaim_20d,2018-02-12,2018-02-12,71.6269,71.6914,0.09007753186012213,0,strength,2018
EEM,oversold_reclaim_20d,2018-02-12,2018-02-12,39.0451,39.025,-0.051414828990736794,0,strength,2018
MDY,oversold_reclaim_20d,2018-02-12,2018-02-12,299.3136,300.9032,0.5310591492535544,0,strength,2018
XLB,oversold_reclaim_20d,2018-02-12,2018-02-12,24.8648,25.1185,1.0205782592946688,0,strength,2018
GLD,oversold_reclaim_20d,2018-02-13,2018-02-13,125.7957,125.9539,0.12580215552344676,0,strength,2018
XLE,oversold_reclaim_20d,2018-02-13,2018-02-14,23.4843,23.8024,1.3547168047145286,1,strength,2018
IWM,oversold_reclaim_20d,2018-02-13,2018-02-13,132.8177,133.5416,0.5450722553838938,0,strength,2018
XLI,oversold_reclaim_20d,2018-02-13,2018-02-13,64.8199,65.2021,0.5897110761080127,0,strength,2018
XLY,oversold_reclaim_20d,2018-02-13,2018-02-13,46.9677,47.3067,0.72182697989569,0,strength,2018
EFA,oversold_reclaim_20d,2018-02-13,2018-02-13,53.4459,53.6016,0.29133405503418697,0,strength,2018
SMH,oversold_reclaim_20d,2018-02-14,2018-02-14,46.0955,47.3294,2.6767287895128167,0,strength,2018
SPY,oversold_reclaim_20d,2018-02-14,2018-02-14,232.2709,236.4376,1.7938623100782758,0,strength,2018
DIA,oversold_reclaim_20d,2018-02-14,2018-02-14,209.1041,212.2018,1.48138149273489,0,strength,2018
XLF,oversold_reclaim_20d,2018-02-14,2018-02-14,24.0379,24.5775,2.2447220215236374,0,strength,2018
XLK,oversold_reclaim_20d,2018-02-14,2018-02-14,29.7426,30.3968,2.1996080507393767,0,strength,2018
QQQ,oversold_reclaim_20d,2018-02-14,2018-02-14,150.4537,153.8703,2.270839512050471,0,strength,2018
XLV,oversold_reclaim_20d,2018-02-14,2018-02-14,71.4275,72.5565,1.5806174314620502,0,strength,2018
EEM,oversold_reclaim_20d,2018-02-14,2018-02-14,39.3187,40.3079,2.515710231046109,0,strength,2018
MDY,oversold_reclaim_20d,2018-02-14,2018-02-14,300.4593,307.3219,2.284046563010733,0,strength,2018
XLB,oversold_reclaim_20d,2018-02-14,2018-02-14,24.8986,25.3925,1.9837539235236568,0,strength,2018
GLD,oversold_reclaim_20d,2018-02-15,2018-02-15,128.5584,128.2516,-0.23864464432528099,0,strength,2018
IWM,oversold_reclaim_20d,2018-02-15,2018-02-15,137.1794,137.427,0.1804671642751332,0,strength,2018
XLI,oversold_reclaim_20d,2018-02-15,2018-02-15,66.6798,67.0237,0.5156540776723562,0,strength,2018
XLY,oversold_reclaim_20d,2018-02-15,2018-02-15,48.4488,48.4902,0.08534612882933335,0,strength,2018
EFA,oversold_reclaim_20d,2018-02-15,2018-02-15,54.9698,54.8908,-0.14362092173972885,0,strength,2018
SMH,oversold_reclaim_20d,2018-02-16,2018-02-16,47.8343,47.8225,-0.024728897648496062,0,strength,2018
SPY,oversold_reclaim_20d,2018-02-16,2018-02-16,239.3099,239.5246,0.08971200219092257,0,strength,2018
DIA,oversold_reclaim_20d,2018-02-16,2018-02-16,214.9925,215.0153,0.010578467975097539,0,strength,2018
XLK,oversold_reclaim_20d,2018-02-16,2018-02-16,30.9467,30.9309,-0.0510245971677481,0,strength,2018
QQQ,oversold_reclaim_20d,2018-02-16,2018-02-16,156.5287,156.0268,-0.3206511016616065,0,strength,2018
XLV,oversold_reclaim_20d,2018-02-16,2018-02-16,73.1439,73.8888,1.0184369266382554,0,strength,2018
XLP,oversold_reclaim_20d,2018-02-16,2018-02-16,44.1391,44.2099,0.16048382265918537,0,strength,2018
EEM,oversold_reclaim_20d,2018-02-16,2018-02-16,40.9193,41.0031,0.20474207907741349,0,strength,2018
MDY,oversold_reclaim_20d,2018-02-16,2018-02-16,310.3726,311.3189,0.30489180635620006,0,strength,2018
XLB,oversold_reclaim_20d,2018-02-16,2018-02-16,25.5151,25.4894,-0.10069147381205346,0,strength,2018
XLE,oversold_reclaim_20d,2018-02-20,2018-02-23,23.7804,23.9206,0.5897156625686018,3,strength,2018
XLF,oversold_reclaim_20d,2018-02-20,2018-02-20,24.6779,24.603,-0.3033297472921359,0,strength,2018
IWM,oversold_reclaim_20d,2018-02-20,2018-02-20,137.4768,136.7794,-0.5072811227379237,0,strength,2018
XLI,oversold_reclaim_20d,2018-02-20,2018-02-20,66.8623,66.3644,-0.7446578757417388,0,strength,2018
EFA,oversold_reclaim_20d,2018-02-20,2018-02-20,54.8305,54.6206,-0.38283846683347944,0,strength,2018
GLD,oversold_reclaim_20d,2018-03-07,2018-03-07,126.3462,125.5943,-0.5951424547320894,0,strength,2018
XLB,oversold_reclaim_20d,2018-03-22,2018-03-23,24.769,23.896,-3.5245396520886763,1,stop,2018
SPY,oversold_reclaim_20d,2018-03-27,2018-03-29,234.8423,231.7138,-1.3321760818141182,2,strength,2018
DIA,oversold_reclaim_20d,2018-03-27,2018-03-29,208.2065,206.3799,-0.8773092851491415,2,strength,2018
XLF,oversold_reclaim_20d,2018-03-27,2018-03-29,23.7914,23.5644,-0.9542127972425263,2,strength,2018
XLK,oversold_reclaim_20d,2018-03-27,2018-03-27,31.0667,29.7886,-4.114088525332371,0,stop,2018
QQQ,oversold_reclaim_20d,2018-03-27,2018-03-27,157.2193,150.8518,-4.0500565139186095,0,stop,2018
XLI,oversold_reclaim_20d,2018-03-27,2018-03-29,65.3167,64.6985,-0.9464325451155498,2,strength,2018
XLY,oversold_reclaim_20d,2018-03-27,2018-03-28,47.9251,46.2748,-3.4434700795625273,1,stop,2018
EEM,oversold_reclaim_20d,2018-03-27,2018-03-29,40.1812,39.9603,-0.5499693830593455,2,strength,2018
EFA,oversold_reclaim_20d,2018-03-27,2018-03-28,53.763,53.3082,-0.8459900312242752,1,strength,2018
MDY,oversold_reclaim_20d,2018-03-27,2018-03-29,309.9623,308.3952,-0.5055483556361207,2,strength,2018
SMH,oversold_reclaim_20d,2018-04-02,2018-04-04,48.2073,48.1807,-0.0550398549915454,2,strength,2018
XLK,oversold_reclaim_20d,2018-04-02,2018-04-04,30.155,30.201,0.15244085870442792,2,strength,2018
QQQ,oversold_reclaim_20d,2018-04-02,2018-04-04,150.9256,151.3346,0.27101691161164343,2,strength,2018
XLY,oversold_reclaim_20d,2018-04-02,2018-04-04,46.5923,46.8825,0.6229511187243242,2,strength,2018
EFA,oversold_reclaim_20d,2018-04-02,2018-04-03,53.6934,53.3931,-0.5592546969201972,1,strength,2018
XLE,oversold_reclaim_20d,2018-04-04,2018-04-04,23.3111,23.5937,1.2121755166765613,0,strength,2018
SPY,oversold_reclaim_20d,2018-04-04,2018-04-04,226.531,232.0748,2.4472849685991394,0,strength,2018
DIA,oversold_reclaim_20d,2018-04-04,2018-04-04,201.3534,207.2861,2.9464233117812544,0,strength,2018
XLF,oversold_reclaim_20d,2018-04-04,2018-04-04,22.9864,23.6071,2.7005062058988782,0,strength,2018
IWM,oversold_reclaim_20d,2018-04-04,2018-04-04,134.136,137.1674,2.259924357425258,0,strength,2018
XLI,oversold_reclaim_20d,2018-04-04,2018-04-04,62.9955,64.5243,2.4268761276068807,0,strength,2018
MDY,oversold_reclaim_20d,2018-04-04,2018-04-04,301.6521,307.8539,2.0559459782603096,0,strength,2018
XLV,oversold_reclaim_20d,2018-04-05,2018-04-05,71.5045,71.0578,-0.624738386465129,0,strength,2018
XLE,oversold_reclaim_20d,2018-04-06,2018-04-10,23.9146,24.4796,2.3625364898968826,2,strength,2018
SPY,oversold_reclaim_20d,2018-04-06,2018-04-10,232.4159,233.4748,0.45561839057750575,2,strength,2018
DIA,oversold_reclaim_20d,2018-04-06,2018-04-10,207.5641,208.6113,0.5045011117024156,2,strength,2018
IWM,oversold_reclaim_20d,2018-04-06,2018-04-10,137.6317,138.2672,0.4617612903943247,2,strength,2018
XLI,oversold_reclaim_20d,2018-04-06,2018-04-10,64.6622,64.1498,-0.7924228658237498,2,strength,2018
XLY,oversold_reclaim_20d,2018-04-06,2018-04-06,47.1476,46.4992,-1.3753001843192947,0,strength,2018
MDY,oversold_reclaim_20d,2018-04-06,2018-04-10,308.3526,309.1263,0.2509246187829772,2,strength,2018
XLB,oversold_reclaim_20d,2018-04-06,2018-04-10,24.3112,24.5334,0.9139314197789128,2,strength,2018
XLK,oversold_reclaim_20d,2018-04-10,2018-04-10,30.3447,30.5474,0.6677624613904198,0,strength,2018
SMH,oversold_reclaim_20d,2018-04-11,2018-04-11,47.8576,47.99,0.27654777371852735,0,strength,2018
EEM,oversold_reclaim_20d,2018-04-11,2018-04-11,39.6007,39.7864,0.46901725526704574,0,strength,2018
SMH,oversold_reclaim_20d,2018-04-13,2018-04-13,49.2748,48.3296,-1.9182139975668977,0,strength,2018
SMH,oversold_reclaim_20d,2018-04-27,2018-04-27,46.6642,45.6359,-2.2037823961285063,0,strength,2018
EEM,oversold_reclaim_20d,2018-04-27,2018-04-27,39.1777,39.116,-0.15755488010388286,0,strength,2018
GLD,oversold_reclaim_20d,2018-04-30,2018-05-04,124.5344,124.4155,-0.09551797584151922,4,strength,2018
SMH,oversold_reclaim_20d,2018-05-02,2018-05-03,45.9277,45.7103,-0.4733111272893109,1,strength,2018
EEM,oversold_reclaim_20d,2018-05-02,2018-05-08,38.7631,38.4208,-0.8830628942458896,4,strength,2018
DIA,oversold_reclaim_20d,2018-05-07,2018-05-07,208.7038,208.2184,-0.23258951694044017,0,strength,2018
XLF,oversold_reclaim_20d,2018-05-07,2018-05-07,23.4403,23.4618,0.09190634477616033,0,strength,2018
GLD,oversold_reclaim_20d,2018-05-08,2018-05-08,124.2641,124.4654,0.16196704335154077,0,strength,2018
XLI,oversold_reclaim_20d,2018-05-08,2018-05-08,63.4406,63.8015,0.5689567740160273,0,strength,2018
DIA,oversold_reclaim_20d,2018-05-09,2018-05-09,209.3294,209.912,0.27829853118810366,0,strength,2018
XLF,oversold_reclaim_20d,2018-05-09,2018-05-09,23.7828,23.9746,0.806463165594451,0,strength,2018
XLI,oversold_reclaim_20d,2018-05-10,2018-05-10,64.8629,64.9249,0.09558746657394313,0,strength,2018
DIA,oversold_reclaim_20d,2018-05-11,2018-05-11,212.3035,212.5979,0.138640669742629,0,strength,2018
XLF,oversold_reclaim_20d,2018-05-11,2018-05-11,24.2367,24.1541,-0.3408570590109017,0,strength,2018
EEM,oversold_reclaim_20d,2018-05-11,2018-05-11,39.5427,39.2319,-0.785872639791485,0,strength,2018
EFA,oversold_reclaim_20d,2018-05-31,2018-06-01,53.8636,54.0416,0.3305366916617425,1,strength,2018
EEM,oversold_reclaim_20d,2018-06-05,2018-06-05,38.6967,38.4373,-0.6703566904615821,0,strength,2018
XLE,oversold_reclaim_20d,2018-06-27,2018-06-27,26.5594,26.6402,0.30457272988808626,0,strength,2018
SMH,oversold_reclaim_20d,2018-06-29,2018-06-29,48.0395,47.7667,-0.5678211809416411,0,strength,2018
DIA,oversold_reclaim_20d,2018-06-29,2018-06-29,209.5881,208.525,-0.507218267664411,0,strength,2018
XLK,oversold_reclaim_20d,2018-06-29,2018-06-29,32.4028,32.199,-0.6289187970701327,0,strength,2018
MDY,oversold_reclaim_20d,2018-06-29,2018-07-02,322.595,321.317,-0.3961590913903579,1,strength,2018
XLE,oversold_reclaim_20d,2018-07-02,2018-07-06,26.6371,26.6755,0.14430329756693894,3,strength,2018
SMH,oversold_reclaim_20d,2018-07-03,2018-07-05,48.1187,48.2133,0.1966241326082807,1,strength,2018
SPY,oversold_reclaim_20d,2018-07-03,2018-07-03,241.8347,239.6091,-0.92031370055492,0,strength,2018
DIA,oversold_reclaim_20d,2018-07-03,2018-07-05,210.0873,209.2295,-0.4083236419051839,1,strength,2018
XLK,oversold_reclaim_20d,2018-07-03,2018-07-05,32.6489,32.5559,-0.2849979608728348,1,strength,2018
QQQ,oversold_reclaim_20d,2018-07-03,2018-07-05,165.0046,164.1717,-0.5047439131538822,1,strength,2018
IWM,oversold_reclaim_20d,2018-07-03,2018-07-03,149.3531,149.2447,-0.0725849524355171,0,strength,2018
SPY,oversold_reclaim_20d,2018-07-06,2018-07-06,242.074,243.607,0.6332682688052316,0,strength,2018
IWM,oversold_reclaim_20d,2018-07-06,2018-07-06,151.3656,152.2212,0.565272166396813,0,strength,2018
MDY,oversold_reclaim_20d,2018-07-06,2018-07-06,325.3062,327.3892,0.6403266488656412,0,strength,2018
SMH,oversold_reclaim_20d,2018-07-09,2018-07-09,49.3074,49.195,-0.22810580878772635,0,strength,2018
DIA,oversold_reclaim_20d,2018-07-09,2018-07-09,211.568,212.915,0.6366721289355226,0,strength,2018
XLK,oversold_reclaim_20d,2018-07-09,2018-07-09,33.1784,33.1862,0.023710935229193097,0,strength,2018
QQQ,oversold_reclaim_20d,2018-07-09,2018-07-09,167.9252,168.2257,0.17900078313712875,0,strength,2018
SMH,oversold_reclaim_20d,2018-07-11,2018-07-17,49.0184,49.3345,0.6448982891911204,4,strength,2018
XLE,oversold_reclaim_20d,2018-08-17,2018-08-20,25.6516,25.7695,0.459847481266773,1,strength,2018
SMH,oversold_reclaim_20d,2018-08-22,2018-08-22,48.6548,48.9437,0.5938530049411694,0,strength,2018
XLB,oversold_reclaim_20d,2018-08-22,2018-08-22,25.1441,24.9791,-0.6562043192634315,0,strength,2018
XLE,oversold_reclaim_20d,2018-08-23,2018-08-23,26.139,26.0868,-0.19980019980019303,0,strength,2018
SMH,oversold_reclaim_20d,2018-08-24,2018-08-24,49.3867,49.7533,0.742244330125108,0,strength,2018
IWM,oversold_reclaim_20d,2018-09-21,2018-09-21,155.6989,154.1664,-0.9842594653742709,0,strength,2018
XLU,oversold_reclaim_20d,2018-09-21,2018-09-26,20.7644,20.2219,-2.612904155909057,3,stop,2018
XLU,oversold_reclaim_20d,2018-09-28,2018-09-28,20.4692,20.6836,1.0477052262219289,0,strength,2018
IWM,oversold_reclaim_20d,2018-10-01,2018-10-01,153.876,150.6704,-2.0832610672948615,0,stop,2018
MDY,oversold_reclaim_20d,2018-10-01,2018-10-02,335.487,329.3875,-1.8181005866385491,1,stop,2018
XLU,oversold_reclaim_20d,2018-10-03,2018-10-04,20.8983,20.7504,-0.7073312729761638,1,strength,2018
XLF,oversold_reclaim_20d,2018-10-04,2018-10-04,24.1387,24.2629,0.5145851032153148,0,strength,2018
IWM,oversold_reclaim_20d,2018-10-04,2018-10-05,150.3766,146.7886,-2.3860482045271914,1,stop,2018
XLP,oversold_reclaim_20d,2018-10-08,2018-10-08,43.4122,43.9666,1.2769229714545416,0,strength,2018
XLF,oversold_reclaim_20d,2018-10-09,2018-10-09,24.2424,24.2112,-0.12866514210597702,0,strength,2018
IWM,oversold_reclaim_20d,2018-10-09,2018-10-10,146.9044,143.0004,-2.657509571992056,1,stop,2018
XLY,oversold_reclaim_20d,2018-10-09,2018-10-10,52.3038,50.9958,-2.5009481673642475,1,stop,2018
MDY,oversold_reclaim_20d,2018-10-09,2018-10-10,324.511,317.5782,-2.1363938000765192,1,stop,2018
SPY,oversold_reclaim_20d,2018-10-10,2018-10-10,255.3577,251.0037,-1.7050680831302012,0,stop,2018
XLK,oversold_reclaim_20d,2018-10-10,2018-10-10,33.8361,32.8661,-2.8667791767895023,0,stop,2018
QQQ,oversold_reclaim_20d,2018-10-10,2018-10-10,170.1238,165.1944,-2.8975421684285574,0,stop,2018
XLK,oversold_reclaim_20d,2018-10-15,2018-10-16,32.8855,33.3778,1.497244109453022,1,strength,2018
QQQ,oversold_reclaim_20d,2018-10-15,2018-10-16,165.5493,168.557,1.816772329504568,1,strength,2018
XLV,oversold_reclaim_20d,2018-10-15,2018-10-16,79.6924,81.2827,1.9955377791817108,1,strength,2018
XLP,oversold_reclaim_20d,2018-10-16,2018-10-16,42.9569,43.2443,0.6691757408989751,0,strength,2018
XLE,oversold_reclaim_20d,2018-10-17,2018-10-22,25.9097,24.9862,-3.564588678007641,3,stop,2018
SPY,oversold_reclaim_20d,2018-10-17,2018-10-17,249.6688,249.1789,-0.19623802393142764,0,strength,2018
DIA,oversold_reclaim_20d,2018-10-17,2018-10-17,222.3592,221.9581,-0.1803825154427452,0,strength,2018
XLI,oversold_reclaim_20d,2018-10-17,2018-10-17,66.3004,65.6671,-0.9551591863046216,0,strength,2018
XLY,oversold_reclaim_20d,2018-10-17,2018-10-17,51.3777,50.8524,-1.0224319574287488,0,strength,2018
XLV,oversold_reclaim_20d,2018-10-18,2018-10-18,81.8311,80.7841,-1.2794747320993394,0,strength,2018
XLP,oversold_reclaim_20d,2018-10-18,2018-10-18,43.583,43.3904,-0.44184781610479007,0,strength,2018
XLP,oversold_reclaim_20d,2018-10-22,2018-10-22,44.5506,44.0477,-1.1287710748473123,0,strength,2018
DIA,oversold_reclaim_20d,2018-10-26,2018-10-30,214.2333,214.9462,0.33279587957104617,2,strength,2018
XLV,oversold_reclaim_20d,2018-10-26,2018-10-30,76.7824,77.4862,0.916688734061144,2,strength,2018
DIA,oversold_reclaim_20d,2018-11-01,2018-11-01,218.3642,219.2935,0.4255597139052547,0,strength,2018
XLK,oversold_reclaim_20d,2018-11-02,2018-11-02,32.4195,31.9687,-1.3904621077655555,0,strength,2018
QQQ,oversold_reclaim_20d,2018-11-02,2018-11-02,163.4717,161.1002,-1.4507173686065022,0,strength,2018
XLV,oversold_reclaim_20d,2018-11-02,2018-11-02,79.4908,78.0811,-1.7734501317548612,0,strength,2018
DIA,oversold_reclaim_20d,2018-11-06,2018-11-06,220.4254,221.4543,0.46676782258687766,0,strength,2018
XLY,oversold_reclaim_20d,2018-11-06,2018-11-06,50.2469,50.4391,0.38252684524788805,0,strength,2018
XLP,oversold_reclaim_20d,2018-12-12,2018-12-12,45.136,44.7131,-0.936929868815306,0,strength,2018
XLP,oversold_reclaim_20d,2018-12-14,2018-12-17,44.7945,43.4322,-3.041265425333406,1,stop,2018
TLT,oversold_reclaim_20d,2019-03-05,2019-03-05,96.8917,97.1521,0.26874330126649415,0,strength,2019
GLD,oversold_reclaim_20d,2019-03-06,2019-03-08,121.5514,122.7172,0.9590393409128151,2,strength,2019
TLT,oversold_reclaim_20d,2019-03-07,2019-03-07,97.9965,98.1412,0.14764593239910972,0,strength,2019
TLT,oversold_reclaim_20d,2019-03-11,2019-03-11,98.6138,98.2627,-0.3559969162460819,0,strength,2019
XLV,oversold_reclaim_20d,2019-03-11,2019-03-11,78.9271,79.4548,0.6686071467836507,0,strength,2019
EEM,oversold_reclaim_20d,2019-03-12,2019-03-12,36.1285,36.0563,-0.19980019980019303,0,strength,2019
GLD,oversold_reclaim_20d,2019-03-13,2019-03-13,123.6836,123.7162,0.02635660393708328,0,strength,2019
XLV,oversold_reclaim_20d,2019-03-13,2019-03-13,80.4327,80.8959,0.5758763373855613,0,strength,2019
EEM,oversold_reclaim_20d,2019-03-14,2019-03-14,36.0268,35.9041,-0.34063154924190986,0,strength,2019
XLV,oversold_reclaim_20d,2019-03-18,2019-03-18,81.3774,81.012,-0.44908756426836893,0,strength,2019
EEM,oversold_reclaim_20d,2019-03-18,2019-03-18,36.764,36.8343,0.19121690489254384,0,strength,2019
MDY,oversold_reclaim_20d,2019-03-29,2019-03-29,317.0193,315.6,-0.4476768045218127,0,strength,2019
MDY,oversold_reclaim_20d,2019-04-02,2019-04-02,320.4157,318.5146,-0.5933332527748636,0,strength,2019
GLD,oversold_reclaim_20d,2019-04-08,2019-04-08,123.093,122.3875,-0.5731270281530976,0,strength,2019
GLD,oversold_reclaim_20d,2019-04-11,2019-04-16,122.6625,120.2596,-1.958971045541269,3,gap_stop,2019
XLV,oversold_reclaim_20d,2019-04-16,2019-04-16,80.3522,78.4925,-2.314518682101163,0,stop,2019
GLD,oversold_reclaim_20d,2019-04-22,2019-04-24,120.5805,120.3495,-0.19151350544674983,2,strength,2019
XLU,oversold_reclaim_20d,2019-04-24,2019-04-24,23.0117,23.0576,0.19912228723344416,0,strength,2019
XLU,oversold_reclaim_20d,2019-04-26,2019-04-26,23.3277,23.1893,-0.5933263485422002,0,strength,2019
GLD,oversold_reclaim_20d,2019-04-29,2019-04-29,121.0009,120.7092,-0.24107711289020894,0,strength,2019
GLD,oversold_reclaim_20d,2019-05-01,2019-05-03,121.151,120.5294,-0.5131423645290734,2,strength,2019
XLU,oversold_reclaim_20d,2019-05-01,2019-05-03,23.4117,23.2691,-0.6089552683446908,2,strength,2019
XLB,oversold_reclaim_20d,2019-05-06,2019-05-09,23.9289,23.309,-2.5907985402122247,3,stop,2019
GLD,oversold_reclaim_20d,2019-05-07,2019-05-07,121.141,121.0888,-0.043113022962826264,0,strength,2019
DIA,oversold_reclaim_20d,2019-05-09,2019-05-13,225.7284,220.9057,-2.136480109954586,2,stop,2019
EFA,oversold_reclaim_20d,2019-05-09,2019-05-10,51.3858,51.9914,1.1785674182452688,1,strength,2019
GLD,oversold_reclaim_20d,2019-05-10,2019-05-10,121.5314,121.3086,-0.1833627653782699,0,strength,2019
SPY,oversold_reclaim_20d,2019-05-10,2019-05-15,256.892,255.876,-0.39551845733613034,3,strength,2019
SMH,oversold_reclaim_20d,2019-05-13,2019-05-15,50.7199,51.7044,1.9411043244230264,2,strength,2019
XLK,oversold_reclaim_20d,2019-05-13,2019-05-15,34.7595,35.2852,1.5122832448700052,2,strength,2019
QQQ,oversold_reclaim_20d,2019-05-13,2019-05-15,172.6254,174.9561,1.3501257238396125,2,strength,2019
IWM,oversold_reclaim_20d,2019-05-13,2019-05-16,140.5376,141.4523,0.6508608290010098,3,strength,2019
XLI,oversold_reclaim_20d,2019-05-13,2019-05-16,66.373,67.2717,1.3541350396266694,3,strength,2019
XLY,oversold_reclaim_20d,2019-05-13,2019-05-16,53.8741,54.646,1.4328337026790372,3,strength,2019
EEM,oversold_reclaim_20d,2019-05-13,2019-05-28,34.4678,33.9001,-1.6472387091616358,10,time,2019
MDY,oversold_reclaim_20d,2019-05-13,2019-05-16,316.6437,318.5969,0.616846814528138,3,strength,2019
XLB,oversold_reclaim_20d,2019-05-13,2019-05-16,23.4098,23.7343,1.3861072420309206,3,strength,2019
XLU,oversold_reclaim_20d,2019-05-13,2019-05-13,23.1077,23.3808,1.1820008748444577,0,strength,2019
DIA,oversold_reclaim_20d,2019-05-15,2019-05-15,222.6017,224.5606,0.8799970786272926,0,strength,2019
XLF,oversold_reclaim_20d,2019-05-15,2019-05-16,23.2598,23.597,1.4497682233564513,1,strength,2019
EFA,oversold_reclaim_20d,2019-05-15,2019-05-15,51.019,51.4741,0.8921069040054519,0,strength,2019
SMH,oversold_reclaim_20d,2019-05-17,2019-05-23,50.3018,47.3704,-5.827517925276016,4,gap_stop,2019
SPY,oversold_reclaim_20d,2019-05-17,2019-05-17,256.4602,256.5761,0.04519632427597564,0,strength,2019
DIA,oversold_reclaim_20d,2019-05-17,2019-05-17,225.079,225.5757,0.22064732521516195,0,strength,2019
XLK,oversold_reclaim_20d,2019-05-17,2019-05-17,35.3135,35.3226,0.0257795293971963,0,strength,2019
QQQ,oversold_reclaim_20d,2019-05-17,2019-05-17,175.3159,174.9083,-0.23251069114771372,0,strength,2019
EFA,oversold_reclaim_20d,2019-05-17,2019-05-17,51.6729,51.5457,-0.24601386402328673,0,strength,2019
XLU,oversold_reclaim_20d,2019-05-17,2019-05-17,23.2837,23.4607,0.7601425529218053,0,strength,2019
XLF,oversold_reclaim_20d,2019-05-20,2019-05-20,23.3996,23.4662,0.284663649554151,0,strength,2019
XLY,oversold_reclaim_20d,2019-05-20,2019-05-21,54.1413,54.2203,0.14587450355063591,1,strength,2019
DIA,oversold_reclaim_20d,2019-05-21,2019-05-21,226.6945,226.741,0.020508849366729365,0,strength,2019
XLI,oversold_reclaim_20d,2019-05-21,2019-05-21,67.0589,67.1383,0.11842216288309171,0,strength,2019
XLF,oversold_reclaim_20d,2019-05-22,2019-05-22,23.6355,23.5709,-0.2735842805184019,0,strength,2019
XLF,oversold_reclaim_20d,2019-05-28,2019-05-31,23.3996,22.6728,-3.1062969528358297,3,stop,2019
XLK,oversold_reclaim_20d,2019-05-31,2019-06-04,33.9143,34.2027,0.8502710049933748,2,strength,2019
QQQ,oversold_reclaim_20d,2019-05-31,2019-06-04,167.2634,167.1395,-0.07410578716922078,2,strength,2019
XLY,oversold_reclaim_20d,2019-05-31,2019-06-04,52.0458,52.8635,1.571105663128347,2,strength,2019
XLP,oversold_reclaim_20d,2019-05-31,2019-06-03,46.1782,46.3658,0.4064496788555694,1,strength,2019
EFA,oversold_reclaim_20d,2019-05-31,2019-06-04,50.3412,51.3309,1.965987520488266,2,strength,2019
SMH,oversold_reclaim_20d,2019-06-05,2019-06-05,48.9524,48.0627,-1.8174470298630396,0,strength,2019
SPY,oversold_reclaim_20d,2019-06-05,2019-06-05,253.9328,253.991,0.022898826764938818,0,strength,2019
DIA,oversold_reclaim_20d,2019-06-05,2019-06-05,224.0781,224.0773,-0.00037400500436657325,0,strength,2019
XLF,oversold_reclaim_20d,2019-06-05,2019-06-05,23.5394,23.597,0.2447401543386185,0,strength,2019
XLI,oversold_reclaim_20d,2019-06-05,2019-06-05,66.5155,66.676,0.2413126537115451,0,strength,2019
XLP,oversold_reclaim_20d,2019-06-05,2019-06-05,47.094,47.321,0.4820851498897216,0,strength,2019
XLB,oversold_reclaim_20d,2019-06-05,2019-06-05,24.3485,24.3257,-0.09342663011121521,0,strength,2019
SPY,oversold_reclaim_20d,2019-06-07,2019-06-07,257.1708,258.2009,0.40054418476880294,0,strength,2019
DIA,oversold_reclaim_20d,2019-06-07,2019-06-07,226.9227,228.0378,0.4913830251993101,0,strength,2019
XLF,oversold_reclaim_20d,2019-06-07,2019-06-07,23.7317,23.6494,-0.3467777046040066,0,strength,2019
XLK,oversold_reclaim_20d,2019-06-07,2019-06-07,35.3041,35.7022,1.1275065771609194,0,strength,2019
QQQ,oversold_reclaim_20d,2019-06-07,2019-06-07,170.9689,172.9971,1.1863113173150586,0,strength,2019
XLV,oversold_reclaim_20d,2019-06-07,2019-06-07,79.8573,80.2711,0.518109071060513,0,strength,2019
XLI,oversold_reclaim_20d,2019-06-07,2019-06-07,67.1747,67.3251,0.223754612310767,0,strength,2019
XLY,oversold_reclaim_20d,2019-06-07,2019-06-07,53.7381,54.1688,0.8014244778862478,0,strength,2019
XLP,oversold_reclaim_20d,2019-06-07,2019-06-07,48.0758,48.2761,0.4167800740805472,0,strength,2019
EFA,oversold_reclaim_20d,2019-06-07,2019-06-07,52.1194,52.1745,0.10558130582418723,0,strength,2019
MDY,oversold_reclaim_20d,2019-06-07,2019-06-07,315.7007,315.3806,-0.1013960998869079,0,strength,2019
XLB,oversold_reclaim_20d,2019-06-07,2019-06-07,24.8243,24.8351,0.04365627706710562,0,strength,2019
XLF,oversold_reclaim_20d,2019-06-11,2019-06-11,24.0287,23.8586,-0.7078717292118175,0,strength,2019
XLK,oversold_reclaim_20d,2019-06-11,2019-06-11,36.5062,36.0677,-1.2010096405428272,0,strength,2019
QQQ,oversold_reclaim_20d,2019-06-11,2019-06-11,177.1926,175.2523,-1.0950163423116277,0,strength,2019
XLY,oversold_reclaim_20d,2019-06-11,2019-06-11,55.1726,54.8378,-0.6068392849645332,0,strength,2019
TLT,oversold_reclaim_20d,2019-07-15,2019-07-17,106.8492,107.8945,0.9783488822795894,2,strength,2019
TLT,oversold_reclaim_20d,2019-07-19,2019-07-19,107.7829,107.6493,-0.12395378753591313,0,strength,2019
XLV,oversold_reclaim_20d,2019-07-24,2019-07-24,81.6536,81.6588,0.006311556883176195,0,strength,2019
XLV,oversold_reclaim_20d,2019-07-29,2019-07-29,81.7601,81.8891,0.1577061644711053,0,strength,2019
XLV,oversold_reclaim_20d,2019-07-31,2019-08-05,81.6092,79.7366,-2.2945766520441113,3,gap_stop,2019
XLU,oversold_reclaim_20d,2019-08-02,2019-08-02,24.2879,24.1991,-0.365441157426738,0,strength,2019
XLF,oversold_reclaim_20d,2019-08-05,2019-08-07,23.7033,23.036,-2.8149597381392444,2,stop,2019
SPY,oversold_reclaim_20d,2019-08-07,2019-08-08,257.0387,264.8415,3.0356336050036514,1,strength,2019
DIA,oversold_reclaim_20d,2019-08-07,2019-08-08,226.4783,232.1791,2.5171492613236035,1,strength,2019
XLK,oversold_reclaim_20d,2019-08-07,2019-08-08,35.8718,37.3331,4.0737776781290425,1,strength,2019
QQQ,oversold_reclaim_20d,2019-08-07,2019-08-08,173.9474,180.2941,3.648624285029878,1,strength,2019
XLV,oversold_reclaim_20d,2019-08-07,2019-08-08,79.2839,80.8616,1.9899176481515957,1,strength,2019
XLI,oversold_reclaim_20d,2019-08-07,2019-08-08,66.0889,67.9215,2.772837769491643,1,strength,2019
XLY,oversold_reclaim_20d,2019-08-07,2019-08-08,54.3139,56.0597,3.214419441380767,1,strength,2019
XLP,oversold_reclaim_20d,2019-08-07,2019-08-07,48.1845,48.8598,1.401549312568151,0,strength,2019
MDY,oversold_reclaim_20d,2019-08-07,2019-08-08,311.9982,322.0966,3.2367097436050596,1,strength,2019
XLU,oversold_reclaim_20d,2019-08-07,2019-08-07,24.2073,24.2112,0.016255299566614312,0,strength,2019
SMH,oversold_reclaim_20d,2019-08-08,2019-08-08,53.0005,53.7908,1.491121463569467,0,strength,2019
EFA,oversold_reclaim_20d,2019-08-08,2019-08-08,51.3376,51.5277,0.37030663263881713,0,strength,2019
XLB,oversold_reclaim_20d,2019-08-08,2019-08-08,24.9728,25.2703,1.1913844063639711,0,strength,2019
XLF,oversold_reclaim_20d,2019-08-09,2019-08-09,23.8087,23.8137,0.02107617622868485,0,strength,2019
IWM,oversold_reclaim_20d,2019-08-09,2019-08-09,139.5648,137.9397,-1.1644028631257908,0,strength,2019
XLP,oversold_reclaim_20d,2019-08-09,2019-08-09,49.5645,49.2166,-0.7019804134019481,0,strength,2019
XLU,oversold_reclaim_20d,2019-08-09,2019-08-09,24.5298,24.4888,-0.16699741046636296,0,strength,2019
XLV,oversold_reclaim_20d,2019-08-12,2019-08-13,80.8193,81.2159,0.4906732926079682,1,strength,2019
DIA,oversold_reclaim_20d,2019-08-14,2019-08-16,228.2838,228.1639,-0.05253527869274466,2,strength,2019
XLF,oversold_reclaim_20d,2019-08-14,2019-08-16,23.1676,23.2878,0.5190245367061364,2,strength,2019
XLP,oversold_reclaim_20d,2019-08-14,2019-08-15,49.0989,49.3908,0.5944227581680783,1,strength,2019
XLB,oversold_reclaim_20d,2019-08-14,2019-08-16,24.629,24.5885,-0.16454515903950861,2,strength,2019
XLU,oversold_reclaim_20d,2019-08-14,2019-08-15,24.5378,24.5693,0.12812021268127083,1,strength,2019
XLI,oversold_reclaim_20d,2019-08-19,2019-08-19,67.2701,66.9749,-0.4387476106504029,0,strength,2019
XLY,oversold_reclaim_20d,2019-08-19,2019-08-19,55.2641,55.0926,-0.3102403845886448,0,strength,2019
MDY,oversold_reclaim_20d,2019-08-19,2019-08-19,317.3284,316.3,-0.3240910844302891,0,strength,2019
XLY,oversold_reclaim_20d,2019-08-21,2019-08-21,56.139,56.1677,0.05108270136338078,0,strength,2019
DIA,oversold_reclaim_20d,2019-08-22,2019-08-22,232.003,231.4073,-0.25678098212613687,0,strength,2019
XLF,oversold_reclaim_20d,2019-08-23,2019-08-28,23.352,23.1651,-0.8003124228257996,3,strength,2019
XLB,oversold_reclaim_20d,2019-08-29,2019-08-29,24.4941,24.4538,-0.16434008879565587,0,strength,2019
XLF,oversold_reclaim_20d,2019-08-30,2019-08-30,23.6945,23.5946,-0.4217408517850352,0,strength,2019
IWM,oversold_reclaim_20d,2019-09-06,2019-09-06,138.2893,137.2803,-0.729597585487074,0,strength,2019
TLT,oversold_reclaim_20d,2019-09-17,2019-09-17,113.7546,114.077,0.28347495798777267,0,strength,2019
GLD,oversold_reclaim_20d,2019-09-23,2019-09-23,143.3632,143.6062,0.1695196131928256,0,strength,2019
TLT,oversold_reclaim_20d,2019-09-23,2019-09-23,116.9445,116.399,-0.4664239467428888,0,strength,2019
GLD,oversold_reclaim_20d,2019-09-25,2019-09-27,144.2241,140.2097,-2.7834642345826777,2,gap_stop,2019
GLD,oversold_reclaim_20d,2019-10-02,2019-10-02,140.9308,141.1187,0.13336421506826568,0,strength,2019
GLD,oversold_reclaim_20d,2019-10-04,2019-10-04,141.6215,141.7581,0.09646713439721566,0,strength,2019
SPY,oversold_reclaim_20d,2019-10-04,2019-10-04,264.3455,266.726,0.9005562350944629,0,strength,2019
DIA,oversold_reclaim_20d,2019-10-04,2019-10-04,232.7079,234.699,0.8556031342868531,0,strength,2019
XLK,oversold_reclaim_20d,2019-10-04,2019-10-04,37.7182,37.9966,0.7381715669628086,0,strength,2019
QQQ,oversold_reclaim_20d,2019-10-04,2019-10-04,179.8848,181.1855,0.7230879634029019,0,strength,2019
XLI,oversold_reclaim_20d,2019-10-04,2019-10-07,67.3567,67.5364,0.2667007213303707,1,strength,2019
XLY,oversold_reclaim_20d,2019-10-04,2019-10-04,55.8769,56.1562,0.4998733283764878,0,strength,2019
XLP,oversold_reclaim_20d,2019-10-04,2019-10-04,50.6354,51.2437,1.201197311736979,0,strength,2019
EFA,oversold_reclaim_20d,2019-10-04,2019-10-07,51.9078,52.1049,0.3797136427460268,1,strength,2019
MDY,oversold_reclaim_20d,2019-10-04,2019-10-04,317.099,319.0527,0.6161153242103534,0,strength,2019
XLB,oversold_reclaim_20d,2019-10-04,2019-10-10,24.5123,24.555,0.1740961281450515,4,strength,2019
SMH,oversold_reclaim_20d,2019-10-07,2019-10-07,57.0628,56.7402,-0.5654252681409178,0,strength,2019
XLF,oversold_reclaim_20d,2019-10-07,2019-10-07,24.1419,24.0672,-0.3092727584694366,0,strength,2019
XLV,oversold_reclaim_20d,2019-10-07,2019-10-07,79.9964,79.8988,-0.12197061687739819,0,strength,2019
SMH,oversold_reclaim_20d,2019-10-10,2019-10-10,56.4879,56.7592,0.48013855535444794,0,strength,2019
SPY,oversold_reclaim_20d,2019-10-10,2019-10-10,264.3818,265.7203,0.5062516344839674,0,strength,2019
XLF,oversold_reclaim_20d,2019-10-10,2019-10-10,23.9212,24.0584,0.5735558995805468,0,strength,2019
XLK,oversold_reclaim_20d,2019-10-10,2019-10-10,37.7324,37.9542,0.5877965723726453,0,strength,2019
QQQ,oversold_reclaim_20d,2019-10-10,2019-10-10,180.0771,181.0607,0.5462467432738372,0,strength,2019
XLI,oversold_reclaim_20d,2019-10-10,2019-10-10,67.0599,67.671,0.9113142705933441,0,strength,2019
XLY,oversold_reclaim_20d,2019-10-10,2019-10-10,55.9571,56.1656,0.37260337407134525,0,strength,2019
XLP,oversold_reclaim_20d,2019-10-10,2019-10-10,50.7191,50.8264,0.21157736528372162,0,strength,2019
EFA,oversold_reclaim_20d,2019-10-10,2019-10-10,52.0707,52.3569,0.5496433593207728,0,strength,2019
DIA,oversold_reclaim_20d,2019-10-11,2019-10-11,237.0366,236.9076,-0.05443835405173347,0,strength,2019
MDY,oversold_reclaim_20d,2019-10-11,2019-10-11,320.411,321.3637,0.29733613236406775,0,strength,2019
TLT,oversold_reclaim_20d,2019-10-31,2019-10-31,115.6997,116.0932,0.3401281086159891,0,strength,2019
XLU,oversold_reclaim_20d,2019-11-07,2019-11-13,25.4019,25.3106,-0.35940601881796486,4,strength,2019
GLD,oversold_reclaim_20d,2019-11-13,2019-11-13,137.9378,137.842,-0.0694424014858197,0,strength,2019
TLT,oversold_reclaim_20d,2019-11-13,2019-11-13,112.8736,112.3929,-0.4259373157809443,0,strength,2019
GLD,oversold_reclaim_20d,2019-11-15,2019-11-15,138.168,138.0718,-0.06964858062599166,0,strength,2019
TLT,oversold_reclaim_20d,2019-11-15,2019-11-15,113.4264,113.4303,0.003457983106813778,0,strength,2019
XLU,oversold_reclaim_20d,2019-11-15,2019-11-15,25.4629,25.4809,0.07087387715909443,0,strength,2019
GLD,oversold_reclaim_20d,2019-11-19,2019-11-19,138.2681,138.5513,0.20480319019240412,0,strength,2019
EFA,oversold_reclaim_20d,2019-12-04,2019-12-04,55.3944,55.4463,0.09372532069982231,0,strength,2019
SMH,oversold_reclaim_20d,2019-12-05,2019-12-05,62.6504,62.6058,-0.07113456088103653,0,strength,2019
MDY,oversold_reclaim_20d,2019-12-05,2019-12-05,337.6632,336.6295,-0.30614866930582796,0,strength,2019
EEM,oversold_reclaim_20d,2019-12-06,2019-12-06,36.7711,36.6976,-0.19980019980018193,0,strength,2019
XLB,oversold_reclaim_20d,2019-12-06,2019-12-06,26.231,26.231,-0.00013502025184575217,0,strength,2019
SMH,oversold_reclaim_20d,2019-12-09,2019-12-09,63.6956,63.1084,-0.921912070571318,0,strength,2019
XLI,oversold_reclaim_20d,2019-12-09,2019-12-09,72.7539,72.5367,-0.2985073904486768,0,strength,2019
EFA,oversold_reclaim_20d,2019-12-09,2019-12-09,55.8587,55.552,-0.5491050687285726,0,strength,2019
MDY,oversold_reclaim_20d,2019-12-09,2019-12-09,339.9328,338.3789,-0.45710998814260106,0,strength,2019
SMH,oversold_reclaim_20d,2019-12-11,2019-12-11,63.9474,64.7159,1.2016584660848428,0,strength,2019
EEM,oversold_reclaim_20d,2019-12-11,2019-12-11,36.9589,37.2174,0.6992992731894132,0,strength,2019
EFA,oversold_reclaim_20d,2019-12-11,2019-12-11,55.7121,55.8691,0.2817650724269427,0,strength,2019
TLT,oversold_reclaim_20d,2019-12-20,2019-12-24,112.6857,113.047,0.3207020195381327,2,strength,2019
TLT,oversold_reclaim_20d,2019-12-27,2019-12-27,113.7701,113.4436,-0.2869330320006469,0,strength,2019
TLT,oversold_reclaim_20d,2020-01-03,2020-01-03,114.4571,114.9306,0.4137042010884828,0,strength,2020
XLF,oversold_reclaim_20d,2020-01-29,2020-01-30,26.9441,27.0939,0.5560164287604641,1,strength,2020
IWM,oversold_reclaim_20d,2020-01-29,2020-01-31,152.5937,148.6575,-2.57952086947717,2,stop,2020
XLY,oversold_reclaim_20d,2020-01-29,2020-01-31,59.5179,59.2241,-0.4936087864568339,2,strength,2020
EEM,oversold_reclaim_20d,2020-01-29,2020-01-30,38.1582,36.9663,-3.1236626659629896,1,stop,2020
EFA,oversold_reclaim_20d,2020-01-29,2020-01-31,56.694,55.7194,-1.7189122870036044,2,stop,2020
MDY,oversold_reclaim_20d,2020-01-29,2020-01-31,347.7615,340.2183,-2.169080630826381,2,stop,2020
XLB,oversold_reclaim_20d,2020-01-29,2020-01-31,26.081,25.436,-2.4730120532889255,2,stop,2020
SMH,oversold_reclaim_20d,2020-02-04,2020-02-04,69.0595,69.2777,0.31593092900501496,0,strength,2020
DIA,oversold_reclaim_20d,2020-02-04,2020-02-04,256.1964,256.0045,-0.0749056760716238,0,strength,2020
IWM,oversold_reclaim_20d,2020-02-04,2020-02-04,151.8635,151.9843,0.07960313922674711,0,strength,2020
XLV,oversold_reclaim_20d,2020-02-04,2020-02-04,91.2361,91.5123,0.3027006851270331,0,strength,2020
XLY,oversold_reclaim_20d,2020-02-04,2020-02-04,60.6402,60.7317,0.15089311739671096,0,strength,2020
EEM,oversold_reclaim_20d,2020-02-04,2020-02-04,38.0885,38.0124,-0.19980019980019303,0,strength,2020
MDY,oversold_reclaim_20d,2020-02-04,2020-02-04,346.3816,346.1979,-0.05303845748481084,0,strength,2020
XLB,oversold_reclaim_20d,2020-02-04,2020-02-04,26.1909,26.279,0.3363991410846756,0,strength,2020
XLI,oversold_reclaim_20d,2020-02-05,2020-02-05,75.5202,75.7753,0.3377840095830642,0,strength,2020
EFA,oversold_reclaim_20d,2020-02-05,2020-02-05,57.1965,57.0822,-0.19980019980019303,0,strength,2020
SMH,oversold_reclaim_20d,2020-02-06,2020-02-06,70.8921,70.7023,-0.26769563593690426,0,strength,2020
DIA,oversold_reclaim_20d,2020-02-06,2020-02-06,261.8426,261.0706,-0.2948411329400824,0,strength,2020
IWM,oversold_reclaim_20d,2020-02-06,2020-02-06,155.1723,153.9768,-0.770464695611639,0,strength,2020
XLV,oversold_reclaim_20d,2020-02-06,2020-02-06,93.8932,93.3551,-0.5731887052349172,0,strength,2020
MDY,oversold_reclaim_20d,2020-02-06,2020-02-06,351.9755,348.407,-1.0138756170101848,0,strength,2020
XLB,oversold_reclaim_20d,2020-02-06,2020-02-06,26.9517,26.753,-0.7371512877709763,0,strength,2020
XLK,oversold_reclaim_20d,2020-02-27,2020-02-28,42.5169,39.8527,-6.266158377268183,1,gap_stop,2020
SMH,oversold_reclaim_20d,2020-03-02,2020-03-02,64.4684,65.7161,1.9353632351203798,0,strength,2020
QQQ,oversold_reclaim_20d,2020-03-02,2020-03-02,201.2818,208.1308,3.4027123378186586,0,strength,2020
SPY,oversold_reclaim_20d,2020-03-03,2020-03-04,282.3974,284.8927,0.8836218515218652,1,strength,2020
XLK,oversold_reclaim_20d,2020-03-03,2020-03-04,44.5797,44.3865,-0.4333575632242348,1,strength,2020
XLV,oversold_reclaim_20d,2020-03-03,2020-03-04,87.543,89.8851,2.675390308943437,1,strength,2020
XLP,oversold_reclaim_20d,2020-03-03,2020-03-03,51.5814,50.7042,-1.7005583123551937,0,strength,2020
XLU,oversold_reclaim_20d,2020-03-03,2020-03-03,26.9718,26.5706,-1.4874447214117903,0,strength,2020
SMH,oversold_reclaim_20d,2020-03-05,2020-03-09,65.1098,58.0731,-10.807401958927688,2,gap_stop,2020
DIA,oversold_reclaim_20d,2020-03-05,2020-03-09,235.9965,215.2317,-8.79878955922444,2,gap_stop,2020
QQQ,oversold_reclaim_20d,2020-03-05,2020-03-09,204.9532,186.0694,-9.213685803267147,2,gap_stop,2020
XLP,oversold_reclaim_20d,2020-03-05,2020-03-05,52.1294,52.1935,0.12301614829792751,0,strength,2020
EEM,oversold_reclaim_20d,2020-03-05,2020-03-06,36.205,34.648,-4.3005630630173926,1,stop,2020
XLU,oversold_reclaim_20d,2020-03-05,2020-03-05,27.6719,27.6452,-0.09643068769693564,0,strength,2020
XLK,oversold_reclaim_20d,2020-03-09,2020-03-12,38.6854,35.6723,-7.788657856181502,3,stop,2020
XLV,oversold_reclaim_20d,2020-03-09,2020-03-12,82.3187,77.318,-6.074838688015738,3,gap_stop,2020
XLP,oversold_reclaim_20d,2020-03-09,2020-03-12,49.0183,45.3443,-7.495119591688759,3,gap_stop,2020
XLU,oversold_reclaim_20d,2020-03-09,2020-03-11,26.0179,24.5807,-5.52413022210313,2,stop,2020
SMH,oversold_reclaim_20d,2020-03-11,2020-03-12,59.8628,54.3575,-9.196523309554404,1,gap_stop,2020
QQQ,oversold_reclaim_20d,2020-03-11,2020-03-12,192.0984,175.1157,-8.840628394652628,1,gap_stop,2020
TLT,oversold_reclaim_20d,2020-05-08,2020-05-12,136.9639,136.5906,-0.27255386364098966,2,strength,2020
TLT,oversold_reclaim_20d,2020-05-14,2020-05-14,139.3203,138.8924,-0.3071682792249564,0,strength,2020
TLT,oversold_reclaim_20d,2020-06-01,2020-06-04,135.1474,131.0942,-2.9990427708655454,3,stop,2020
GLD,oversold_reclaim_20d,2020-06-09,2020-06-09,161.2611,161.0987,-0.10068862927162803,0,strength,2020
TLT,oversold_reclaim_20d,2020-06-09,2020-06-09,132.6045,131.8736,-0.5511857211012883,0,strength,2020
GLD,oversold_reclaim_20d,2020-06-11,2020-06-11,163.5134,162.2276,-0.7863251968838414,0,strength,2020
TLT,oversold_reclaim_20d,2020-06-11,2020-06-11,136.1061,136.3584,0.18534291309286743,0,strength,2020
XLV,oversold_reclaim_20d,2020-06-16,2020-06-16,90.6199,90.5382,-0.09015095299566012,0,strength,2020
XLV,oversold_reclaim_20d,2020-06-19,2020-06-19,91.353,91.0079,-0.37778559924854793,0,strength,2020
XLV,oversold_reclaim_20d,2020-06-23,2020-06-23,91.4673,91.0487,-0.45765078548427596,0,strength,2020
TLT,oversold_reclaim_20d,2020-08-19,2020-08-20,138.1888,137.7793,-0.29635860397121405,1,strength,2020
TLT,oversold_reclaim_20d,2020-08-24,2020-08-24,138.9827,138.3798,-0.43382820680474277,0,strength,2020
TLT,oversold_reclaim_20d,2020-09-01,2020-09-01,135.325,136.8079,1.095829349096955,0,strength,2020
TLT,oversold_reclaim_20d,2020-09-03,2020-09-03,138.6628,138.5027,-0.11550477259766323,0,strength,2020
XLU,oversold_reclaim_20d,2020-09-03,2020-09-03,25.1885,24.8469,-1.3562348327766593,0,strength,2020
GLD,oversold_reclaim_20d,2020-09-10,2020-09-10,184.4142,182.2775,-1.158630256279436,0,strength,2020
SMH,oversold_reclaim_20d,2020-09-10,2020-09-14,82.2155,81.724,-0.5978674535603079,2,strength,2020
IWM,oversold_reclaim_20d,2020-09-10,2020-09-14,142.2788,142.2268,-0.03655218719347264,2,strength,2020
XLV,oversold_reclaim_20d,2020-09-10,2020-09-14,96.4393,96.2375,-0.20922311781427227,2,strength,2020
MDY,oversold_reclaim_20d,2020-09-10,2020-09-14,322.1789,321.7773,-0.12464816298629611,2,strength,2020
DIA,oversold_reclaim_20d,2020-09-14,2020-09-14,251.9223,252.8702,0.376267676386699,0,strength,2020
GLD,oversold_reclaim_20d,2020-09-15,2020-09-15,184.6445,183.2665,-0.7462556521513619,0,strength,2020
SPY,oversold_reclaim_20d,2020-09-15,2020-09-15,314.4563,312.9541,-0.4777327859019853,0,strength,2020
XLK,oversold_reclaim_20d,2020-09-15,2020-09-15,55.968,55.5604,-0.7282453147176349,0,strength,2020
QQQ,oversold_reclaim_20d,2020-09-15,2020-09-15,269.9216,269.4112,-0.1890705858493935,0,strength,2020
SMH,oversold_reclaim_20d,2020-09-16,2020-09-16,84.1446,82.4171,-2.0530308317303625,0,strength,2020
IWM,oversold_reclaim_20d,2020-09-17,2020-09-17,142.0833,142.7936,0.4998915061438014,0,strength,2020
SPY,oversold_reclaim_20d,2020-09-18,2020-09-21,310.3934,299.3329,-3.563368164165681,1,stop,2020
DIA,oversold_reclaim_20d,2020-09-18,2020-09-21,252.6153,244.0542,-3.388965809077782,1,stop,2020
XLK,oversold_reclaim_20d,2020-09-18,2020-09-22,54.448,54.6078,0.29346637084401994,2,strength,2020
QQQ,oversold_reclaim_20d,2020-09-18,2020-09-22,262.9179,263.0587,0.053547328101588576,2,strength,2020
MDY,oversold_reclaim_20d,2020-09-18,2020-09-21,322.5478,310.762,-3.6539683305720105,1,stop,2020
SPY,oversold_reclaim_20d,2020-09-23,2020-09-25,306.2563,303.64,-0.8542871275253106,2,strength,2020
DIA,oversold_reclaim_20d,2020-09-23,2020-09-25,248.2334,245.4967,-1.1024878548989703,2,strength,2020
IWM,oversold_reclaim_20d,2020-09-23,2020-09-25,138.6906,136.5482,-1.5447438505368227,2,strength,2020
XLI,oversold_reclaim_20d,2020-09-23,2020-09-25,70.5317,70.1249,-0.5767739882781786,2,strength,2020
XLY,oversold_reclaim_20d,2020-09-23,2020-09-25,69.7809,68.6493,-1.6216012368019617,2,strength,2020
XLP,oversold_reclaim_20d,2020-09-23,2020-09-25,54.5007,54.083,-0.7664616441469874,2,strength,2020
MDY,oversold_reclaim_20d,2020-09-23,2020-09-25,312.5463,309.1181,-1.096878850600902,2,strength,2020
GLD,oversold_reclaim_20d,2020-09-25,2020-09-28,174.5844,176.5233,1.110570665966959,1,strength,2020
XLK,oversold_reclaim_20d,2020-09-25,2020-09-25,53.3374,54.4739,2.130729144076704,0,strength,2020
QQQ,oversold_reclaim_20d,2020-09-25,2020-09-25,257.2299,262.1706,1.9207312280266287,0,strength,2020
EFA,oversold_reclaim_20d,2020-09-25,2020-09-28,52.0764,53.3898,2.5221686686119904,1,strength,2020
XLB,oversold_reclaim_20d,2020-09-25,2020-09-28,27.4272,28.3275,3.28255818460077,1,strength,2020
XLV,oversold_reclaim_20d,2020-09-28,2020-09-28,94.9155,94.6712,-0.2573766792472232,0,strength,2020
EEM,oversold_reclaim_20d,2020-09-28,2020-09-28,38.1604,38.0054,-0.40623627327331935,0,strength,2020
SPY,oversold_reclaim_20d,2020-09-29,2020-09-29,309.0977,307.0022,-0.6779297570321252,0,strength,2020
DIA,oversold_reclaim_20d,2020-09-29,2020-09-29,249.5189,247.9542,-0.6270988289646118,0,strength,2020
XLK,oversold_reclaim_20d,2020-09-29,2020-09-29,55.5554,55.3297,-0.40633494588713237,0,strength,2020
QQQ,oversold_reclaim_20d,2020-09-29,2020-09-29,267.5903,266.4088,-0.44151963251143345,0,strength,2020
IWM,oversold_reclaim_20d,2020-09-29,2020-09-29,140.0363,139.2808,-0.5394670295383652,0,strength,2020
XLI,oversold_reclaim_20d,2020-09-29,2020-09-29,71.4044,70.7575,-0.9059678581765152,0,strength,2020
XLY,oversold_reclaim_20d,2020-09-29,2020-09-29,70.192,69.5413,-0.9269345066291401,0,strength,2020
XLP,oversold_reclaim_20d,2020-09-29,2020-09-29,54.8274,54.3318,-0.9039360763067883,0,strength,2020
MDY,oversold_reclaim_20d,2020-09-29,2020-09-29,317.0601,314.6415,-0.762811520868234,0,strength,2020
GLD,oversold_reclaim_20d,2020-09-30,2020-09-30,177.8877,176.9429,-0.5311449356533382,0,strength,2020
EEM,oversold_reclaim_20d,2020-09-30,2020-09-30,38.3533,38.5918,0.6217898577660863,0,strength,2020
SPY,oversold_reclaim_20d,2020-10-01,2020-10-01,312.5406,311.3157,-0.3918980418122664,0,strength,2020
DIA,oversold_reclaim_20d,2020-10-01,2020-10-01,252.896,251.3155,-0.6249584050183499,0,strength,2020
XLV,oversold_reclaim_20d,2020-10-01,2020-10-01,96.7041,95.7368,-1.0003099343473654,0,strength,2020
XLP,oversold_reclaim_20d,2020-10-01,2020-10-01,55.4205,55.3012,-0.21528360565297167,0,strength,2020
MDY,oversold_reclaim_20d,2020-10-01,2020-10-01,318.9611,321.0435,0.6528684487422609,0,strength,2020
XLB,oversold_reclaim_20d,2020-10-01,2020-10-02,28.5944,28.2516,-1.1987349719074891,1,strength,2020
IWM,oversold_reclaim_20d,2020-10-02,2020-10-02,139.6251,142.5544,2.097990594328447,0,strength,2020
EEM,oversold_reclaim_20d,2020-10-02,2020-10-02,38.441,38.5043,0.1645168449784018,0,strength,2020
EFA,oversold_reclaim_20d,2020-10-02,2020-10-05,52.8367,54.0819,2.3567543638562505,1,strength,2020
XLU,oversold_reclaim_20d,2020-10-02,2020-10-02,25.0225,25.4719,1.796201492763183,0,strength,2020
TLT,oversold_reclaim_20d,2020-10-07,2020-10-09,133.6228,133.7987,0.1316722467235687,2,strength,2020
TLT,oversold_reclaim_20d,2020-10-13,2020-10-13,135.0046,135.1862,0.13449317903750924,0,strength,2020
XLK,oversold_reclaim_20d,2020-10-28,2020-11-03,54.7267,54.0723,-1.1956799817578578,4,strength,2020
TLT,oversold_reclaim_20d,2020-10-28,2020-10-28,135.1469,134.3086,-0.6203289250603095,0,strength,2020
SPY,oversold_reclaim_20d,2020-10-30,2020-11-03,303.8314,310.3829,2.156280453857229,2,strength,2020
DIA,oversold_reclaim_20d,2020-10-30,2020-11-02,240.0478,243.3376,1.3704845657946496,1,strength,2020
QQQ,oversold_reclaim_20d,2020-10-30,2020-11-03,265.3846,265.1537,-0.08701744771889564,2,strength,2020
XLI,oversold_reclaim_20d,2020-10-30,2020-11-02,69.4109,71.4359,2.917350874894109,1,strength,2020
XLY,oversold_reclaim_20d,2020-10-30,2020-11-03,69.3173,70.1948,1.2659422294341693,2,strength,2020
XLP,oversold_reclaim_20d,2020-10-30,2020-11-02,53.5036,54.2632,1.419707748312038,1,strength,2020
EFA,oversold_reclaim_20d,2020-10-30,2020-11-02,51.3328,51.8556,1.0184660568088866,1,strength,2020
XLB,oversold_reclaim_20d,2020-10-30,2020-11-02,28.1561,29.1353,3.477695579805018,1,strength,2020
XLV,oversold_reclaim_20d,2020-11-02,2020-11-02,94.1398,94.2523,0.11944646644133083,0,strength,2020
GLD,oversold_reclaim_20d,2020-11-03,2020-11-03,179.1289,178.7411,-0.21653048322375357,0,strength,2020
XLF,oversold_reclaim_20d,2020-11-03,2020-11-03,22.4172,22.4537,0.16296365832946247,0,strength,2020
SMH,oversold_reclaim_20d,2020-11-04,2020-11-04,88.6875,89.8001,1.2546061961390853,0,strength,2020
DIA,oversold_reclaim_20d,2020-11-04,2020-11-04,249.8931,251.753,0.7443103873122414,0,strength,2020
XLV,oversold_reclaim_20d,2020-11-04,2020-11-04,98.5475,99.8715,1.3435548852889,0,strength,2020
XLI,oversold_reclaim_20d,2020-11-04,2020-11-04,73.0854,72.7835,-0.41304619963717926,0,strength,2020
XLP,oversold_reclaim_20d,2020-11-04,2020-11-04,55.5753,55.1811,-0.7092239878337847,0,strength,2020
EFA,oversold_reclaim_20d,2020-11-04,2020-11-04,53.5552,53.7984,0.4541140306874025,0,strength,2020
XLB,oversold_reclaim_20d,2020-11-04,2020-11-04,29.5111,29.0862,-1.4399295531683176,0,strength,2020
SPY,oversold_reclaim_20d,2020-11-05,2020-11-05,323.2304,323.5083,0.08596375218372643,0,strength,2020
XLF,oversold_reclaim_20d,2020-11-05,2020-11-05,22.4262,22.7338,1.3715367517367127,0,strength,2020
XLK,oversold_reclaim_20d,2020-11-05,2020-11-05,57.7686,57.921,0.2636597168398369,0,strength,2020
QQQ,oversold_reclaim_20d,2020-11-05,2020-11-05,283.9482,284.2112,0.09260519633824682,0,strength,2020
XLY,oversold_reclaim_20d,2020-11-05,2020-11-05,73.0931,73.0854,-0.010544251895117096,0,strength,2020
GLD,oversold_reclaim_20d,2020-11-06,2020-11-06,183.5834,183.0068,-0.31407059167906093,0,strength,2020
SMH,oversold_reclaim_20d,2020-11-06,2020-11-06,93.4088,94.8152,1.5057004121158402,0,strength,2020
DIA,oversold_reclaim_20d,2020-11-06,2020-11-06,257.1843,256.0106,-0.4563779041841798,0,strength,2020
XLI,oversold_reclaim_20d,2020-11-06,2020-11-06,74.5093,74.5713,0.08319350490779698,0,strength,2020
EFA,oversold_reclaim_20d,2020-11-06,2020-11-06,55.41,55.2076,-0.3653322103814194,0,strength,2020
XLB,oversold_reclaim_20d,2020-11-06,2020-11-06,30.5084,30.3493,-0.5216437264724982,0,strength,2020
SPY,oversold_reclaim_20d,2020-11-09,2020-11-09,336.8633,327.4985,-2.7800135208141508,0,strength,2020
XLK,oversold_reclaim_20d,2020-11-09,2020-11-09,59.4789,57.7058,-2.9809644327983498,0,strength,2020
QQQ,oversold_reclaim_20d,2020-11-09,2020-11-09,287.9338,278.6117,-3.2375612785100927,0,strength,2020
XLP,oversold_reclaim_20d,2020-11-09,2020-11-09,57.2859,55.713,-2.745719117090184,0,strength,2020
GLD,oversold_reclaim_20d,2020-11-12,2020-11-13,176.216,176.9828,0.4351535809527851,1,strength,2020
GLD,oversold_reclaim_20d,2020-12-02,2020-12-02,170.7406,171.2885,0.3209368178170857,0,strength,2020
GLD,oversold_reclaim_20d,2020-12-04,2020-12-04,172.9528,172.1477,-0.4654978467935944,0,strength,2020
GLD,oversold_reclaim_20d,2020-12-08,2020-12-08,175.6855,175.3245,-0.20548337346750767,0,strength,2020
XLU,oversold_reclaim_20d,2020-12-08,2020-12-15,26.221,26.5002,1.0647104885892489,5,strength,2020
XLU,oversold_reclaim_20d,2020-12-18,2020-12-24,26.4271,25.9073,-1.9669765335077805,4,strength,2020
XLI,oversold_reclaim_20d,2021-01-06,2021-01-06,81.0069,82.2444,1.5275508500837365,0,strength,2021
XLP,oversold_reclaim_20d,2021-01-06,2021-01-08,57.7222,57.8751,0.264825711129002,2,strength,2021
XLI,oversold_reclaim_20d,2021-01-12,2021-01-12,82.612,83.2847,0.8142523881089714,0,strength,2021
XLP,oversold_reclaim_20d,2021-01-14,2021-01-25,57.4448,56.0987,-2.3433431461712284,6,stop,2021
GLD,oversold_reclaim_20d,2021-01-21,2021-01-21,175.2851,175.1047,-0.10291337913161946,0,strength,2021
GLD,oversold_reclaim_20d,2021-01-25,2021-02-01,174.9948,174.0558,-0.536622489962113,5,strength,2021
XLP,oversold_reclaim_20d,2021-01-27,2021-01-29,57.1588,55.8208,-2.3408081199698394,2,stop,2021
XLI,oversold_reclaim_20d,2021-01-29,2021-02-02,79.4019,80.5229,1.411732014939604,2,strength,2021
XLB,oversold_reclaim_20d,2021-01-29,2021-02-02,32.2429,32.479,0.7322478859414172,2,strength,2021
XLF,oversold_reclaim_20d,2021-02-02,2021-02-02,27.0067,27.2888,1.04476190288878,0,strength,2021
DIA,oversold_reclaim_20d,2021-02-03,2021-02-03,278.5142,279.0111,0.17840494537819662,0,strength,2021
XLP,oversold_reclaim_20d,2021-02-03,2021-02-03,55.8499,55.9545,0.1874425416536818,0,strength,2021
EFA,oversold_reclaim_20d,2021-02-03,2021-02-03,62.4437,62.4452,0.002444908710663718,0,strength,2021
XLF,oversold_reclaim_20d,2021-02-04,2021-02-04,27.5892,28.0519,1.677008920352696,0,strength,2021
XLI,oversold_reclaim_20d,2021-02-04,2021-02-04,81.0162,81.4435,0.5274235919262571,0,strength,2021
DIA,oversold_reclaim_20d,2021-02-05,2021-02-05,284.2101,282.8976,-0.46178589890359945,0,strength,2021
XLP,oversold_reclaim_20d,2021-02-05,2021-02-05,56.8207,56.8889,0.1199244319695758,0,strength,2021
EFA,oversold_reclaim_20d,2021-02-05,2021-02-05,62.9414,62.8999,-0.06603974389133294,0,strength,2021
XLP,oversold_reclaim_20d,2021-02-09,2021-02-09,57.2281,57.0532,-0.3056163749687535,0,strength,2021
XLU,oversold_reclaim_20d,2021-02-24,2021-02-26,25.6835,24.8132,-3.388429765367873,2,stop,2021
QQQ,oversold_reclaim_20d,2021-02-25,2021-03-01,311.4623,312.9678,0.48336871807472814,2,strength,2021
XLV,oversold_reclaim_20d,2021-02-25,2021-03-01,104.9924,104.3254,-0.635304860411301,2,strength,2021
XLY,oversold_reclaim_20d,2021-02-25,2021-02-26,79.2476,76.2066,-3.83739922043288,1,stop,2021
XLY,oversold_reclaim_20d,2021-03-02,2021-03-04,79.0848,75.6581,-4.332893919385916,2,stop,2021
XLP,oversold_reclaim_20d,2021-03-02,2021-03-05,55.3644,55.9718,1.0970925504918183,3,strength,2021
SMH,oversold_reclaim_20d,2021-03-08,2021-03-09,110.4975,110.9989,0.4537263717934392,1,strength,2021
SPY,oversold_reclaim_20d,2021-03-08,2021-03-09,357.53,359.1441,0.4514438250707631,1,strength,2021
XLK,oversold_reclaim_20d,2021-03-08,2021-03-09,61.8597,62.3495,0.7917884724381485,1,strength,2021
QQQ,oversold_reclaim_20d,2021-03-08,2021-03-09,298.6023,301.5358,0.9824297587563757,1,strength,2021
IWM,oversold_reclaim_20d,2021-03-08,2021-03-08,205.6338,204.6429,-0.4818736698872339,0,strength,2021
XLV,oversold_reclaim_20d,2021-03-08,2021-03-08,103.6454,103.0999,-0.5262642422036001,0,strength,2021
EFA,oversold_reclaim_20d,2021-03-08,2021-03-09,62.6968,63.4555,1.210201335860983,1,strength,2021
XLP,oversold_reclaim_20d,2021-03-09,2021-03-09,56.5173,56.1622,-0.628388166450311,0,strength,2021
MDY,oversold_reclaim_20d,2021-03-09,2021-03-09,439.606,435.7735,-0.8718038377711457,0,strength,2021
XLU,oversold_reclaim_20d,2021-03-09,2021-03-09,25.8065,25.9538,0.5710497083137422,0,strength,2021
IWM,oversold_reclaim_20d,2021-03-10,2021-03-10,211.4833,212.5763,0.5168479916740631,0,strength,2021
XLY,oversold_reclaim_20d,2021-03-10,2021-03-10,79.0465,78.2625,-0.9917678314654066,0,strength,2021
EEM,oversold_reclaim_20d,2021-03-10,2021-03-10,47.6464,47.1268,-1.0907068356819982,0,strength,2021
XLP,oversold_reclaim_20d,2021-03-11,2021-03-11,57.0721,56.7591,-0.5484274907829101,0,strength,2021
MDY,oversold_reclaim_20d,2021-03-11,2021-03-11,446.4754,448.3874,0.4282550827767295,0,strength,2021
XLU,oversold_reclaim_20d,2021-03-11,2021-03-11,26.1373,26.0639,-0.28076618652774776,0,strength,2021
SMH,oversold_reclaim_20d,2021-03-12,2021-03-12,111.4493,111.9003,0.4046539039430197,0,strength,2021
SPY,oversold_reclaim_20d,2021-03-12,2021-03-12,364.4174,365.5353,0.30674561926533617,0,strength,2021
XLK,oversold_reclaim_20d,2021-03-12,2021-03-12,62.7961,62.9725,0.2809660776631917,0,strength,2021
QQQ,oversold_reclaim_20d,2021-03-12,2021-03-12,304.1649,305.1047,0.30896465161445175,0,strength,2021
IWM,oversold_reclaim_20d,2021-03-12,2021-03-12,217.4734,218.5358,0.4885027537807396,0,strength,2021
XLV,oversold_reclaim_20d,2021-03-12,2021-03-12,104.5617,104.8009,0.22875018530457147,0,strength,2021
XLY,oversold_reclaim_20d,2021-03-12,2021-03-12,78.7783,79.6962,1.1650821471427042,0,strength,2021
EEM,oversold_reclaim_20d,2021-03-12,2021-03-12,47.7085,47.7458,0.07824924690527091,0,strength,2021
EFA,oversold_reclaim_20d,2021-03-12,2021-03-12,63.8441,64.2217,0.5914255844973626,0,strength,2021
MDY,oversold_reclaim_20d,2021-03-15,2021-03-15,454.4159,458.8724,0.9807057373697692,0,strength,2021
SMH,oversold_reclaim_20d,2021-03-16,2021-03-16,115.6888,115.5643,-0.10763646653308978,0,strength,2021
EEM,oversold_reclaim_20d,2021-03-16,2021-03-16,48.1072,48.0642,-0.08950791329798147,0,strength,2021
EEM,oversold_reclaim_20d,2021-03-26,2021-03-26,46.4325,47.1091,1.4571857677513345,0,strength,2021
EEM,oversold_reclaim_20d,2021-03-30,2021-03-30,46.8578,46.9322,0.15878339559147747,0,strength,2021
EEM,oversold_reclaim_20d,2021-04-01,2021-04-01,47.9566,47.6308,-0.679251141205206,0,strength,2021
XLE,oversold_reclaim_20d,2021-04-22,2021-04-26,19.7836,19.7276,-0.28315376350621646,2,strength,2021
XLE,oversold_reclaim_20d,2021-04-28,2021-04-28,20.1553,20.655,2.479265391120822,0,strength,2021
SMH,oversold_reclaim_20d,2021-05-07,2021-05-07,118.282,118.0602,-0.1875085215246819,0,strength,2021
XLK,oversold_reclaim_20d,2021-05-07,2021-05-07,66.9946,66.7647,-0.3431582117695342,0,strength,2021
QQQ,oversold_reclaim_20d,2021-05-07,2021-05-07,324.4506,323.6377,-0.25053539926169766,0,strength,2021
EEM,oversold_reclaim_20d,2021-05-07,2021-05-07,48.2579,48.3648,0.22168346995781185,0,strength,2021
SMH,oversold_reclaim_20d,2021-05-12,2021-05-14,110.7792,113.0877,2.083901340380412,2,strength,2021
EEM,oversold_reclaim_20d,2021-05-12,2021-05-14,46.6806,46.8261,0.31168760039566035,2,strength,2021
SPY,oversold_reclaim_20d,2021-05-14,2021-05-14,385.3244,387.6908,0.6141350703433801,0,strength,2021
DIA,oversold_reclaim_20d,2021-05-14,2021-05-14,312.7953,313.9487,0.3687242641726707,0,strength,2021
XLK,oversold_reclaim_20d,2021-05-14,2021-05-14,64.7379,65.3,0.8683768370417733,0,strength,2021
IWM,oversold_reclaim_20d,2021-05-14,2021-05-14,204.6868,207.1647,1.2106099804368275,0,strength,2021
XLY,oversold_reclaim_20d,2021-05-14,2021-05-14,81.2535,81.723,0.5777762145460885,0,strength,2021
MDY,oversold_reclaim_20d,2021-05-14,2021-05-14,463.1397,466.2637,0.6745363823552175,0,strength,2021
XLU,oversold_reclaim_20d,2021-05-14,2021-05-14,28.0928,28.1049,0.04306516061469701,0,strength,2021
QQQ,oversold_reclaim_20d,2021-05-17,2021-05-17,314.9996,314.1571,-0.2674346311596576,0,strength,2021
SMH,oversold_reclaim_20d,2021-05-18,2021-05-18,113.1101,111.2121,-1.6780347329076073,0,strength,2021
SPY,oversold_reclaim_20d,2021-05-18,2021-05-19,387.7395,377.835,-2.554418314272644,1,stop,2021
DIA,oversold_reclaim_20d,2021-05-18,2021-05-18,314.2027,311.0761,-0.9950731782723654,0,strength,2021
IWM,oversold_reclaim_20d,2021-05-18,2021-05-18,207.927,205.8713,-0.9886811344939295,0,strength,2021
XLY,oversold_reclaim_20d,2021-05-18,2021-05-18,81.9202,80.938,-1.1989073440695996,0,strength,2021
EEM,oversold_reclaim_20d,2021-05-18,2021-05-18,47.4869,47.4098,-0.16255351804562723,0,strength,2021
MDY,oversold_reclaim_20d,2021-05-18,2021-05-18,466.7736,460.8802,-1.2625748465160291,0,strength,2021
XLU,oversold_reclaim_20d,2021-05-19,2021-05-20,27.7937,28.0665,0.9815448713802244,1,strength,2021
SMH,oversold_reclaim_20d,2021-05-20,2021-05-20,114.363,116.015,1.4444684309022904,0,strength,2021
DIA,oversold_reclaim_20d,2021-05-20,2021-05-21,310.4469,312.5676,0.6831076428899019,1,strength,2021
XLK,oversold_reclaim_20d,2021-05-20,2021-05-20,64.9159,65.761,1.301899290738695,0,strength,2021
QQQ,oversold_reclaim_20d,2021-05-20,2021-05-20,314.5047,318.4375,1.250459257670422,0,strength,2021
IWM,oversold_reclaim_20d,2021-05-20,2021-05-21,204.9967,206.1805,0.5774771218516772,1,strength,2021
XLY,oversold_reclaim_20d,2021-05-20,2021-05-24,80.8171,81.4741,0.8129556669920879,2,strength,2021
EEM,oversold_reclaim_20d,2021-05-20,2021-05-20,47.4338,47.5424,0.2290060918602732,0,strength,2021
MDY,oversold_reclaim_20d,2021-05-20,2021-05-24,459.3553,463.2009,0.8371710339148963,2,strength,2021
DIA,oversold_reclaim_20d,2021-05-25,2021-05-25,315.6106,313.6093,-0.634116965731879,0,strength,2021
XLY,oversold_reclaim_20d,2021-05-27,2021-05-27,82.9849,82.843,-0.17095945200354956,0,strength,2021
XLV,oversold_reclaim_20d,2021-06-04,2021-06-04,112.4921,112.038,-0.4037404539844469,0,strength,2021
XLV,oversold_reclaim_20d,2021-06-08,2021-06-08,112.9427,112.093,-0.7523050057032576,0,strength,2021
XLV,oversold_reclaim_20d,2021-06-10,2021-06-10,113.6783,115.1122,1.2613247974798236,0,strength,2021
XLP,oversold_reclaim_20d,2021-06-18,2021-06-22,60.6227,60.6145,-0.013659907605001465,2,strength,2021
DIA,oversold_reclaim_20d,2021-06-22,2021-06-22,310.6147,310.653,0.012334135369362897,0,strength,2021
XLF,oversold_reclaim_20d,2021-06-22,2021-06-23,33.0349,33.0147,-0.061169247326831044,1,strength,2021
XLI,oversold_reclaim_20d,2021-06-22,2021-06-22,94.2294,94.1059,-0.1309863329718275,0,strength,2021
MDY,oversold_reclaim_20d,2021-06-22,2021-06-22,457.3406,457.6107,0.05904959336442417,0,strength,2021
XLB,oversold_reclaim_20d,2021-06-22,2021-06-22,37.3518,37.2726,-0.2119144616417712,0,strength,2021
XLU,oversold_reclaim_20d,2021-06-22,2021-06-25,27.7426,27.4938,-0.8968396373441823,3,strength,2021
MDY,oversold_reclaim_20d,2021-06-24,2021-06-24,461.7558,462.4117,0.14203480948535852,0,strength,2021
DIA,oversold_reclaim_20d,2021-06-25,2021-06-25,315.1629,315.2288,0.02089032340584218,0,strength,2021
XLF,oversold_reclaim_20d,2021-06-25,2021-06-25,33.6682,33.83,0.4804083537021775,0,strength,2021
XLI,oversold_reclaim_20d,2021-06-25,2021-06-25,94.8884,94.81,-0.08265712754035315,0,strength,2021
XLP,oversold_reclaim_20d,2021-06-25,2021-06-25,60.6919,60.9996,0.5069765451100938,0,strength,2021
MDY,oversold_reclaim_20d,2021-06-28,2021-06-28,467.6491,461.6976,-1.2726390552683653,0,strength,2021
XLU,oversold_reclaim_20d,2021-06-29,2021-07-01,27.6392,27.468,-0.6195868239312285,2,strength,2021
XLU,oversold_reclaim_20d,2021-07-07,2021-07-07,27.6952,27.8075,0.405330664527237,0,strength,2021
XLE,oversold_reclaim_20d,2021-07-09,2021-07-12,21.8675,21.9737,0.48570614187724015,1,strength,2021
XLU,oversold_reclaim_20d,2021-07-09,2021-07-09,27.8201,27.7602,-0.21525005562436084,0,strength,2021
IWM,oversold_reclaim_20d,2021-07-12,2021-07-12,212.1616,212.6858,0.24708389977665668,0,strength,2021
EEM,oversold_reclaim_20d,2021-07-12,2021-07-12,47.508,47.6085,0.2115108649353381,0,strength,2021
EFA,oversold_reclaim_20d,2021-07-12,2021-07-12,68.0522,68.1893,0.20150707268844492,0,strength,2021
SMH,oversold_reclaim_20d,2021-07-21,2021-07-21,121.8901,124.5545,2.185861946818113,0,strength,2021
XLE,oversold_reclaim_20d,2021-07-21,2021-07-21,20.2486,20.508,1.2808564556707092,0,strength,2021
XLF,oversold_reclaim_20d,2021-07-21,2021-07-21,33.2919,33.5277,0.7082193080708343,0,strength,2021
IWM,oversold_reclaim_20d,2021-07-21,2021-07-21,206.4146,208.4522,0.9871607754289968,0,strength,2021
XLI,oversold_reclaim_20d,2021-07-21,2021-07-21,95.5474,95.9216,0.3915946063732578,0,strength,2021
EEM,oversold_reclaim_20d,2021-07-21,2021-07-22,46.796,47.342,1.16681679246593,1,strength,2021
EFA,oversold_reclaim_20d,2021-07-21,2021-07-21,66.7096,67.114,0.606171471049044,0,strength,2021
MDY,oversold_reclaim_20d,2021-07-21,2021-07-21,455.8155,458.3435,0.5546074632041265,0,strength,2021
XLB,oversold_reclaim_20d,2021-07-21,2021-07-21,36.631,36.7026,0.19539884047081735,0,strength,2021
SMH,oversold_reclaim_20d,2021-07-23,2021-07-23,124.6193,124.7047,0.0685435879998364,0,strength,2021
XLI,oversold_reclaim_20d,2021-07-26,2021-07-26,95.9094,95.9308,0.02233876424553305,0,strength,2021
EFA,oversold_reclaim_20d,2021-07-26,2021-07-26,67.616,67.7028,0.12836807191385358,0,strength,2021
MDY,oversold_reclaim_20d,2021-07-26,2021-07-26,458.8939,458.1461,-0.16294861593376675,0,strength,2021
XLB,oversold_reclaim_20d,2021-07-26,2021-07-26,37.1387,37.2862,0.39707377217244044,0,strength,2021
SMH,oversold_reclaim_20d,2021-07-27,2021-07-28,123.9831,124.5496,0.4569024203010308,1,strength,2021
XLE,oversold_reclaim_20d,2021-07-27,2021-07-27,20.5824,20.5121,-0.34142525509384125,0,strength,2021
XLF,oversold_reclaim_20d,2021-07-27,2021-07-27,33.2184,33.3994,0.5447729047445726,0,strength,2021
TLT,oversold_reclaim_20d,2021-08-16,2021-08-16,126.4832,125.9936,-0.38710453427538427,0,strength,2021
TLT,oversold_reclaim_20d,2021-08-19,2021-08-19,127.4327,127.2965,-0.10684585687050774,0,strength,2021
XLY,oversold_reclaim_20d,2021-08-19,2021-08-20,84.3135,85.1421,0.982757343498819,1,strength,2021
QQQ,oversold_reclaim_20d,2021-08-23,2021-08-23,358.2743,361.8535,0.9989991886232508,0,strength,2021
IWM,oversold_reclaim_20d,2021-08-23,2021-08-23,204.5616,206.1617,0.7822320369797797,0,strength,2021
XLI,oversold_reclaim_20d,2021-08-23,2021-08-23,95.7052,95.8474,0.1486444964330147,0,strength,2021
MDY,oversold_reclaim_20d,2021-08-23,2021-08-23,462.3489,462.6466,0.06437574177502459,0,strength,2021
XLE,oversold_reclaim_20d,2021-08-24,2021-08-24,20.0317,20.154,0.6109142154711256,0,strength,2021
XLY,oversold_reclaim_20d,2021-08-24,2021-08-24,86.7775,86.8486,0.08191538217283689,0,strength,2021
QQQ,oversold_reclaim_20d,2021-08-25,2021-08-25,363.938,363.3757,-0.15451731221749476,0,strength,2021
IWM,oversold_reclaim_20d,2021-08-25,2021-08-25,208.5968,208.9216,0.15570995160876233,0,strength,2021
XLI,oversold_reclaim_20d,2021-08-25,2021-08-25,96.5963,96.9498,0.3659969943060615,0,strength,2021
MDY,oversold_reclaim_20d,2021-08-25,2021-08-25,467.8373,469.646,0.38660662319704997,0,strength,2021
XLE,oversold_reclaim_20d,2021-08-26,2021-08-26,20.2319,20.0,-1.1465599369980484,0,strength,2021
XLY,oversold_reclaim_20d,2021-08-26,2021-08-26,87.0609,86.3789,-0.7834257726862637,0,strength,2021
DIA,oversold_reclaim_20d,2021-09-14,2021-09-15,322.0691,319.9763,-0.649791742451411,1,strength,2021
XLV,oversold_reclaim_20d,2021-09-16,2021-09-16,123.1221,122.4062,-0.5814096963221549,0,strength,2021
XLI,oversold_reclaim_20d,2021-09-16,2021-09-20,94.7677,91.5755,-3.368501830595816,2,gap_stop,2021
XLU,oversold_reclaim_20d,2021-09-16,2021-09-20,29.2798,28.4727,-2.756530129722534,2,gap_stop,2021
XLV,oversold_reclaim_20d,2021-09-20,2021-09-23,121.379,122.514,0.9350533608854183,3,strength,2021
SPY,oversold_reclaim_20d,2021-09-23,2021-09-23,412.8267,415.1211,0.5557603791074284,0,strength,2021
DIA,oversold_reclaim_20d,2021-09-23,2021-09-23,317.6027,319.496,0.5961469925485741,0,strength,2021
XLF,oversold_reclaim_20d,2021-09-23,2021-09-23,34.5423,34.9793,1.265105910698483,0,strength,2021
XLK,oversold_reclaim_20d,2021-09-23,2021-09-23,75.0103,75.4725,0.6161830529172407,0,strength,2021
QQQ,oversold_reclaim_20d,2021-09-23,2021-09-23,360.5777,362.012,0.3977738630630778,0,strength,2021
XLI,oversold_reclaim_20d,2021-09-23,2021-09-23,92.7365,93.527,0.8524190813484323,0,strength,2021
EFA,oversold_reclaim_20d,2021-09-23,2021-09-23,69.1125,69.1793,0.09656004328646439,0,strength,2021
MDY,oversold_reclaim_20d,2021-09-23,2021-09-23,460.4198,463.9275,0.7618460020778484,0,strength,2021
XLB,oversold_reclaim_20d,2021-09-23,2021-09-23,36.7183,36.8903,0.4684229650143257,0,strength,2021
XLP,oversold_reclaim_20d,2021-09-24,2021-09-24,62.2176,62.2079,-0.015738436814127787,0,strength,2021
SPY,oversold_reclaim_20d,2021-09-27,2021-09-27,415.6049,414.6153,-0.23811082623079738,0,strength,2021
DIA,oversold_reclaim_20d,2021-09-27,2021-09-27,320.808,320.4612,-0.10811296085935229,0,strength,2021
XLF,oversold_reclaim_20d,2021-09-27,2021-09-27,35.5471,35.6417,0.26607287542959046,0,strength,2021
XLK,oversold_reclaim_20d,2021-09-27,2021-09-27,75.0393,74.793,-0.3282494917262957,0,strength,2021
QQQ,oversold_reclaim_20d,2021-09-27,2021-09-28,360.0332,350.5663,-2.6294336096342685,1,stop,2021
XLI,oversold_reclaim_20d,2021-09-27,2021-09-27,94.0402,93.8151,-0.23932985071873913,0,strength,2021
EFA,oversold_reclaim_20d,2021-09-27,2021-09-28,68.4712,66.9106,-2.2791898596281834,1,stop,2021
MDY,oversold_reclaim_20d,2021-09-27,2021-09-27,464.2334,467.1117,0.6200157087401514,0,strength,2021
XLB,oversold_reclaim_20d,2021-09-27,2021-09-27,37.0051,37.122,0.31589741100164215,0,strength,2021
XLV,oversold_reclaim_20d,2021-09-30,2021-10-01,119.7857,116.5645,-2.6891215426979254,1,stop,2021
XLP,oversold_reclaim_20d,2021-09-30,2021-09-30,62.0235,60.6551,-2.2061937607120607,0,stop,2021
XLU,oversold_reclaim_20d,2021-09-30,2021-10-04,28.0394,28.0397,0.0009574937056777699,2,strength,2021
TLT,oversold_reclaim_20d,2021-10-01,2021-10-01,123.1159,123.2941,0.14469477981646772,0,strength,2021
SPY,oversold_reclaim_20d,2021-10-04,2021-10-05,406.3977,405.6793,-0.1767669534270655,1,strength,2021
XLK,oversold_reclaim_20d,2021-10-04,2021-10-05,72.7744,72.3736,-0.5507987100605738,1,strength,2021
QQQ,oversold_reclaim_20d,2021-10-04,2021-10-06,348.674,349.0935,0.12030945552941041,2,strength,2021
XLI,oversold_reclaim_20d,2021-10-04,2021-10-05,92.1964,92.6906,0.536022334994346,1,strength,2021
EFA,oversold_reclaim_20d,2021-10-04,2021-10-07,66.6668,66.5592,-0.16139382577684547,3,strength,2021
TLT,oversold_reclaim_20d,2021-10-05,2021-10-08,122.9035,120.0868,-2.2917719377896884,3,stop,2021
SMH,oversold_reclaim_20d,2021-10-06,2021-10-06,121.5939,123.1441,1.274940946391001,0,strength,2021
XLV,oversold_reclaim_20d,2021-10-06,2021-10-07,116.2007,117.947,1.5027781532980677,1,strength,2021
XLP,oversold_reclaim_20d,2021-10-06,2021-10-06,60.7172,61.5032,1.294517035258691,0,strength,2021
SPY,oversold_reclaim_20d,2021-10-07,2021-10-07,411.4565,410.8873,-0.13833676174739296,0,strength,2021
XLK,oversold_reclaim_20d,2021-10-07,2021-10-07,73.6244,73.511,-0.15398344913309936,0,strength,2021
XLI,oversold_reclaim_20d,2021-10-07,2021-10-07,94.0029,93.8244,-0.1899119855910958,0,strength,2021
QQQ,oversold_reclaim_20d,2021-10-08,2021-10-08,354.0811,350.5396,-1.0002146378207177,0,strength,2021
XLI,oversold_reclaim_20d,2021-10-11,2021-10-14,93.8819,94.7073,0.8791880957322862,3,strength,2021
TLT,oversold_reclaim_20d,2021-10-13,2021-10-13,122.912,123.2856,0.3039942760604042,0,strength,2021
EFA,oversold_reclaim_20d,2021-10-14,2021-10-14,67.8042,67.6943,-0.16204154003198745,0,strength,2021
TLT,oversold_reclaim_20d,2021-10-15,2021-10-15,123.2434,123.0226,-0.17915272278232752,0,strength,2021
TLT,oversold_reclaim_20d,2021-10-19,2021-10-22,122.9545,122.2592,-0.5654331123472911,3,strength,2021
XLE,oversold_reclaim_20d,2021-11-23,2021-11-23,23.8055,24.171,1.5352388630437197,0,strength,2021
XLF,oversold_reclaim_20d,2021-11-23,2021-11-23,36.7179,36.9757,0.7022271786097933,0,strength,2021
XLE,oversold_reclaim_20d,2021-11-26,2021-12-02,23.2439,23.425,0.7793458460843672,4,strength,2021
XLV,oversold_reclaim_20d,2021-11-26,2021-11-29,123.1483,122.3383,-0.6577366090968484,1,strength,2021
SPY,oversold_reclaim_20d,2021-12-03,2021-12-06,430.9598,429.7427,-0.2824098112962914,1,strength,2021
DIA,oversold_reclaim_20d,2021-12-03,2021-12-03,321.1458,319.0115,-0.6645729335978734,0,strength,2021
XLF,oversold_reclaim_20d,2021-12-03,2021-12-06,35.6854,35.5221,-0.45759923499746336,1,strength,2021
QQQ,oversold_reclaim_20d,2021-12-03,2021-12-07,380.5634,386.1312,1.4630639465093687,2,strength,2021
XLV,oversold_reclaim_20d,2021-12-03,2021-12-06,121.3883,121.2105,-0.1464584050883233,1,strength,2021
XLI,oversold_reclaim_20d,2021-12-03,2021-12-03,95.4649,94.9768,-0.5113104858436746,0,strength,2021
XLY,oversold_reclaim_20d,2021-12-03,2021-12-07,98.3077,99.201,0.9087071718363093,2,strength,2021
XLP,oversold_reclaim_20d,2021-12-03,2021-12-03,62.7384,63.0447,0.4881835290424297,0,strength,2021
MDY,oversold_reclaim_20d,2021-12-03,2021-12-06,472.908,473.8285,0.19463457860846578,1,strength,2021
XLB,oversold_reclaim_20d,2021-12-03,2021-12-03,38.9901,38.7623,-0.5843663944336441,0,strength,2021
XLU,oversold_reclaim_20d,2021-12-03,2021-12-03,29.0937,29.1827,0.3062013675018571,0,strength,2021
DIA,oversold_reclaim_20d,2021-12-07,2021-12-07,328.5961,329.6073,0.3077100457611559,0,strength,2021
XLK,oversold_reclaim_20d,2021-12-07,2021-12-07,82.1042,83.1451,1.267677115990673,0,strength,2021
XLI,oversold_reclaim_20d,2021-12-07,2021-12-07,97.5135,97.5696,0.05751185720239693,0,strength,2021
XLP,oversold_reclaim_20d,2021-12-07,2021-12-07,64.3889,64.2955,-0.14507642284579125,0,strength,2021
XLB,oversold_reclaim_20d,2021-12-07,2021-12-07,39.8643,39.93,0.16493294741226627,0,strength,2021
XLU,oversold_reclaim_20d,2021-12-07,2021-12-07,29.6924,29.8495,0.5293070199551053,0,strength,2021
SMH,oversold_reclaim_20d,2021-12-08,2021-12-08,151.9159,151.7868,-0.08494658213658024,0,strength,2021
XLE,oversold_reclaim_20d,2021-12-08,2021-12-08,24.3207,24.1331,-0.7716746326258295,0,strength,2021
SPY,oversold_reclaim_20d,2021-12-08,2021-12-08,439.9043,439.7934,-0.025202702460869197,0,strength,2021
XLF,oversold_reclaim_20d,2021-12-08,2021-12-08,36.2477,35.9637,-0.7835743719083577,0,strength,2021
IWM,oversold_reclaim_20d,2021-12-08,2021-12-08,211.8987,212.4451,0.25787602982740854,0,strength,2021
XLV,oversold_reclaim_20d,2021-12-08,2021-12-08,123.3707,123.6974,0.2648128262066285,0,strength,2021
EFA,oversold_reclaim_20d,2021-12-08,2021-12-08,67.9581,67.8991,-0.08678079166116737,0,strength,2021
MDY,oversold_reclaim_20d,2021-12-08,2021-12-08,483.7254,484.4828,0.15657878012564908,0,strength,2021
XLK,oversold_reclaim_20d,2021-12-09,2021-12-09,83.4854,82.6246,-1.0310850639030922,0,strength,2021
QQQ,oversold_reclaim_20d,2021-12-09,2021-12-09,387.4101,382.1519,-1.357265817238762,0,strength,2021
XLI,oversold_reclaim_20d,2021-12-09,2021-12-09,97.6159,97.5045,-0.11412193646060942,0,strength,2021
XLY,oversold_reclaim_20d,2021-12-09,2021-12-10,99.2457,98.4089,-0.8431616977218725,1,strength,2021
XLB,oversold_reclaim_20d,2021-12-09,2021-12-09,39.878,39.8755,-0.006095286558061019,0,strength,2021
XLV,oversold_reclaim_20d,2021-12-10,2021-12-10,123.9079,124.4184,0.41201871583587124,0,strength,2021
SPY,oversold_reclaim_20d,2021-12-13,2021-12-15,441.3028,440.8051,-0.1127892282763554,2,strength,2021
XLK,oversold_reclaim_20d,2021-12-13,2021-12-14,84.625,81.2573,-3.979591394482662,1,stop,2021
QQQ,oversold_reclaim_20d,2021-12-13,2021-12-14,387.0697,372.6214,-3.732719817473751,1,stop,2021
XLY,oversold_reclaim_20d,2021-12-16,2021-12-20,97.1917,92.2532,-5.081238428585843,2,gap_stop,2021
GLD,oversold_reclaim_20d,2021-12-17,2021-12-17,168.8987,167.6322,-0.7498710657152352,0,strength,2021
SMH,oversold_reclaim_20d,2021-12-22,2021-12-22,146.49,148.9162,1.6561799472117888,0,strength,2021
XLE,oversold_reclaim_20d,2021-12-22,2021-12-22,23.348,23.4252,0.3304630400931652,0,strength,2021
XLF,oversold_reclaim_20d,2021-12-22,2021-12-22,35.5043,35.7015,0.5552680814872923,0,strength,2021
QQQ,oversold_reclaim_20d,2021-12-22,2021-12-22,378.7124,382.8538,1.0935423602819627,0,strength,2021
XLY,oversold_reclaim_20d,2021-12-22,2021-12-22,95.126,96.3543,1.2911867081014883,0,strength,2021
MDY,oversold_reclaim_20d,2021-12-22,2021-12-22,473.7556,477.7885,0.8512569716323526,0,strength,2021
GLD,oversold_reclaim_20d,2021-12-23,2021-12-23,168.8587,168.801,-0.03414761984160686,0,strength,2021
SMH,oversold_reclaim_20d,2021-12-27,2021-12-27,151.0109,154.2417,2.139443453048062,0,strength,2021
QQQ,oversold_reclaim_20d,2021-12-27,2021-12-27,387.8075,392.1153,1.1108241351471815,0,strength,2021
XLY,oversold_reclaim_20d,2021-12-27,2021-12-27,98.0695,98.6428,0.58459534098243,0,strength,2021
MDY,oversold_reclaim_20d,2021-12-27,2021-12-27,482.4657,487.4165,1.026155789637695,0,strength,2021
XLE,oversold_reclaim_20d,2021-12-28,2021-12-28,24.0582,23.9332,-0.5192181564948495,0,strength,2021
XLF,oversold_reclaim_20d,2021-12-28,2021-12-28,36.2639,36.2746,0.029625926898235733,0,strength,2021
IWM,oversold_reclaim_20d,2021-12-28,2021-12-28,211.7758,210.3705,-0.6635900959562013,0,strength,2021
MDY,oversold_reclaim_20d,2021-12-29,2021-12-29,488.5249,489.9487,0.2914600998451977,0,strength,2021
TLT,oversold_reclaim_20d,2021-12-31,2021-12-31,126.0867,126.1583,0.056776241957101625,0,strength,2021
SMH,oversold_reclaim_20d,2022-01-12,2022-01-12,149.3119,149.0282,-0.19001082564121807,0,strength,2022
XLK,oversold_reclaim_20d,2022-01-12,2022-01-12,81.8628,81.4772,-0.4711195848544514,0,strength,2022
QQQ,oversold_reclaim_20d,2022-01-12,2022-01-12,378.2741,376.4396,-0.4849692321277854,0,strength,2022
TLT,oversold_reclaim_20d,2022-01-14,2022-01-18,122.3419,119.2784,-2.5040614607558687,1,stop,2022
SMH,oversold_reclaim_20d,2022-01-18,2022-01-20,147.3005,138.5058,-5.970544715272796,2,stop,2022
XLK,oversold_reclaim_20d,2022-01-18,2022-01-21,79.0325,75.537,-4.42280903858232,3,stop,2022
QQQ,oversold_reclaim_20d,2022-01-18,2022-01-21,364.2324,348.7864,-4.240688144347892,3,stop,2022
XLU,oversold_reclaim_20d,2022-01-20,2022-01-24,30.21,29.2957,-3.0263347498417192,2,stop,2022
SMH,oversold_reclaim_20d,2022-01-25,2022-01-31,130.5692,134.1868,2.770617660050334,4,strength,2022
SPY,oversold_reclaim_20d,2022-01-25,2022-01-28,407.8819,415.4234,1.848935022284981,3,strength,2022
XLF,oversold_reclaim_20d,2022-01-25,2022-01-26,35.0875,35.6553,1.6180955061936286,1,strength,2022
XLK,oversold_reclaim_20d,2022-01-25,2022-01-28,73.5846,76.2913,3.6782934046039495,3,strength,2022
XLF,oversold_reclaim_20d,2022-01-31,2022-01-31,35.6155,36.1082,1.3835075136812591,0,strength,2022
XLV,oversold_reclaim_20d,2022-01-31,2022-01-31,121.1109,121.7876,0.5588086686250993,0,strength,2022
XLP,oversold_reclaim_20d,2022-01-31,2022-01-31,66.8477,67.3793,0.7952828716628391,0,strength,2022
XLU,oversold_reclaim_20d,2022-01-31,2022-01-31,29.541,30.2194,2.2966857002901797,0,strength,2022
SPY,oversold_reclaim_20d,2022-02-01,2022-02-01,424.4774,425.7631,0.3028810961323236,0,strength,2022
DIA,oversold_reclaim_20d,2022-02-01,2022-02-01,325.4948,326.9506,0.4472575586836891,0,strength,2022
XLK,oversold_reclaim_20d,2022-02-01,2022-02-01,78.4712,78.411,-0.07673629269402404,0,strength,2022
XLB,oversold_reclaim_20d,2022-02-01,2022-02-01,38.84,39.1597,0.823131595029869,0,strength,2022
XLY,oversold_reclaim_20d,2022-02-02,2022-02-02,90.2266,88.9262,-1.4413674686325262,0,strength,2022
GLD,oversold_reclaim_20d,2022-02-03,2022-02-03,168.4783,168.4314,-0.02783827747353529,0,strength,2022
SMH,oversold_reclaim_20d,2022-02-03,2022-02-08,135.0608,135.7216,0.4892432793895285,3,strength,2022
XLI,oversold_reclaim_20d,2022-02-03,2022-02-08,95.4698,94.3929,-1.1280250296775929,3,strength,2022
XLP,oversold_reclaim_20d,2022-02-03,2022-02-03,67.9497,68.1421,0.2831496887384377,0,strength,2022
XLU,oversold_reclaim_20d,2022-02-03,2022-02-03,30.2318,30.1234,-0.35858068849186076,0,strength,2022
GLD,oversold_reclaim_20d,2022-02-07,2022-02-07,169.6194,169.9399,0.18891917779588763,0,strength,2022
XLU,oversold_reclaim_20d,2022-02-17,2022-02-25,28.8589,29.4907,2.1893553939163146,5,strength,2022
XLF,oversold_reclaim_20d,2022-02-28,2022-03-07,35.3561,33.5835,-5.013552510852848,5,stop,2022
XLV,oversold_reclaim_20d,2022-02-28,2022-02-28,119.8183,120.609,0.6599458416740589,0,strength,2022
XLP,oversold_reclaim_20d,2022-02-28,2022-03-02,66.4567,66.7407,0.4274768284788788,2,strength,2022
XLU,oversold_reclaim_20d,2022-03-01,2022-03-01,29.6415,29.3859,-0.8622953488283125,0,strength,2022
XLV,oversold_reclaim_20d,2022-03-03,2022-03-03,122.5336,122.3723,-0.13163861361552565,0,strength,2022
XLU,oversold_reclaim_20d,2022-03-03,2022-03-03,29.9214,30.2674,1.1565378954338845,0,strength,2022
XLP,oversold_reclaim_20d,2022-03-04,2022-03-04,66.6522,67.2906,0.9578857726746159,0,strength,2022
XLP,oversold_reclaim_20d,2022-03-16,2022-03-16,65.4169,65.1975,-0.33537780629727676,0,strength,2022
XLP,oversold_reclaim_20d,2022-03-18,2022-03-18,65.8435,65.8006,-0.06509066267750274,0,strength,2022
GLD,oversold_reclaim_20d,2022-03-31,2022-03-31,181.0909,180.4693,-0.3432363063398669,0,strength,2022
GLD,oversold_reclaim_20d,2022-04-05,2022-04-07,181.0909,180.1597,-0.5142485094185578,2,strength,2022
XLV,oversold_reclaim_20d,2022-04-26,2022-04-28,124.7721,124.4949,-0.22215800156032417,2,strength,2022
XLE,oversold_reclaim_20d,2022-04-28,2022-04-28,32.5456,33.2434,2.144228690765493,0,strength,2022
XLB,oversold_reclaim_20d,2022-04-28,2022-04-28,39.4272,39.7747,0.8814465410017069,0,strength,2022
GLD,oversold_reclaim_20d,2022-04-29,2022-04-29,178.2481,176.7331,-0.8499298818678391,0,strength,2022
XLU,oversold_reclaim_20d,2022-04-29,2022-05-02,32.1945,31.0902,-3.4302197368908716,1,stop,2022
XLE,oversold_reclaim_20d,2022-05-03,2022-05-03,33.0336,33.8296,2.409696534085115,0,strength,2022
GLD,oversold_reclaim_20d,2022-05-04,2022-05-04,174.4943,175.6242,0.6475142971360315,0,strength,2022
XLB,oversold_reclaim_20d,2022-05-04,2022-05-04,39.6293,40.5677,2.3680784339211725,0,strength,2022
XLU,oversold_reclaim_20d,2022-05-04,2022-05-04,31.3582,31.7964,1.3972263340380708,0,strength,2022
XLV,oversold_reclaim_20d,2022-05-05,2022-05-09,123.2423,118.0447,-4.217376767480818,2,stop,2022
XLP,oversold_reclaim_20d,2022-05-05,2022-05-13,69.3649,68.5581,-1.1630790319242634,6,strength,2022
XLP,oversold_reclaim_20d,2022-05-31,2022-05-31,66.5974,66.3485,-0.373711086260764,0,strength,2022
SMH,oversold_reclaim_20d,2023-04-28,2023-04-28,120.7267,121.8406,0.9226969349668712,0,strength,2023
XLI,oversold_reclaim_20d,2023-04-28,2023-04-28,94.4538,95.2943,0.8898116129674838,0,strength,2023
EEM,oversold_reclaim_20d,2023-04-28,2023-04-28,36.011,36.1145,0.2871613380428961,0,strength,2023
TLT,oversold_reclaim_20d,2023-05-03,2023-05-03,93.4878,93.5563,0.07323894465141034,0,strength,2023
DIA,oversold_reclaim_20d,2023-05-10,2023-05-10,320.0024,317.5551,-0.7647638943642066,0,strength,2023
XLU,oversold_reclaim_20d,2023-05-11,2023-05-12,31.4853,31.2549,-0.7318880964891639,1,strength,2023
SPY,oversold_reclaim_20d,2023-05-12,2023-05-15,397.2111,396.0242,-0.2988064274328406,1,strength,2023
XLB,oversold_reclaim_20d,2023-05-16,2023-05-18,36.8319,36.8005,-0.0851233300564469,2,strength,2023
GLD,oversold_reclaim_20d,2023-05-22,2023-05-23,183.4032,183.2466,-0.08541755034322529,1,strength,2023
XLV,oversold_reclaim_20d,2023-05-22,2023-05-22,124.6666,124.3608,-0.24533455976352148,0,strength,2023
DIA,oversold_reclaim_20d,2023-05-30,2023-05-30,314.2795,313.5282,-0.2390396176716103,0,strength,2023
XLI,oversold_reclaim_20d,2023-05-30,2023-05-30,94.0337,93.5695,-0.49368878961848495,0,strength,2023
XLP,oversold_reclaim_20d,2023-05-30,2023-06-02,66.8794,67.3035,0.6341563040678677,3,strength,2023
EEM,oversold_reclaim_20d,2023-05-30,2023-05-31,35.9741,35.0957,-2.441634819055305,1,stop,2023
EFA,oversold_reclaim_20d,2023-05-30,2023-05-31,64.345,62.9911,-2.10410208931443,1,stop,2023
GLD,oversold_reclaim_20d,2023-05-31,2023-05-31,182.5724,182.1377,-0.2380984734867364,0,strength,2023
DIA,oversold_reclaim_20d,2023-06-01,2023-06-01,312.6255,313.9265,0.41615638866563387,0,strength,2023
GLD,oversold_reclaim_20d,2023-06-02,2023-06-06,183.7135,182.1577,-0.8469013941825088,2,strength,2023
XLI,oversold_reclaim_20d,2023-06-02,2023-06-02,94.6448,96.19,1.6326889865061034,0,strength,2023
EEM,oversold_reclaim_20d,2023-06-02,2023-06-02,36.5289,36.4929,-0.09873439317182875,0,strength,2023
EFA,oversold_reclaim_20d,2023-06-02,2023-06-02,64.9981,64.8682,-0.19980019980018193,0,strength,2023
DIA,oversold_reclaim_20d,2023-06-05,2023-06-05,321.4651,318.8498,-0.8135699899851745,0,strength,2023
XLV,oversold_reclaim_20d,2023-06-05,2023-06-05,123.8229,123.7458,-0.0622662826300191,0,strength,2023
MDY,oversold_reclaim_20d,2023-06-05,2023-06-05,439.1756,435.4935,-0.8384264244445605,0,strength,2023
XLB,oversold_reclaim_20d,2023-06-05,2023-06-05,37.0152,36.838,-0.4786794687736462,0,strength,2023
EEM,oversold_reclaim_20d,2023-06-06,2023-06-06,36.4827,36.8067,0.8880100800668922,0,strength,2023
XLI,oversold_reclaim_20d,2023-06-07,2023-06-07,96.3731,97.6671,1.3427348994243582,0,strength,2023
EFA,oversold_reclaim_20d,2023-06-07,2023-06-08,64.914,65.1389,0.3464648248675317,1,strength,2023
MDY,oversold_reclaim_20d,2023-06-07,2023-06-07,447.4333,451.2362,0.8499404871154415,0,strength,2023
XLB,oversold_reclaim_20d,2023-06-07,2023-06-07,37.0622,37.5137,1.2181337577571671,0,strength,2023
XLP,oversold_reclaim_20d,2023-06-09,2023-06-09,66.8611,66.8464,-0.022028875220514443,0,strength,2023
GLD,oversold_reclaim_20d,2023-06-22,2023-06-30,178.5384,178.0917,-0.2501570761852201,6,strength,2023
GLD,oversold_reclaim_20d,2023-07-10,2023-07-10,178.5484,178.6012,0.029601877440676994,0,strength,2023
EEM,oversold_reclaim_20d,2023-07-10,2023-07-11,36.4889,37.0392,1.5081427149656879,1,strength,2023
EFA,oversold_reclaim_20d,2023-07-10,2023-07-11,64.4858,65.2299,1.1538156382578935,1,strength,2023
EEM,oversold_reclaim_20d,2023-07-13,2023-07-13,38.1479,38.36,0.5560805420054216,0,strength,2023
EFA,oversold_reclaim_20d,2023-07-13,2023-07-13,67.4833,67.5394,0.08314769644091058,0,strength,2023
TLT,oversold_reclaim_20d,2023-07-14,2023-07-14,90.195,89.6343,-0.6216849408117286,0,strength,2023
XLY,oversold_reclaim_20d,2023-08-04,2023-08-04,84.9098,83.619,-1.5201381695890581,0,strength,2023
XLY,oversold_reclaim_20d,2023-08-08,2023-08-08,83.7913,83.8043,0.015434045629314497,0,strength,2023
SPY,oversold_reclaim_20d,2023-08-14,2023-08-14,428.8518,431.2768,0.5654707509438195,0,strength,2023
IWM,oversold_reclaim_20d,2023-08-14,2023-08-17,183.5222,177.581,-3.237285671886314,3,stop,2023
SMH,oversold_reclaim_20d,2023-08-15,2023-08-21,148.674,148.8599,0.12502683047894703,4,strength,2023
XLK,oversold_reclaim_20d,2023-08-15,2023-08-18,82.9543,79.8405,-3.753542626873152,3,gap_stop,2023
QQQ,oversold_reclaim_20d,2023-08-15,2023-08-17,363.3843,351.9264,-3.1531112276870554,2,stop,2023
MDY,oversold_reclaim_20d,2023-08-15,2023-08-17,467.3356,455.4105,-2.5517092528312135,2,stop,2023
SPY,oversold_reclaim_20d,2023-08-21,2023-08-21,421.9566,422.8363,0.20848048906088046,0,strength,2023
DIA,oversold_reclaim_20d,2023-08-21,2023-08-23,329.6821,328.5755,-0.3356504939536209,2,strength,2023
XLF,oversold_reclaim_20d,2023-08-21,2023-08-23,32.4861,32.3449,-0.4344411791197711,2,strength,2023
IWM,oversold_reclaim_20d,2023-08-21,2023-08-23,178.4592,179.1537,0.3891516743232293,2,strength,2023
XLI,oversold_reclaim_20d,2023-08-21,2023-08-23,101.8298,102.3248,0.48608311194566767,2,strength,2023
EFA,oversold_reclaim_20d,2023-08-21,2023-08-23,63.7934,64.3115,0.8121710202769084,2,strength,2023
MDY,oversold_reclaim_20d,2023-08-21,2023-08-23,455.5564,457.5755,0.4432150793526102,2,strength,2023
XLB,oversold_reclaim_20d,2023-08-21,2023-08-23,38.2834,38.1456,-0.35992433879172836,2,strength,2023
XLK,oversold_reclaim_20d,2023-08-22,2023-08-22,83.229,82.2302,-1.2000362567407774,0,strength,2023
QQQ,oversold_reclaim_20d,2023-08-22,2023-08-22,360.6198,356.7868,-1.0628882869166967,0,strength,2023
XLY,oversold_reclaim_20d,2023-08-22,2023-08-22,80.9781,80.3143,-0.8197886321025694,0,strength,2023
GLD,oversold_reclaim_20d,2023-08-24,2023-08-24,177.8377,177.6722,-0.09306665694304161,0,strength,2023
SMH,oversold_reclaim_20d,2023-08-24,2023-08-24,154.5104,146.88,-4.938426310465083,0,stop,2023
SPY,oversold_reclaim_20d,2023-08-24,2023-08-25,428.8421,419.2336,-2.2405528799923746,1,stop,2023
XLK,oversold_reclaim_20d,2023-08-24,2023-08-24,84.9366,82.0567,-3.3906023252306405,0,stop,2023
QQQ,oversold_reclaim_20d,2023-08-24,2023-08-24,366.6113,355.1776,-3.1187524206220063,0,stop,2023
XLY,oversold_reclaim_20d,2023-08-24,2023-08-25,81.2614,80.2606,-1.231507566422918,1,strength,2023
XLB,oversold_reclaim_20d,2023-08-25,2023-08-25,38.2362,38.0985,-0.3601085133510207,0,strength,2023
SMH,oversold_reclaim_20d,2023-08-28,2023-08-28,148.4864,148.7515,0.1785272927742998,0,strength,2023
DIA,oversold_reclaim_20d,2023-08-28,2023-08-28,329.5961,329.414,-0.055250212443869184,0,strength,2023
XLF,oversold_reclaim_20d,2023-08-28,2023-08-28,32.5529,32.5641,0.03434053571038653,0,strength,2023
XLK,oversold_reclaim_20d,2023-08-28,2023-08-28,83.4106,83.2929,-0.14109612332844357,0,strength,2023
QQQ,oversold_reclaim_20d,2023-08-28,2023-08-28,361.0527,360.1055,-0.26234167870192726,0,strength,2023
XLI,oversold_reclaim_20d,2023-08-28,2023-08-28,102.6351,102.7649,0.12647179589111435,0,strength,2023
EFA,oversold_reclaim_20d,2023-08-28,2023-08-28,64.4221,64.5297,0.1671672090563847,0,strength,2023
IWM,oversold_reclaim_20d,2023-08-29,2023-08-29,179.2708,181.5065,1.2471265590110914,0,strength,2023
XLB,oversold_reclaim_20d,2023-08-29,2023-08-29,38.4771,39.0132,1.393271988336653,0,strength,2023
DIA,oversold_reclaim_20d,2023-08-30,2023-08-30,333.3101,332.93,-0.11404012775072525,0,strength,2023
XLF,oversold_reclaim_20d,2023-08-30,2023-08-30,32.9729,32.8785,-0.28648997385266606,0,strength,2023
XLI,oversold_reclaim_20d,2023-08-30,2023-08-30,103.8814,104.0182,0.13176248605168972,0,strength,2023
IWM,oversold_reclaim_20d,2023-08-31,2023-08-31,182.8071,181.873,-0.51101454098742,0,strength,2023
XLB,oversold_reclaim_20d,2023-08-31,2023-08-31,39.2473,39.084,-0.41605235444847066,0,strength,2023
IWM,oversold_reclaim_20d,2023-09-05,2023-09-07,183.242,177.4047,-3.185540913225482,2,stop,2023
XLB,oversold_reclaim_20d,2023-09-05,2023-09-06,39.5402,38.5453,-2.516023000870138,1,stop,2023
XLV,oversold_reclaim_20d,2023-09-08,2023-09-11,125.4463,126.3262,0.7014061571969599,1,strength,2023
XLV,oversold_reclaim_20d,2023-09-13,2023-09-13,126.1127,126.1837,0.05633828432842769,0,strength,2023
XLI,oversold_reclaim_20d,2023-09-13,2023-09-14,100.7944,101.0427,0.2463321517648831,1,strength,2023
XLI,oversold_reclaim_20d,2023-09-19,2023-09-21,100.5216,98.1475,-2.3617619776104215,2,stop,2023
SMH,oversold_reclaim_20d,2023-09-26,2023-09-27,139.875,139.9405,0.04681437330762428,1,strength,2023
SPY,oversold_reclaim_20d,2023-09-26,2023-10-02,415.2576,412.7088,-0.6137889595882906,4,strength,2023
DIA,oversold_reclaim_20d,2023-09-26,2023-10-03,323.4412,317.1411,-1.9478353035125018,5,stop,2023
XLK,oversold_reclaim_20d,2023-09-26,2023-09-29,80.5745,80.4478,-0.15717683344353972,3,strength,2023
QQQ,oversold_reclaim_20d,2023-09-26,2023-09-28,351.7229,352.0231,0.08537179651881832,2,strength,2023
XLI,oversold_reclaim_20d,2023-09-26,2023-09-28,97.836,97.9095,0.07513177464955056,2,strength,2023
XLY,oversold_reclaim_20d,2023-09-26,2023-09-28,78.5045,78.1914,-0.3988194069289186,2,strength,2023
SMH,oversold_reclaim_20d,2023-09-29,2023-09-29,144.7041,142.8873,-1.255492655577417,0,strength,2023
SMH,oversold_reclaim_20d,2023-10-03,2023-10-04,143.4795,143.1141,-0.25472939453011767,1,strength,2023
XLK,oversold_reclaim_20d,2023-10-03,2023-10-04,81.0121,80.9288,-0.10285806436892697,1,strength,2023
QQQ,oversold_reclaim_20d,2023-10-03,2023-10-04,353.4865,353.734,0.07000241698660314,1,strength,2023
XLY,oversold_reclaim_20d,2023-10-03,2023-10-04,78.2207,78.2695,0.06238332088299714,1,strength,2023
XLE,oversold_reclaim_20d,2023-10-04,2023-10-09,39.9421,40.4931,1.379429134725818,3,strength,2023
SPY,oversold_reclaim_20d,2023-10-05,2023-10-06,410.6802,414.8627,1.0184320438945127,1,strength,2023
XLY,oversold_reclaim_20d,2023-10-09,2023-10-09,77.6336,78.5088,1.1273472440878285,0,strength,2023
SPY,oversold_reclaim_20d,2023-10-10,2023-10-10,418.9836,419.6918,0.16902903268456448,0,strength,2023
DIA,oversold_reclaim_20d,2023-10-10,2023-10-10,322.7998,322.3937,-0.12580835802429302,0,strength,2023
XLI,oversold_reclaim_20d,2023-10-10,2023-10-10,98.9237,98.9278,0.004137843285700882,0,strength,2023
XLE,oversold_reclaim_20d,2023-10-11,2023-10-11,40.2078,40.0223,-0.46126939603333694,0,strength,2023
XLV,oversold_reclaim_20d,2023-10-11,2023-10-11,125.4448,124.4882,-0.7625302590797522,0,strength,2023
XLY,oversold_reclaim_20d,2023-10-11,2023-10-11,79.85,79.6514,-0.24872298701184015,0,strength,2023
XLI,oversold_reclaim_20d,2023-10-12,2023-10-12,100.0307,98.6204,-1.4098435576238466,0,strength,2023
XLE,oversold_reclaim_20d,2023-10-16,2023-10-16,41.2978,41.2244,-0.17765946087370255,0,strength,2023
SPY,oversold_reclaim_20d,2023-10-25,2023-10-27,408.2898,396.7509,-2.826176299061367,2,stop,2023
QQQ,oversold_reclaim_20d,2023-10-25,2023-10-26,351.4372,339.1017,-3.510009446759643,1,stop,2023
XLK,oversold_reclaim_20d,2023-10-31,2023-10-31,80.1172,80.4871,0.46173790471761844,0,strength,2023
QQQ,oversold_reclaim_20d,2023-10-31,2023-10-31,344.0774,345.0025,0.2688615382522519,0,strength,2023
SMH,oversold_reclaim_20d,2023-11-01,2023-11-01,137.4654,140.3545,2.1016316854536976,0,strength,2023
XLE,oversold_reclaim_20d,2023-11-01,2023-11-02,39.2643,40.0223,1.9305423979980363,1,strength,2023
SPY,oversold_reclaim_20d,2023-11-02,2023-11-02,412.8286,416.0409,0.778133981357354,0,strength,2023
XLK,oversold_reclaim_20d,2023-11-02,2023-11-02,82.9495,83.4316,0.5811321018062587,0,strength,2023
QQQ,oversold_reclaim_20d,2023-11-02,2023-11-02,356.2058,357.3623,0.3246777722269112,0,strength,2023
SMH,oversold_reclaim_20d,2023-11-03,2023-11-03,145.7509,147.352,1.0985005362339484,0,strength,2023
DIA,oversold_reclaim_20d,2023-11-03,2023-11-03,325.7774,325.5949,-0.056024109029884084,0,strength,2023
XLY,oversold_reclaim_20d,2023-11-03,2023-11-03,77.9418,78.2353,0.3765714217792926,0,strength,2023
SPY,oversold_reclaim_20d,2023-11-06,2023-11-06,421.432,420.8025,-0.14938073182094724,0,strength,2023
XLF,oversold_reclaim_20d,2023-11-06,2023-11-06,32.4779,32.2312,-0.7596437635822406,0,strength,2023
SMH,oversold_reclaim_20d,2023-11-07,2023-11-07,147.7951,148.7121,0.6204177365760177,0,strength,2023
XLE,oversold_reclaim_20d,2023-11-14,2023-11-14,38.6231,38.7424,0.3090829430777431,0,strength,2023
XLE,oversold_reclaim_20d,2023-11-20,2023-11-20,38.9483,38.7653,-0.4697247144940575,0,strength,2023
XLE,oversold_reclaim_20d,2023-11-22,2023-11-22,37.9819,38.6602,1.7858561531164607,0,strength,2023
XLE,oversold_reclaim_20d,2023-11-27,2023-11-30,38.6964,38.6602,-0.09347167906298415,3,strength,2023
XLE,oversold_reclaim_20d,2023-12-15,2023-12-15,38.4674,38.5322,0.168560086986691,0,strength,2023
EEM,oversold_reclaim_20d,2023-12-15,2023-12-15,37.4489,37.188,-0.6965676450453095,0,strength,2023
EEM,oversold_reclaim_20d,2023-12-19,2023-12-19,37.4023,37.4857,0.22297205972736656,0,strength,2023
XLE,oversold_reclaim_20d,2023-12-20,2023-12-20,39.5304,38.9484,-1.472251422413584,0,strength,2023
GLD,oversold_reclaim_20d,2024-01-19,2024-01-19,188.4483,187.7421,-0.37474044007781426,0,strength,2024
XLI,oversold_reclaim_20d,2024-01-19,2024-01-19,108.3788,108.6162,0.21907328574437557,0,strength,2024
XLY,oversold_reclaim_20d,2024-01-19,2024-01-19,85.0365,85.5514,0.6055468874342163,0,strength,2024
EFA,oversold_reclaim_20d,2024-01-19,2024-01-22,67.8593,68.2761,0.6142401938046937,1,strength,2024
MDY,oversold_reclaim_20d,2024-01-19,2024-01-19,482.691,485.3654,0.5540688426022289,0,strength,2024
XLB,oversold_reclaim_20d,2024-01-19,2024-01-22,39.3104,39.3464,0.09148519263866284,1,strength,2024
IWM,oversold_reclaim_20d,2024-01-22,2024-01-22,189.1613,191.1073,1.0287469241129,0,strength,2024
XLI,oversold_reclaim_20d,2024-01-23,2024-01-23,109.7047,109.3696,-0.30545116434868014,0,strength,2024
MDY,oversold_reclaim_20d,2024-01-23,2024-01-23,494.6406,488.9655,-1.1473296558867419,0,strength,2024
GLD,oversold_reclaim_20d,2024-01-24,2024-01-29,188.5183,188.1417,-0.19980019980019303,3,strength,2024
EFA,oversold_reclaim_20d,2024-01-24,2024-01-24,69.1231,68.5983,-0.75920098727843,0,strength,2024
XLE,oversold_reclaim_20d,2024-01-26,2024-01-26,38.6288,38.8792,0.6483928779085213,0,strength,2024
XLB,oversold_reclaim_20d,2024-01-26,2024-01-26,39.5734,39.3655,-0.5253102181712932,0,strength,2024
XLY,oversold_reclaim_20d,2024-01-29,2024-01-29,84.3209,85.209,1.0532882067412652,0,strength,2024
TLT,oversold_reclaim_20d,2024-01-31,2024-01-31,86.93,87.153,0.25657405719234916,0,strength,2024
XLY,oversold_reclaim_20d,2024-02-02,2024-02-02,85.9727,86.7401,0.8926612048452576,0,strength,2024
XLB,oversold_reclaim_20d,2024-02-07,2024-02-07,39.6212,39.6327,0.028991815683210298,0,strength,2024
XLB,oversold_reclaim_20d,2024-02-12,2024-02-12,39.8411,39.9809,0.3510608989602204,0,strength,2024
GLD,oversold_reclaim_20d,2024-02-15,2024-02-16,185.7856,186.1537,0.19810481535178504,1,strength,2024
XLK,oversold_reclaim_20d,2024-02-23,2024-02-23,102.2093,100.9673,-1.215125603313616,0,strength,2024
TLT,oversold_reclaim_20d,2024-04-05,2024-04-09,83.6408,83.9653,0.38798174623666526,2,strength,2024
XLK,oversold_reclaim_20d,2024-04-08,2024-04-08,101.9733,101.5873,-0.378547350023406,0,strength,2024
XLV,oversold_reclaim_20d,2024-04-08,2024-04-09,137.8992,137.7776,-0.08821691606689663,1,strength,2024
XLP,oversold_reclaim_20d,2024-04-08,2024-04-09,69.9588,70.1766,0.31129661570208356,1,strength,2024
XLP,oversold_reclaim_20d,2024-04-11,2024-04-12,70.4019,69.0925,-1.8599659253838996,1,stop,2024
XLK,oversold_reclaim_20d,2024-04-12,2024-04-17,101.84,98.573,-3.208016116284118,3,stop,2024
QQQ,oversold_reclaim_20d,2024-04-17,2024-04-19,428.3528,414.9706,-3.1241101811379846,2,stop,2024
IWM,oversold_reclaim_20d,2024-04-17,2024-04-22,191.9078,190.3838,-0.7941101228493452,3,strength,2024
XLU,oversold_reclaim_20d,2024-04-18,2024-04-18,30.171,30.1763,0.017493212263475222,0,strength,2024
XLP,oversold_reclaim_20d,2024-04-19,2024-04-19,69.478,70.0449,0.815943420369547,0,strength,2024
DIA,oversold_reclaim_20d,2024-04-22,2024-04-22,369.0567,368.9368,-0.03248156544995995,0,strength,2024
XLF,oversold_reclaim_20d,2024-04-22,2024-04-22,39.2713,39.4535,0.46389686038899036,0,strength,2024
MDY,oversold_reclaim_20d,2024-04-22,2024-04-22,506.8982,508.9479,0.40435677271613013,0,strength,2024
XLU,oversold_reclaim_20d,2024-04-22,2024-04-22,30.72,30.9208,0.6538406615597792,0,strength,2024
SMH,oversold_reclaim_20d,2024-04-23,2024-04-23,203.1591,206.0351,1.415625536480447,0,strength,2024
SPY,oversold_reclaim_20d,2024-04-23,2024-04-23,489.0882,491.8756,0.5699121977857935,0,strength,2024
XLK,oversold_reclaim_20d,2024-04-23,2024-04-23,96.2867,97.1141,0.8592951920309844,0,strength,2024
QQQ,oversold_reclaim_20d,2024-04-23,2024-04-23,416.158,419.5709,0.8200983142147011,0,strength,2024
XLV,oversold_reclaim_20d,2024-04-23,2024-04-23,135.6926,135.8831,0.14037638747514958,0,strength,2024
XLI,oversold_reclaim_20d,2024-04-23,2024-04-23,118.6745,119.2415,0.47783682589825904,0,strength,2024
XLP,oversold_reclaim_20d,2024-04-23,2024-04-23,70.9677,70.9106,-0.0804642848477366,0,strength,2024
EEM,oversold_reclaim_20d,2024-04-23,2024-04-23,38.1571,38.3557,0.5205121220526632,0,strength,2024
EFA,oversold_reclaim_20d,2024-04-23,2024-04-23,71.2818,71.6733,0.5493171955469833,0,strength,2024
XLB,oversold_reclaim_20d,2024-04-23,2024-04-25,42.1912,42.6,0.9691161302423312,2,strength,2024
DIA,oversold_reclaim_20d,2024-04-24,2024-04-24,372.0924,370.9341,-0.3113011104973862,0,strength,2024
XLF,oversold_reclaim_20d,2024-04-24,2024-04-24,39.6775,39.6948,0.043492525349275724,0,strength,2024
IWM,oversold_reclaim_20d,2024-04-24,2024-04-24,193.5683,192.7039,-0.4465713890459022,0,strength,2024
XLY,oversold_reclaim_20d,2024-04-24,2024-04-24,86.0224,85.3946,-0.7297993857502738,0,strength,2024
MDY,oversold_reclaim_20d,2024-04-24,2024-04-24,515.8215,515.0729,-0.14514615260026176,0,strength,2024
XLU,oversold_reclaim_20d,2024-04-24,2024-04-24,30.8467,31.2533,1.3183045011919248,0,strength,2024
SMH,oversold_reclaim_20d,2024-04-26,2024-04-26,211.1468,215.7915,2.1997626140208393,0,strength,2024
SPY,oversold_reclaim_20d,2024-04-26,2024-04-26,493.5426,494.4145,0.1766562923493753,0,strength,2024
XLK,oversold_reclaim_20d,2024-04-26,2024-04-26,98.3106,98.4442,0.1359396570836946,0,strength,2024
QQQ,oversold_reclaim_20d,2024-04-26,2024-04-26,422.9329,425.4242,0.5890430874223807,0,strength,2024
IWM,oversold_reclaim_20d,2024-04-26,2024-04-26,192.4255,193.3668,0.48917610802456934,0,strength,2024
XLI,oversold_reclaim_20d,2024-04-26,2024-04-26,118.5871,118.8443,0.2168867789842155,0,strength,2024
XLY,oversold_reclaim_20d,2024-04-26,2024-04-26,85.934,86.2378,0.35356846535135045,0,strength,2024
EEM,oversold_reclaim_20d,2024-04-26,2024-04-26,39.0118,39.0191,0.0188378747478124,0,strength,2024
EFA,oversold_reclaim_20d,2024-04-26,2024-04-26,71.66,71.7746,0.15993118547088514,0,strength,2024
MDY,oversold_reclaim_20d,2024-04-26,2024-04-26,514.2531,514.6644,0.07999207080178206,0,strength,2024
XLB,oversold_reclaim_20d,2024-04-29,2024-04-29,43.1411,43.2225,0.18865529795706326,0,strength,2024
XLY,oversold_reclaim_20d,2024-04-30,2024-05-02,87.555,86.6349,-1.0508930604511635,2,strength,2024
XLB,oversold_reclaim_20d,2024-05-02,2024-05-03,42.5126,42.8682,0.8363759448769992,1,strength,2024
GLD,oversold_reclaim_20d,2024-05-07,2024-05-07,214.7345,213.9958,-0.3440190030309265,0,strength,2024
XLE,oversold_reclaim_20d,2024-05-07,2024-05-07,43.551,43.3616,-0.43480143827544504,0,strength,2024
XLE,oversold_reclaim_20d,2024-05-09,2024-05-09,43.4438,43.892,1.031641708046549,0,strength,2024
GLD,oversold_reclaim_20d,2024-05-10,2024-05-10,219.4392,218.4913,-0.4319758835690801,0,strength,2024
XLE,oversold_reclaim_20d,2024-05-29,2024-05-31,42.9077,43.357,1.0470253913089644,2,strength,2024
XLY,oversold_reclaim_20d,2024-06-05,2024-06-05,86.6905,86.8212,0.1508183456364831,0,strength,2024
IWM,oversold_reclaim_20d,2024-06-06,2024-06-12,199.4387,199.1462,-0.1466829695458749,4,strength,2024
XLI,oversold_reclaim_20d,2024-06-06,2024-06-07,119.2084,118.5246,-0.5736707506915129,1,strength,2024
EEM,oversold_reclaim_20d,2024-06-06,2024-06-06,40.3698,40.2986,-0.17631830768909396,0,strength,2024
XLB,oversold_reclaim_20d,2024-06-06,2024-06-13,43.4673,43.0022,-1.0700340250903828,5,strength,2024
XLE,oversold_reclaim_20d,2024-06-07,2024-06-10,42.0361,42.18,0.3424576166931814,1,strength,2024
XLY,oversold_reclaim_20d,2024-06-07,2024-06-07,87.1326,87.0958,-0.04226308542193413,0,strength,2024
GLD,oversold_reclaim_20d,2024-06-11,2024-06-12,214.1639,214.5053,0.15937989524414942,1,strength,2024
XLI,oversold_reclaim_20d,2024-06-11,2024-06-12,118.49,119.3384,0.7160143954539233,1,strength,2024
EEM,oversold_reclaim_20d,2024-06-11,2024-06-12,39.9696,40.3478,0.9462324907737241,1,strength,2024
MDY,oversold_reclaim_20d,2024-06-11,2024-06-12,518.7341,525.4364,1.29205520309843,1,strength,2024
XLU,oversold_reclaim_20d,2024-06-11,2024-06-20,32.9582,32.6863,-0.8249485384950628,6,strength,2024
XLE,oversold_reclaim_20d,2024-06-12,2024-06-13,42.5302,41.0561,-3.465864268576724,1,stop,2024
GLD,oversold_reclaim_20d,2024-06-17,2024-06-17,215.1149,214.3954,-0.334473949073133,0,strength,2024
XLF,oversold_reclaim_20d,2024-06-17,2024-06-17,39.2229,39.5886,0.9323330037024125,0,strength,2024
XLE,oversold_reclaim_20d,2024-06-18,2024-06-18,41.4114,41.2357,-0.42447080106955415,0,strength,2024
IWM,oversold_reclaim_20d,2024-06-18,2024-06-21,196.3517,195.8519,-0.25457155229791084,2,strength,2024
XLI,oversold_reclaim_20d,2024-06-18,2024-06-18,118.8881,119.3191,0.36252531081384376,0,strength,2024
EFA,oversold_reclaim_20d,2024-06-18,2024-06-20,73.3424,73.5331,0.259986889407271,1,strength,2024
MDY,oversold_reclaim_20d,2024-06-18,2024-06-18,521.2572,521.7421,0.09301212235199863,0,strength,2024
XLB,oversold_reclaim_20d,2024-06-18,2024-06-20,43.0164,42.916,-0.23319555503424905,1,strength,2024
XLF,oversold_reclaim_20d,2024-06-20,2024-06-20,39.8323,40.052,0.5514916594398178,0,strength,2024
XLE,oversold_reclaim_20d,2024-06-21,2024-06-21,42.1899,41.752,-1.037811063287064,0,strength,2024
XLI,oversold_reclaim_20d,2024-06-21,2024-06-21,119.6162,119.1447,-0.39419866529648573,0,strength,2024
EFA,oversold_reclaim_20d,2024-06-24,2024-06-24,73.7648,73.5987,-0.22519362219940442,0,strength,2024
MDY,oversold_reclaim_20d,2024-06-24,2024-06-24,524.4804,525.3256,0.16115475084725883,0,strength,2024
XLB,oversold_reclaim_20d,2024-06-24,2024-06-24,43.1875,43.1975,0.02299807707237811,0,strength,2024
XLE,oversold_reclaim_20d,2024-06-25,2024-06-25,42.8529,42.9033,0.11754793923859364,0,strength,2024
XLF,oversold_reclaim_20d,2024-06-25,2024-07-01,40.3105,39.9295,-0.9451134588794652,4,strength,2024
IWM,oversold_reclaim_20d,2024-06-25,2024-06-25,197.008,196.0572,-0.48263639262857705,0,strength,2024
XLI,oversold_reclaim_20d,2024-06-25,2024-07-03,119.7933,118.2803,-1.262975656483556,6,strength,2024
XLU,oversold_reclaim_20d,2024-06-25,2024-07-01,32.9212,31.9642,-2.906751797322904,4,stop,2024
XLB,oversold_reclaim_20d,2024-07-03,2024-07-03,42.1318,42.2208,0.21127682782025037,0,strength,2024
XLU,oversold_reclaim_20d,2024-07-03,2024-07-03,32.2211,32.3031,0.25436622764878347,0,strength,2024
XLV,oversold_reclaim_20d,2024-07-08,2024-07-09,139.8519,139.9393,0.06255402268500188,1,strength,2024
XLB,oversold_reclaim_20d,2024-07-08,2024-07-08,42.4982,42.4133,-0.19980019980020414,0,strength,2024
XLU,oversold_reclaim_20d,2024-07-08,2024-07-08,32.4529,32.3928,-0.1852510788943551,0,strength,2024
XLU,oversold_reclaim_20d,2024-07-10,2024-07-10,32.6752,32.794,0.3636337315430449,0,strength,2024
XLV,oversold_reclaim_20d,2024-07-11,2024-07-11,141.5544,142.2564,0.4958645915266624,0,strength,2024
XLB,oversold_reclaim_20d,2024-07-11,2024-07-11,42.8405,43.1253,0.6648989838224484,0,strength,2024
SMH,oversold_reclaim_20d,2024-07-23,2024-07-23,253.3205,252.6954,-0.2467667731433032,0,strength,2024
XLK,oversold_reclaim_20d,2024-07-23,2024-07-23,111.3399,111.1371,-0.18207352596023574,0,strength,2024
SPY,oversold_reclaim_20d,2024-07-29,2024-07-29,533.9261,531.6297,-0.4301016939972979,0,strength,2024
QQQ,oversold_reclaim_20d,2024-07-29,2024-07-31,461.3375,465.7148,0.9488305803795116,2,strength,2024
EEM,oversold_reclaim_20d,2024-07-29,2024-07-31,40.4669,40.9872,1.2858895991835206,2,strength,2024
SMH,oversold_reclaim_20d,2024-08-01,2024-08-02,242.4517,218.0521,-10.063670801754498,1,gap_stop,2024
SPY,oversold_reclaim_20d,2024-08-01,2024-08-02,540.3311,522.8369,-3.2376736480638657,1,gap_stop,2024
XLK,oversold_reclaim_20d,2024-08-01,2024-08-02,107.8982,101.1881,-6.21892339325798,1,gap_stop,2024
SMH,oversold_reclaim_20d,2024-08-07,2024-08-08,223.2276,222.9998,-0.10208390954322688,1,strength,2024
SPY,oversold_reclaim_20d,2024-08-07,2024-08-08,516.7649,517.8597,0.211867464400739,1,strength,2024
DIA,oversold_reclaim_20d,2024-08-07,2024-08-08,381.1916,382.2612,0.2805971871327584,1,strength,2024
XLF,oversold_reclaim_20d,2024-08-07,2024-08-08,40.7475,40.9181,0.4186022955911417,1,strength,2024
QQQ,oversold_reclaim_20d,2024-08-07,2024-08-08,442.2979,442.9763,0.1533686835417214,1,strength,2024
IWM,oversold_reclaim_20d,2024-08-07,2024-08-08,203.5902,202.245,-0.6607401955544767,1,strength,2024
XLI,oversold_reclaim_20d,2024-08-07,2024-08-08,120.0174,120.8081,0.6588679430625799,1,strength,2024
EEM,oversold_reclaim_20d,2024-08-07,2024-08-08,39.7402,39.9184,0.4485685429931552,1,strength,2024
EFA,oversold_reclaim_20d,2024-08-07,2024-08-08,72.1316,72.2029,0.0988951942554106,1,strength,2024
MDY,oversold_reclaim_20d,2024-08-07,2024-08-08,524.3729,523.8619,-0.09744090360082058,1,strength,2024
XLE,oversold_reclaim_20d,2024-08-09,2024-08-09,41.8568,41.9279,0.1699152020489425,0,strength,2024
XLK,oversold_reclaim_20d,2024-08-09,2024-08-09,101.1682,101.4793,0.30752206636623924,0,strength,2024
XLB,oversold_reclaim_20d,2024-08-09,2024-08-09,42.7489,42.6057,-0.33485092199512234,0,strength,2024
SMH,oversold_reclaim_20d,2024-08-12,2024-08-12,223.7244,225.0323,0.5846341806060584,0,strength,2024
SPY,oversold_reclaim_20d,2024-08-12,2024-08-12,522.3778,520.4167,-0.3754098432108499,0,strength,2024
DIA,oversold_reclaim_20d,2024-08-12,2024-08-12,384.4149,381.5346,-0.7492805472148145,0,strength,2024
XLF,oversold_reclaim_20d,2024-08-12,2024-08-12,41.2525,40.8793,-0.9046020858920478,0,strength,2024
QQQ,oversold_reclaim_20d,2024-08-12,2024-08-12,447.152,446.2486,-0.20201331169213965,0,strength,2024
XLI,oversold_reclaim_20d,2024-08-12,2024-08-12,121.0792,120.2151,-0.7136956579097187,0,strength,2024
EEM,oversold_reclaim_20d,2024-08-12,2024-08-12,40.3139,40.2715,-0.10511093565719332,0,strength,2024
EFA,oversold_reclaim_20d,2024-08-12,2024-08-12,72.5821,72.4184,-0.22561722218719105,0,strength,2024
XLK,oversold_reclaim_20d,2024-08-13,2024-08-13,103.784,105.452,1.6071348685897213,0,strength,2024
XLB,oversold_reclaim_20d,2024-08-14,2024-08-14,43.0333,42.8415,-0.44574402407463465,0,strength,2024
EEM,oversold_reclaim_20d,2024-09-12,2024-09-12,40.5147,40.6818,0.41262051765120766,0,strength,2024
IWM,oversold_reclaim_20d,2024-09-13,2024-09-13,209.6436,211.9619,1.1058152073874394,0,strength,2024
MDY,oversold_reclaim_20d,2024-09-13,2024-09-13,538.1402,542.0125,0.7195757675901193,0,strength,2024
EEM,oversold_reclaim_20d,2024-09-16,2024-09-16,41.1075,41.0063,-0.24623075581270415,0,strength,2024
MDY,oversold_reclaim_20d,2024-09-17,2024-09-17,549.7173,548.5702,-0.20867389531339375,0,strength,2024
IWM,oversold_reclaim_20d,2024-09-19,2024-09-19,220.0558,218.9416,-0.5063184068350934,0,strength,2024
MDY,oversold_reclaim_20d,2024-09-19,2024-09-19,560.5122,558.2408,-0.40523510806189655,0,strength,2024
XLV,oversold_reclaim_20d,2024-10-01,2024-10-01,149.6657,148.4655,-0.8019375763618108,0,strength,2024
XLP,oversold_reclaim_20d,2024-10-07,2024-10-09,77.8331,77.7253,-0.13857096055246432,2,strength,2024
TLT,oversold_reclaim_20d,2024-10-09,2024-10-15,88.0938,88.1407,0.05324021872012974,4,strength,2024
XLV,oversold_reclaim_20d,2024-10-09,2024-10-09,147.5198,148.5914,0.7264069612691992,0,strength,2024
XLV,oversold_reclaim_20d,2024-10-14,2024-10-14,149.588,149.9481,0.24070952895027808,0,strength,2024
XLP,oversold_reclaim_20d,2024-10-14,2024-10-14,77.9286,78.1256,0.2527285836068316,0,strength,2024
XLP,oversold_reclaim_20d,2024-10-16,2024-10-16,78.5112,78.564,0.06727395209098486,0,strength,2024
EFA,oversold_reclaim_20d,2024-10-21,2024-10-23,76.4867,74.7415,-2.281768329067868,2,gap_stop,2024
TLT,oversold_reclaim_20d,2024-10-25,2024-10-29,86.5305,84.551,-2.2877171503126625,2,stop,2024
XLY,oversold_reclaim_20d,2024-10-25,2024-10-25,98.9249,98.8601,-0.06543059153922837,0,strength,2024
EEM,oversold_reclaim_20d,2024-10-29,2024-11-04,43.3164,42.6954,-1.433535721161583,4,strength,2024
EFA,oversold_reclaim_20d,2024-10-29,2024-10-29,75.3228,75.1536,-0.2246683490009449,0,strength,2024
XLY,oversold_reclaim_20d,2024-10-30,2024-11-01,99.0087,98.5057,-0.5080905663522817,2,strength,2024
EFA,oversold_reclaim_20d,2024-10-31,2024-11-05,74.45,75.1536,0.9451547027584217,3,strength,2024
XLP,oversold_reclaim_20d,2024-11-01,2024-11-04,76.7635,76.6006,-0.2122102713520424,1,strength,2024
SMH,oversold_reclaim_20d,2024-11-04,2024-11-05,243.7134,246.201,1.020698618953042,1,strength,2024
DIA,oversold_reclaim_20d,2024-11-04,2024-11-05,409.2903,410.8659,0.38495752272076356,1,strength,2024
XLV,oversold_reclaim_20d,2024-11-04,2024-11-05,143.1019,143.2715,0.11846905494472537,1,strength,2024
TLT,oversold_reclaim_20d,2024-11-06,2024-11-08,83.6948,86.1832,2.973241731868681,2,strength,2024
XLI,oversold_reclaim_20d,2024-11-06,2024-11-06,137.481,137.9476,0.3393880039146202,0,strength,2024
XLP,oversold_reclaim_20d,2024-11-06,2024-11-06,77.4416,75.9759,-1.8926278636510863,0,stop,2024
EEM,oversold_reclaim_20d,2024-11-06,2024-11-06,42.5801,42.7431,0.3829140570064782,0,strength,2024
XLB,oversold_reclaim_20d,2024-11-06,2024-11-06,46.3582,45.8935,-1.0024513439213179,0,strength,2024
XLU,oversold_reclaim_20d,2024-11-06,2024-11-08,36.8349,37.631,2.161347678997383,2,strength,2024
SMH,oversold_reclaim_20d,2024-11-07,2024-11-07,256.7083,258.803,0.8159974403559644,0,strength,2024
DIA,oversold_reclaim_20d,2024-11-07,2024-11-07,426.5358,425.5474,-0.23173045433724226,0,strength,2024
EFA,oversold_reclaim_20d,2024-11-07,2024-11-07,75.0694,75.1911,0.16205759817478071,0,strength,2024
XLP,oversold_reclaim_20d,2024-11-08,2024-11-08,76.2669,77.0295,0.9999005227911084,0,strength,2024
EEM,oversold_reclaim_20d,2024-11-08,2024-11-12,43.0391,41.6934,-3.126609504860467,2,gap_stop,2024
XLB,oversold_reclaim_20d,2024-11-08,2024-11-08,45.995,45.6518,-0.7461289716766517,0,strength,2024
DIA,oversold_reclaim_20d,2024-11-11,2024-11-11,430.7765,431.0152,0.05541549639271892,0,strength,2024
XLU,oversold_reclaim_20d,2024-11-12,2024-11-12,37.6968,37.3031,-1.0445034520514929,0,strength,2024
XLP,oversold_reclaim_20d,2024-11-14,2024-11-19,77.0405,76.8484,-0.2492958707019599,3,strength,2024
XLB,oversold_reclaim_20d,2024-11-14,2024-11-20,44.8136,44.6709,-0.3184224183191864,4,strength,2024
GLD,oversold_reclaim_20d,2024-11-19,2024-11-19,242.9927,243.0068,0.0057614887687185146,0,strength,2024
SMH,oversold_reclaim_20d,2024-11-19,2024-11-21,239.5308,244.0098,1.8698835047740392,2,strength,2024
EEM,oversold_reclaim_20d,2024-11-19,2024-11-19,41.404,41.4262,0.05373520631211104,0,strength,2024
GLD,oversold_reclaim_20d,2024-11-21,2024-11-21,246.4762,246.4133,-0.02551242605033366,0,strength,2024
EEM,oversold_reclaim_20d,2024-11-21,2024-11-29,41.3275,41.2831,-0.10743578022422984,5,strength,2024
XLB,oversold_reclaim_20d,2024-11-22,2024-11-22,45.2687,45.4682,0.44069577800862625,0,strength,2024
TLT,oversold_reclaim_20d,2024-11-26,2024-11-26,86.0476,86.0714,0.027608109178056672,0,strength,2024
XLB,oversold_reclaim_20d,2024-11-26,2024-11-26,45.9127,45.5939,-0.6944871422540522,0,strength,2024
SMH,oversold_reclaim_20d,2024-12-02,2024-12-02,241.7662,245.7647,1.6538911720721083,0,strength,2024
EEM,oversold_reclaim_20d,2024-12-03,2024-12-03,41.3657,41.5312,0.4000210242187441,0,strength,2024
SMH,oversold_reclaim_20d,2024-12-04,2024-12-04,250.5884,250.4843,-0.04152801055066213,0,strength,2024
EEM,oversold_reclaim_20d,2024-12-06,2024-12-06,42.102,41.8461,-0.6077962688140981,0,strength,2024
XLU,oversold_reclaim_20d,2024-12-20,2024-12-20,35.6206,36.3241,1.974986497097797,0,strength,2024
GLD,oversold_reclaim_20d,2024-12-23,2024-12-24,241.8416,241.1986,-0.2658945584254724,1,strength,2024
DIA,oversold_reclaim_20d,2024-12-23,2024-12-23,418.0204,418.7376,0.17156652708198994,0,strength,2024
XLF,oversold_reclaim_20d,2024-12-23,2024-12-23,47.0402,47.2979,0.5477601644759966,0,strength,2024
IWM,oversold_reclaim_20d,2024-12-23,2024-12-24,218.5838,219.7703,0.5428234391883446,1,strength,2024
XLI,oversold_reclaim_20d,2024-12-23,2024-12-23,130.6291,130.4955,-0.10225158777190657,0,strength,2024
EEM,oversold_reclaim_20d,2024-12-23,2024-12-23,41.1111,41.2522,0.34310426878698674,0,strength,2024
MDY,oversold_reclaim_20d,2024-12-23,2024-12-24,560.1251,565.4202,0.9453404351055683,1,strength,2024
SPY,oversold_reclaim_20d,2024-12-24,2024-12-24,586.6133,590.5879,0.67754784315468,0,strength,2024
XLU,oversold_reclaim_20d,2024-12-24,2024-12-24,36.5207,36.649,0.35129977307672977,0,strength,2024
DIA,oversold_reclaim_20d,2024-12-26,2024-12-26,421.6107,422.9553,0.3189168160197653,0,strength,2024
XLF,oversold_reclaim_20d,2024-12-26,2024-12-26,47.7352,47.9719,0.49595708627481194,0,strength,2024
XLI,oversold_reclaim_20d,2024-12-26,2024-12-26,131.4738,131.6131,0.10589216255567635,0,strength,2024
XLP,oversold_reclaim_20d,2024-12-26,2024-12-26,76.2971,76.5288,0.30367100390973345,0,strength,2024
EEM,oversold_reclaim_20d,2024-12-26,2024-12-26,41.1889,41.2328,0.10648243441131466,0,strength,2024
GLD,oversold_reclaim_20d,2024-12-27,2024-12-31,241.4412,241.8879,0.18500485351746754,2,strength,2024
SPY,oversold_reclaim_20d,2024-12-27,2024-12-30,588.0699,574.6787,-2.2771302386206282,1,stop,2024
IWM,oversold_reclaim_20d,2024-12-27,2025-01-03,221.0975,220.7935,-0.13749483923972683,4,strength,2024
MDY,oversold_reclaim_20d,2024-12-27,2025-01-03,565.5187,564.9094,-0.10775378647406297,4,strength,2024
XLU,oversold_reclaim_20d,2024-12-27,2025-01-02,36.4438,36.5483,0.2866949533217866,3,strength,2024
DIA,oversold_reclaim_20d,2024-12-31,2025-01-03,417.6388,417.0485,-0.1413389120747066,2,strength,2024
XLI,oversold_reclaim_20d,2024-12-31,2025-01-03,129.9808,130.1034,0.09431210266201973,2,strength,2024
XLP,oversold_reclaim_20d,2025-01-02,2025-01-08,75.8064,74.0599,-2.303897977240754,4,stop,2025
SPY,oversold_reclaim_20d,2025-01-06,2025-01-06,586.82,584.7537,-0.352116415579784,0,strength,2025
XLK,oversold_reclaim_20d,2025-01-06,2025-01-06,118.312,118.2292,-0.07004924371709631,0,strength,2025
QQQ,oversold_reclaim_20d,2025-01-06,2025-01-06,520.6678,520.1431,-0.10077352168894604,0,strength,2025
XLY,oversold_reclaim_20d,2025-01-06,2025-01-06,112.842,111.852,-0.877316883814161,0,strength,2025
SPY,oversold_reclaim_20d,2025-01-10,2025-01-15,576.5947,582.2197,0.9755688754326197,3,strength,2025
DIA,oversold_reclaim_20d,2025-01-10,2025-01-14,415.0659,415.0861,0.004849745229740243,2,strength,2025
QQQ,oversold_reclaim_20d,2025-01-10,2025-01-15,508.208,512.3688,0.8187156605632406,3,strength,2025
XLY,oversold_reclaim_20d,2025-01-10,2025-01-15,109.7975,112.1035,2.100224208190027,3,strength,2025
XLF,oversold_reclaim_20d,2025-01-14,2025-01-14,46.8347,47.1318,0.6344784517381186,0,strength,2025
IWM,oversold_reclaim_20d,2025-01-14,2025-01-14,216.0602,216.1598,0.04608429001609071,0,strength,2025
XLI,oversold_reclaim_20d,2025-01-15,2025-01-15,134.008,132.6228,-1.0337236254899906,0,strength,2025
MDY,oversold_reclaim_20d,2025-01-15,2025-01-15,579.3176,573.8775,-0.9390584860050399,0,strength,2025
XLU,oversold_reclaim_20d,2025-01-15,2025-01-15,36.972,36.7975,-0.4719813762707248,0,strength,2025
DIA,oversold_reclaim_20d,2025-01-16,2025-01-16,422.7063,421.3443,-0.3222144757982104,0,strength,2025
XLF,oversold_reclaim_20d,2025-01-16,2025-01-16,48.4105,48.6557,0.5064330998596711,0,strength,2025
XLK,oversold_reclaim_20d,2025-01-16,2025-01-16,116.1983,114.1438,-1.7680981577504973,0,strength,2025
IWM,oversold_reclaim_20d,2025-01-17,2025-01-17,223.6999,221.8068,-0.846276634989207,0,strength,2025
XLI,oversold_reclaim_20d,2025-01-17,2025-01-17,135.3635,135.0343,-0.24324964788998704,0,strength,2025
MDY,oversold_reclaim_20d,2025-01-17,2025-01-17,583.0577,580.6256,-0.4171299615855939,0,strength,2025
XLU,oversold_reclaim_20d,2025-01-17,2025-01-17,37.7787,37.7799,0.003143826257878679,0,strength,2025
SPY,oversold_reclaim_20d,2025-01-21,2025-01-21,591.1503,592.3068,0.19563318223658754,0,strength,2025
DIA,oversold_reclaim_20d,2025-01-21,2025-01-21,427.0341,429.8435,0.6578845578848469,0,strength,2025
XLF,oversold_reclaim_20d,2025-01-21,2025-01-21,49.3306,49.4762,0.295240458824364,0,strength,2025
XLY,oversold_reclaim_20d,2025-01-21,2025-01-21,114.3098,113.8891,-0.3680825212956651,0,strength,2025
XLK,oversold_reclaim_20d,2025-01-22,2025-01-22,118.714,119.5365,0.6928742689948697,0,strength,2025
QQQ,oversold_reclaim_20d,2025-01-22,2025-01-22,526.1822,527.0546,0.1658032682728905,0,strength,2025
IWM,oversold_reclaim_20d,2025-01-22,2025-01-22,226.0855,224.5909,-0.6610580509023634,0,strength,2025
XLI,oversold_reclaim_20d,2025-01-22,2025-01-22,138.5166,137.485,-0.7447340950660908,0,strength,2025
EEM,oversold_reclaim_20d,2025-01-22,2025-01-22,41.4223,41.3104,-0.27007917338767173,0,strength,2025
EFA,oversold_reclaim_20d,2025-01-22,2025-01-22,74.6747,74.2027,-0.632106269061572,0,strength,2025
MDY,oversold_reclaim_20d,2025-01-22,2025-01-22,592.3095,587.9435,-0.7371077426720052,0,strength,2025
XLU,oversold_reclaim_20d,2025-01-22,2025-01-24,38.5421,38.0913,-1.1695833796606436,2,strength,2025
SMH,oversold_reclaim_20d,2025-01-31,2025-01-31,245.6518,242.6214,-1.2336012963980347,0,strength,2025
DIA,oversold_reclaim_20d,2025-02-26,2025-02-28,427.7595,428.7925,0.24151317414300433,2,strength,2025
XLI,oversold_reclaim_20d,2025-02-26,2025-02-28,133.2026,133.6423,0.33007278602108503,2,strength,2025
XLF,oversold_reclaim_20d,2025-02-28,2025-02-28,50.2996,50.9708,1.3343941988837926,0,strength,2025
SPY,oversold_reclaim_20d,2025-03-03,2025-03-03,586.7314,571.0632,-2.670426609980292,0,stop,2025
QQQ,oversold_reclaim_20d,2025-03-03,2025-03-04,508.2477,489.4269,-3.703066927185661,1,stop,2025
XLY,oversold_reclaim_20d,2025-03-03,2025-03-04,107.356,102.7764,-4.265858370998155,1,gap_stop,2025
MDY,oversold_reclaim_20d,2025-03-03,2025-03-03,558.6193,541.6649,-3.0350437285496246,0,stop,2025
SPY,oversold_reclaim_20d,2025-03-06,2025-03-10,566.3595,548.144,-3.2162421297544985,2,stop,2025
DIA,oversold_reclaim_20d,2025-03-06,2025-03-11,417.6937,405.5886,-2.8980879267054727,3,stop,2025
XLF,oversold_reclaim_20d,2025-03-06,2025-03-10,48.5671,46.8087,-3.6205851320083138,2,stop,2025
QQQ,oversold_reclaim_20d,2025-03-06,2025-03-10,490.5318,469.0619,-4.376865062640123,2,stop,2025
XLI,oversold_reclaim_20d,2025-03-06,2025-03-07,130.1183,131.6033,1.141226186607236,1,strength,2025
XLY,oversold_reclaim_20d,2025-03-06,2025-03-10,102.9376,98.4877,-4.322954317245253,2,stop,2025
XLU,oversold_reclaim_20d,2025-03-10,2025-03-10,36.9816,37.4444,1.251465740961466,0,strength,2025
XLF,oversold_reclaim_20d,2025-03-17,2025-03-17,47.3045,47.9524,1.3695766150811473,0,strength,2025
XLP,oversold_reclaim_20d,2025-03-17,2025-03-17,76.6435,77.4699,1.078239559439309,0,strength,2025
DIA,oversold_reclaim_20d,2025-03-18,2025-03-18,410.0978,407.4297,-0.65060043278653,0,strength,2025
XLI,oversold_reclaim_20d,2025-03-18,2025-03-18,130.0299,129.28,-0.5767460984219208,0,strength,2025
DIA,oversold_reclaim_20d,2025-03-20,2025-03-20,409.6078,410.9413,0.32556016847555824,0,strength,2025
XLF,oversold_reclaim_20d,2025-03-20,2025-03-20,48.2441,48.4896,0.5088611310630986,0,strength,2025
XLI,oversold_reclaim_20d,2025-03-20,2025-03-20,130.2166,130.3387,0.09379574844234906,0,strength,2025
XLP,oversold_reclaim_20d,2025-03-20,2025-03-24,76.6243,76.6542,0.03906364535668505,2,strength,2025
XLV,oversold_reclaim_20d,2025-03-21,2025-03-24,142.9695,143.7929,0.5759028737441385,1,strength,2025
XLP,oversold_reclaim_20d,2025-03-27,2025-03-27,77.5138,78.0154,0.6471256537738945,0,strength,2025
XLP,oversold_reclaim_20d,2025-04-01,2025-04-01,79.1874,78.9616,-0.28514082375966643,0,strength,2025
TLT,oversold_reclaim_20d,2025-04-02,2025-04-02,87.7782,86.7113,-1.2154159698071987,0,strength,2025
EFA,oversold_reclaim_20d,2025-04-02,2025-04-04,77.3006,73.3482,-5.113033186281224,2,gap_stop,2025
XLF,oversold_reclaim_20d,2025-04-10,2025-04-10,45.7081,45.009,-1.5296093315713466,0,strength,2025
XLU,oversold_reclaim_20d,2025-04-10,2025-04-10,36.4607,36.3879,-0.19980019980018193,0,strength,2025
XLP,oversold_reclaim_20d,2025-04-14,2025-04-14,78.0556,78.894,1.074138093143051,0,strength,2025
XLU,oversold_reclaim_20d,2025-04-14,2025-04-14,37.1957,37.493,0.7992453289038526,0,strength,2025
EFA,oversold_reclaim_20d,2025-04-15,2025-04-15,76.5395,76.472,-0.0881480648268429,0,strength,2025
GLD,oversold_reclaim_20d,2025-05-16,2025-05-19,292.9126,297.732,1.645321307300196,1,strength,2025
XLP,oversold_reclaim_20d,2025-05-16,2025-05-16,78.5682,79.2319,0.8446471810443335,0,strength,2025
XLP,oversold_reclaim_20d,2025-05-20,2025-05-20,79.584,79.7435,0.20051887176335548,0,strength,2025
GLD,oversold_reclaim_20d,2025-05-21,2025-05-21,304.8545,305.5142,0.21638173436251407,0,strength,2025
GLD,oversold_reclaim_20d,2025-05-27,2025-05-29,304.1138,305.3044,0.39148758802700634,2,strength,2025
XLP,oversold_reclaim_20d,2025-06-23,2025-06-23,78.4352,79.1241,0.8783874228467381,0,strength,2025
GLD,oversold_reclaim_20d,2025-07-01,2025-07-01,308.8686,307.2424,-0.5264762991230909,0,strength,2025
GLD,oversold_reclaim_20d,2025-07-03,2025-07-03,307.357,306.8329,-0.17053884653407403,0,strength,2025
GLD,oversold_reclaim_20d,2025-07-08,2025-07-10,306.6063,305.8938,-0.23237474713726503,2,strength,2025
XLP,oversold_reclaim_20d,2025-07-18,2025-07-18,79.039,78.6284,-0.5195570039452035,0,strength,2025
XLP,oversold_reclaim_20d,2025-07-23,2025-07-23,79.526,79.3671,-0.19980019980018193,0,strength,2025
GLD,oversold_reclaim_20d,2025-08-04,2025-08-04,311.1108,310.5991,-0.16447328167709108,0,strength,2025
DIA,oversold_reclaim_20d,2025-08-05,2025-08-05,435.7982,434.2777,-0.3488845219071557,0,strength,2025
XLF,oversold_reclaim_20d,2025-08-05,2025-08-06,51.3059,51.105,-0.39154016655795765,1,strength,2025
IWM,oversold_reclaim_20d,2025-08-05,2025-08-05,218.511,218.3612,-0.0685755396290566,0,strength,2025
XLY,oversold_reclaim_20d,2025-08-05,2025-08-06,108.7396,110.7577,1.8559192182647344,1,strength,2025
XLP,oversold_reclaim_20d,2025-08-05,2025-08-05,78.4157,78.2201,-0.24938533526032147,0,strength,2025
EFA,oversold_reclaim_20d,2025-08-05,2025-08-05,85.7531,85.4272,-0.3800218285493595,0,strength,2025
MDY,oversold_reclaim_20d,2025-08-05,2025-08-12,569.1033,574.8811,1.015243771423835,5,strength,2025
XLB,oversold_reclaim_20d,2025-08-05,2025-08-05,43.4182,43.41,-0.019027691012951653,0,strength,2025
GLD,oversold_reclaim_20d,2025-08-06,2025-08-06,310.6303,310.1895,-0.14191380968170408,0,strength,2025
XLP,oversold_reclaim_20d,2025-08-07,2025-08-07,79.6332,79.9406,0.386105723145147,0,strength,2025
EFA,oversold_reclaim_20d,2025-08-07,2025-08-07,87.1275,86.7602,-0.42152577343180786,0,strength,2025
DIA,oversold_reclaim_20d,2025-08-11,2025-08-12,436.321,437.7626,0.3304007111264884,1,strength,2025
XLF,oversold_reclaim_20d,2025-08-11,2025-08-11,51.2171,50.9869,-0.4494874995150666,0,strength,2025
XLY,oversold_reclaim_20d,2025-08-11,2025-08-11,111.4165,111.2038,-0.19090107159727143,0,strength,2025
EFA,oversold_reclaim_20d,2025-08-11,2025-08-11,87.2243,86.9244,-0.34376949500953824,0,strength,2025
XLB,oversold_reclaim_20d,2025-08-11,2025-08-11,43.4625,43.2432,-0.5045470837791388,0,strength,2025
TLT,oversold_reclaim_20d,2025-09-04,2025-09-04,84.257,84.2916,0.041049177490593,0,strength,2025
XLU,oversold_reclaim_20d,2025-09-04,2025-09-08,41.1059,40.1254,-2.385197794284255,2,stop,2025
XLI,oversold_reclaim_20d,2025-09-05,2025-09-08,149.969,149.1959,-0.5154799914199315,1,strength,2025
TLT,oversold_reclaim_20d,2025-09-08,2025-09-08,86.3387,86.717,0.43815073210105027,0,strength,2025
XLP,oversold_reclaim_20d,2025-09-08,2025-09-09,78.6787,78.4729,-0.26155813733532707,1,strength,2025
XLU,oversold_reclaim_20d,2025-09-10,2025-09-10,40.6531,41.121,1.1509569683087806,0,strength,2025
XLI,oversold_reclaim_20d,2025-09-11,2025-09-11,149.6626,150.705,0.6964513219468227,0,strength,2025
XLP,oversold_reclaim_20d,2025-09-12,2025-09-17,78.3572,77.9966,-0.4603090011655042,3,strength,2025
XLU,oversold_reclaim_20d,2025-09-12,2025-09-12,41.3055,41.5486,0.5884345011689218,0,strength,2025
XLU,oversold_reclaim_20d,2025-09-16,2025-09-19,41.6561,41.2813,-0.8997562591605002,3,strength,2025
XLB,oversold_reclaim_20d,2025-09-29,2025-09-29,44.1577,43.9561,-0.45653188570232706,0,strength,2025
XLV,oversold_reclaim_20d,2025-10-01,2025-10-01,138.1665,141.5104,2.42013215021204,0,strength,2025
XLB,oversold_reclaim_20d,2025-10-01,2025-10-02,44.2071,44.2173,0.023189426052150353,1,strength,2025
XLV,oversold_reclaim_20d,2025-10-03,2025-10-03,141.8925,142.8419,0.6691156139918331,0,strength,2025
XLE,oversold_reclaim_20d,2025-10-14,2025-10-20,41.6824,42.4492,1.8395719366799623,4,strength,2025
DIA,oversold_reclaim_20d,2025-10-14,2025-10-14,452.3772,457.0843,1.0405218915739312,0,strength,2025
XLF,oversold_reclaim_20d,2025-10-14,2025-10-14,51.8703,52.5464,1.30338851450158,0,strength,2025
XLY,oversold_reclaim_20d,2025-10-14,2025-10-14,114.817,116.3602,1.3440400208852177,0,strength,2025
EEM,oversold_reclaim_20d,2025-10-14,2025-10-15,51.6511,52.7531,2.1334889017756042,1,strength,2025
MDY,oversold_reclaim_20d,2025-10-14,2025-10-14,578.3205,588.734,1.8006555721033823,0,strength,2025
XLB,oversold_reclaim_20d,2025-10-14,2025-10-14,43.1749,43.9216,1.7295361631360917,0,strength,2025
DIA,oversold_reclaim_20d,2025-10-20,2025-10-20,458.8867,461.4976,0.5689653395254402,0,strength,2025
XLF,oversold_reclaim_20d,2025-10-20,2025-10-20,51.7813,52.1023,0.6197971239287448,0,strength,2025
XLY,oversold_reclaim_20d,2025-10-20,2025-10-20,117.1653,117.3185,0.13074771534944407,0,strength,2025
EEM,oversold_reclaim_20d,2025-10-20,2025-10-20,53.5656,53.8113,0.45869963944866754,0,strength,2025
MDY,oversold_reclaim_20d,2025-10-20,2025-10-20,589.1783,590.2892,0.1885466302600225,0,strength,2025
DIA,oversold_reclaim_20d,2025-10-22,2025-10-22,464.5899,460.2722,-0.9293540468839567,0,strength,2025
XLF,oversold_reclaim_20d,2025-10-22,2025-10-22,52.1967,51.7469,-0.8616023683282958,0,strength,2025
XLE,oversold_reclaim_20d,2025-10-23,2025-10-23,43.7482,43.4654,-0.6464851161730234,0,strength,2025
XLU,oversold_reclaim_20d,2025-11-06,2025-11-07,43.4758,43.8781,0.9254708336921436,1,strength,2025
IWM,oversold_reclaim_20d,2025-11-12,2025-11-12,243.2535,241.5776,-0.6889357045603228,0,strength,2025
XLB,oversold_reclaim_20d,2025-11-12,2025-11-12,43.3625,43.4484,0.19803483929952126,0,strength,2025
XLU,oversold_reclaim_20d,2025-11-12,2025-11-12,44.0052,43.9906,-0.03303866685092638,0,strength,2025
IWM,oversold_reclaim_20d,2025-11-17,2025-11-21,234.9278,233.6057,-0.5627732192150514,4,strength,2025
XLU,oversold_reclaim_20d,2025-11-17,2025-11-17,43.5934,43.8145,0.5072036408489522,0,strength,2025
TLT,oversold_reclaim_20d,2025-11-18,2025-11-20,87.1277,86.8369,-0.3338129328944839,2,strength,2025
XLF,oversold_reclaim_20d,2025-11-19,2025-11-21,50.8122,50.9968,0.36348967335271265,2,strength,2025
MDY,oversold_reclaim_20d,2025-11-19,2025-11-21,573.2191,576.7887,0.6227166531232342,2,strength,2025
SMH,oversold_reclaim_20d,2025-11-20,2025-11-20,348.1256,327.2355,-6.000727044304178,0,stop,2025
SPY,oversold_reclaim_20d,2025-11-20,2025-11-20,668.0482,650.2817,-2.6594610224480064,0,stop,2025
DIA,oversold_reclaim_20d,2025-11-20,2025-11-21,462.0452,457.6757,-0.9456949826774252,1,strength,2025
XLK,oversold_reclaim_20d,2025-11-20,2025-11-20,143.2966,137.0021,-4.392642234482269,0,stop,2025
QQQ,oversold_reclaim_20d,2025-11-20,2025-11-20,610.0034,587.8749,-3.627597192252885,0,stop,2025
XLI,oversold_reclaim_20d,2025-11-20,2025-11-20,151.184,146.9756,-2.783662601167347,0,stop,2025
EEM,oversold_reclaim_20d,2025-11-20,2025-11-20,53.438,52.0111,-2.670054200858052,0,stop,2025
SMH,oversold_reclaim_20d,2025-11-24,2025-11-24,328.3074,337.73,2.8700403311188394,0,strength,2025
SPY,oversold_reclaim_20d,2025-11-24,2025-11-24,657.9021,662.5719,0.7098121554443448,0,strength,2025
XLK,oversold_reclaim_20d,2025-11-24,2025-11-24,137.1149,139.1644,1.4947359150101702,0,strength,2025
QQQ,oversold_reclaim_20d,2025-11-24,2025-11-24,593.7067,602.3546,1.4565973299061286,0,strength,2025
XLI,oversold_reclaim_20d,2025-11-24,2025-11-24,148.6734,148.5546,-0.07990095986311063,0,strength,2025
XLY,oversold_reclaim_20d,2025-11-24,2025-11-24,113.0608,113.4605,0.3535450302520893,0,strength,2025
EEM,oversold_reclaim_20d,2025-11-24,2025-11-24,52.1518,52.5767,0.8147367042954823,0,strength,2025
EFA,oversold_reclaim_20d,2025-11-24,2025-11-24,89.4794,89.5711,0.10246801496658353,0,strength,2025
DIA,oversold_reclaim_20d,2025-11-25,2025-11-25,461.576,466.1945,1.0005987523279858,0,strength,2025
XLF,oversold_reclaim_20d,2025-11-25,2025-11-25,51.5341,51.8555,0.623729177824961,0,strength,2025
IWM,oversold_reclaim_20d,2025-11-25,2025-11-25,239.1801,243.055,1.620100133391844,0,strength,2025
TLT,oversold_reclaim_20d,2025-11-25,2025-11-25,88.0639,87.8198,-0.2771557940673408,0,strength,2025
MDY,oversold_reclaim_20d,2025-11-25,2025-11-25,584.0273,593.1913,1.569110211219349,0,strength,2025
XLU,oversold_reclaim_20d,2025-11-25,2025-11-25,43.814,43.4476,-0.8362522604130618,0,strength,2025
SMH,oversold_reclaim_20d,2025-11-26,2025-11-26,343.5253,346.2848,0.8032726789907629,0,strength,2025
SPY,oversold_reclaim_20d,2025-11-26,2025-11-26,672.7341,673.4211,0.10211853144257432,0,strength,2025
XLK,oversold_reclaim_20d,2025-11-26,2025-11-26,141.467,141.1893,-0.19627982538428235,0,strength,2025
QQQ,oversold_reclaim_20d,2025-11-26,2025-11-26,610.8911,611.4224,0.08696952389279922,0,strength,2025
XLI,oversold_reclaim_20d,2025-11-26,2025-11-26,150.8664,151.3276,0.3056696473065612,0,strength,2025
XLY,oversold_reclaim_20d,2025-11-26,2025-11-26,116.5285,116.683,0.13255414061494886,0,strength,2025
EEM,oversold_reclaim_20d,2025-11-26,2025-11-26,53.114,53.145,0.05846871259274078,0,strength,2025
EFA,oversold_reclaim_20d,2025-11-26,2025-11-26,91.2313,91.6382,0.4460536237902657,0,strength,2025
DIA,oversold_reclaim_20d,2025-11-28,2025-11-28,470.7366,472.1311,0.2962340994677737,0,strength,2025
XLF,oversold_reclaim_20d,2025-11-28,2025-11-28,52.5131,52.6352,0.23248570672156355,0,strength,2025
IWM,oversold_reclaim_20d,2025-11-28,2025-11-28,246.4029,246.6444,0.09798092881068143,0,strength,2025
MDY,oversold_reclaim_20d,2025-11-28,2025-11-28,599.0038,599.7286,0.12099483998826432,0,strength,2025
XLU,oversold_reclaim_20d,2025-11-28,2025-11-28,44.1865,44.338,0.3427101733636917,0,strength,2025
SMH,oversold_reclaim_20d,2025-12-01,2025-12-01,348.1157,351.5133,0.9759984302279978,0,strength,2025
SPY,oversold_reclaim_20d,2025-12-01,2025-12-01,673.9056,674.0057,0.014855572960725816,0,strength,2025
XLK,oversold_reclaim_20d,2025-12-01,2025-12-01,141.3025,142.468,0.8248220990860311,0,strength,2025
QQQ,oversold_reclaim_20d,2025-12-01,2025-12-01,612.0081,614.3089,0.3759384564030466,0,strength,2025
XLI,oversold_reclaim_20d,2025-12-01,2025-12-02,151.3725,151.288,-0.05587487319559381,1,strength,2025
XLY,oversold_reclaim_20d,2025-12-01,2025-12-01,117.0758,117.4774,0.3430526386405175,0,strength,2025
EEM,oversold_reclaim_20d,2025-12-01,2025-12-01,53.1631,53.1842,0.039788932222095674,0,strength,2025
EFA,oversold_reclaim_20d,2025-12-01,2025-12-01,91.87,91.4933,-0.4100797592084593,0,strength,2025
TLT,oversold_reclaim_20d,2025-12-04,2025-12-08,87.0083,85.6024,-1.615818936159874,2,stop,2025
TLT,oversold_reclaim_20d,2025-12-11,2025-12-11,86.793,86.1313,-0.7624352040450977,0,strength,2025
XLU,oversold_reclaim_20d,2025-12-12,2025-12-12,42.3238,41.9066,-0.985802143094916,0,strength,2025
XLU,oversold_reclaim_20d,2025-12-16,2025-12-16,42.3532,42.112,-0.5694302103956606,0,strength,2025
TLT,oversold_reclaim_20d,2025-12-17,2025-12-17,85.7557,85.7504,-0.006183708036044955,0,strength,2025
XLE,oversold_reclaim_20d,2025-12-18,2025-12-22,43.714,43.5649,-0.3409317134043688,2,strength,2025
TLT,oversold_reclaim_20d,2025-12-19,2025-12-19,86.0698,85.839,-0.26814591710945246,0,strength,2025
XLE,oversold_reclaim_20d,2025-12-24,2025-12-24,43.8595,43.7226,-0.3121355004348403,0,strength,2025
TLT,oversold_reclaim_20d,2025-12-24,2025-12-24,86.2171,86.3096,0.10723852248224475,0,strength,2025
XLU,oversold_reclaim_20d,2025-12-24,2025-12-24,42.0877,42.2008,0.2686371579946556,0,strength,2025
XLU,oversold_reclaim_20d,2025-12-30,2025-12-30,42.3544,42.3487,-0.01361041861506207,0,strength,2025
XLU,oversold_reclaim_20d,2026-01-09,2026-01-09,41.9988,41.9051,-0.2232765681793758,0,strength,2026
XLP,oversold_reclaim_20d,2026-01-12,2026-01-12,78.6184,79.1026,0.6158704043597751,0,strength,2026
XLU,oversold_reclaim_20d,2026-01-13,2026-01-13,42.0976,42.2402,0.3387732597117443,0,strength,2026
XLP,oversold_reclaim_20d,2026-01-14,2026-01-14,80.1507,81.1251,1.2157200204927943,0,strength,2026
XLF,oversold_reclaim_20d,2026-01-15,2026-01-26,53.8082,52.8984,-1.6907313801644341,6,strength,2026
XLU,oversold_reclaim_20d,2026-01-15,2026-01-15,42.789,42.9894,0.4683011278950433,0,strength,2026
XLP,oversold_reclaim_20d,2026-01-16,2026-01-16,81.2084,81.0067,-0.2483954437158098,0,strength,2026
TLT,oversold_reclaim_20d,2026-01-22,2026-01-22,85.7357,85.9762,0.2805099205610784,0,strength,2026
TLT,oversold_reclaim_20d,2026-01-26,2026-01-26,86.8459,86.6233,-0.25625172095303794,0,strength,2026
XLF,oversold_reclaim_20d,2026-01-29,2026-01-29,52.915,53.0371,0.23069493149232567,0,strength,2026
XLF,oversold_reclaim_20d,2026-02-02,2026-02-02,53.044,53.5125,0.8831542827061112,0,strength,2026
XLF,oversold_reclaim_20d,2026-02-05,2026-02-06,53.5303,53.7403,0.3922764032891157,1,strength,2026
SMH,oversold_reclaim_20d,2026-02-06,2026-02-06,389.5892,401.2483,2.9926731330508494,0,strength,2026
SPY,oversold_reclaim_20d,2026-02-09,2026-02-09,686.4613,689.5913,0.45596528442686246,0,strength,2026
XLK,oversold_reclaim_20d,2026-02-09,2026-02-09,140.3984,142.8585,1.752195088510744,0,strength,2026
QQQ,oversold_reclaim_20d,2026-02-09,2026-02-09,606.7149,612.26,0.9139508337966173,0,strength,2026
XLY,oversold_reclaim_20d,2026-02-09,2026-02-10,117.0785,117.7401,0.5650895304246228,1,strength,2026
SMH,oversold_reclaim_20d,2026-02-10,2026-02-10,408.5882,404.3552,-1.0359876266003543,0,strength,2026
SMH,oversold_reclaim_20d,2026-02-12,2026-02-18,418.7483,412.1374,-1.5787236610259048,3,strength,2026
XLY,oversold_reclaim_20d,2026-02-17,2026-02-18,115.6328,116.4366,0.695105105705518,1,strength,2026
SPY,oversold_reclaim_20d,2026-02-19,2026-02-19,680.9053,680.1808,-0.10640482082242553,0,strength,2026
XLF,oversold_reclaim_20d,2026-02-19,2026-02-19,51.744,51.6505,-0.1806552975003317,0,strength,2026
QQQ,oversold_reclaim_20d,2026-02-19,2026-02-19,601.9914,601.4464,-0.09053616643355245,0,strength,2026
SPY,oversold_reclaim_20d,2026-02-23,2026-02-24,684.8782,683.0328,-0.269455246481054,1,strength,2026
QQQ,oversold_reclaim_20d,2026-02-23,2026-02-24,605.7862,605.8316,0.007501442385304813,1,strength,2026
XLY,oversold_reclaim_20d,2026-02-23,2026-02-24,116.2908,116.158,-0.11423825524792264,1,strength,2026
XLY,oversold_reclaim_20d,2026-02-26,2026-02-26,116.8791,116.4664,-0.3530379879622014,0,strength,2026
XLY,oversold_reclaim_20d,2026-03-02,2026-03-04,113.6886,115.8097,1.8656975672730391,2,strength,2026
SPY,oversold_reclaim_20d,2026-03-05,2026-03-09,679.1529,660.481,-2.749289480282524,2,stop,2026
DIA,oversold_reclaim_20d,2026-03-05,2026-03-06,481.4747,467.6492,-2.871482684765181,1,stop,2026
XLK,oversold_reclaim_20d,2026-03-05,2026-03-05,138.9605,139.6993,0.5316966719994598,0,strength,2026
QQQ,oversold_reclaim_20d,2026-03-05,2026-03-05,606.5751,606.868,0.048295254483332606,0,strength,2026
IWM,oversold_reclaim_20d,2026-03-05,2026-03-09,258.1747,246.3174,-4.592710622067997,2,gap_stop,2026
EEM,oversold_reclaim_20d,2026-03-05,2026-03-09,57.7777,58.0896,0.5398401184132817,2,strength,2026
EFA,oversold_reclaim_20d,2026-03-05,2026-03-09,98.3239,95.1771,-3.200408500038665,2,gap_stop,2026
XLY,oversold_reclaim_20d,2026-03-06,2026-03-17,114.4364,112.6157,-1.5909905982643413,7,strength,2026
XLP,oversold_reclaim_20d,2026-03-09,2026-03-16,84.2926,83.8381,-0.5392130377342652,5,strength,2026
DIA,oversold_reclaim_20d,2026-03-10,2026-03-17,475.4241,467.681,-1.6286841552394127,5,strength,2026
XLK,oversold_reclaim_20d,2026-03-10,2026-03-10,139.6395,139.2808,-0.2568954438843418,0,strength,2026
QQQ,oversold_reclaim_20d,2026-03-10,2026-03-10,606.9547,605.732,-0.20144384809591687,0,strength,2026
XLV,oversold_reclaim_20d,2026-03-10,2026-03-17,153.2557,148.1764,-3.31426035598108,5,stop,2026
MDY,oversold_reclaim_20d,2026-03-10,2026-03-17,625.8155,617.3184,-1.3577679204088366,5,strength,2026
XLB,oversold_reclaim_20d,2026-03-10,2026-03-19,49.6329,47.2051,-4.891346746573932,7,gap_stop,2026
SMH,oversold_reclaim_20d,2026-03-11,2026-03-11,400.41,400.629,0.05468120034803903,0,strength,2026
IWM,oversold_reclaim_20d,2026-03-11,2026-03-17,251.5456,249.2073,-0.929572357954922,4,strength,2026
EEM,oversold_reclaim_20d,2026-03-11,2026-03-11,58.4549,58.4673,0.02122420230392663,0,strength,2026
EFA,oversold_reclaim_20d,2026-03-12,2026-03-16,96.6093,96.4752,-0.1387272538912354,2,strength,2026
SPY,oversold_reclaim_20d,2026-03-17,2026-03-17,669.5044,666.5768,-0.4372873292845414,0,strength,2026
QQQ,oversold_reclaim_20d,2026-03-17,2026-03-17,602.3209,601.2869,-0.17167351613769366,0,strength,2026
TLT,oversold_reclaim_20d,2026-03-17,2026-03-17,86.4389,86.3551,-0.0969882442138914,0,strength,2026
EEM,oversold_reclaim_20d,2026-03-17,2026-03-17,58.6341,58.3878,-0.4201489147591331,0,strength,2026
TLT,oversold_reclaim_20d,2026-03-20,2026-03-25,85.8947,85.7527,-0.16531560065918827,3,strength,2026
XLI,oversold_reclaim_20d,2026-03-20,2026-03-24,163.3221,163.4339,0.06842778292395213,2,strength,2026
IWM,oversold_reclaim_20d,2026-03-24,2026-03-24,245.1725,247.9416,1.1294616919393041,0,strength,2026
EEM,oversold_reclaim_20d,2026-03-24,2026-03-25,55.8956,57.066,2.093838720137531,1,strength,2026
EFA,oversold_reclaim_20d,2026-03-24,2026-03-25,93.1111,95.0591,2.0921581990364535,1,strength,2026
XLB,oversold_reclaim_20d,2026-03-24,2026-03-24,47.151,48.2212,2.269879046158052,0,strength,2026
GLD,oversold_reclaim_20d,2026-03-25,2026-03-25,420.1297,415.8737,-1.013016431712066,0,strength,2026
XLV,oversold_reclaim_20d,2026-03-25,2026-03-25,145.1953,145.4523,0.1769615102438893,0,strength,2026
XLP,oversold_reclaim_20d,2026-03-25,2026-03-25,80.9498,80.8674,-0.10175035706757596,0,strength,2026
MDY,oversold_reclaim_20d,2026-03-25,2026-03-25,622.7745,620.8326,-0.31181135381168623,0,strength,2026
XLU,oversold_reclaim_20d,2026-03-25,2026-03-25,45.2764,44.9179,-0.7917619607839654,0,strength,2026
IWM,oversold_reclaim_20d,2026-03-26,2026-03-31,248.5478,247.1642,-0.5566727643394054,3,strength,2026
XLB,oversold_reclaim_20d,2026-03-26,2026-03-26,48.8364,48.8582,0.04475599949285147,0,strength,2026
XLU,oversold_reclaim_20d,2026-03-27,2026-03-27,45.1272,45.2554,0.28413557933490985,0,strength,2026
GLD,oversold_reclaim_20d,2026-03-30,2026-03-30,419.9595,414.1654,-1.3796904934608722,0,strength,2026
XLP,oversold_reclaim_20d,2026-03-30,2026-03-30,81.4269,81.2345,-0.23636039329062442,0,strength,2026
GLD,oversold_reclaim_20d,2026-04-01,2026-04-01,435.435,437.3822,0.4471820861654763,0,strength,2026
SMH,oversold_reclaim_20d,2026-04-01,2026-04-01,388.6483,391.578,0.753833651642144,0,strength,2026
XLV,oversold_reclaim_20d,2026-04-01,2026-04-01,146.7201,146.9342,0.14592424835362383,0,strength,2026
XLI,oversold_reclaim_20d,2026-04-01,2026-04-01,163.2518,163.8624,0.3740019011407414,0,strength,2026
EEM,oversold_reclaim_20d,2026-04-01,2026-04-01,56.9711,56.8771,-0.1649103254276696,0,strength,2026
MDY,oversold_reclaim_20d,2026-04-01,2026-04-01,618.9601,619.6268,0.10770399445636514,0,strength,2026
SMH,oversold_reclaim_20d,2026-04-06,2026-04-06,394.1437,395.584,0.3654202243069671,0,strength,2026
DIA,oversold_reclaim_20d,2026-04-06,2026-04-06,462.9079,464.5808,0.36137925880552757,0,strength,2026
IWM,oversold_reclaim_20d,2026-04-06,2026-04-06,250.6449,251.5095,0.34494573999117595,0,strength,2026
TLT,oversold_reclaim_20d,2026-04-06,2026-04-06,85.93,85.907,-0.026734509013492946,0,strength,2026
XLI,oversold_reclaim_20d,2026-04-06,2026-04-06,163.3018,164.0418,0.45317123916686075,0,strength,2026
EEM,oversold_reclaim_20d,2026-04-06,2026-04-06,56.7122,56.7579,0.08058639415613467,0,strength,2026
MDY,oversold_reclaim_20d,2026-04-06,2026-04-06,620.378,623.0249,0.42666563537825386,0,strength,2026
SMH,oversold_reclaim_20d,2026-04-08,2026-04-08,423.5832,422.4971,-0.2564007129239432,0,strength,2026
DIA,oversold_reclaim_20d,2026-04-08,2026-04-08,477.5883,476.9127,-0.14144751471684147,0,strength,2026
IWM,oversold_reclaim_20d,2026-04-08,2026-04-08,261.1604,259.5922,-0.6004922919085831,0,strength,2026
XLI,oversold_reclaim_20d,2026-04-08,2026-04-08,169.3529,169.8517,0.29449106986967344,0,strength,2026
EEM,oversold_reclaim_20d,2026-04-08,2026-04-08,60.6058,60.0673,-0.8885330532941271,0,strength,2026
MDY,oversold_reclaim_20d,2026-04-08,2026-04-08,642.1656,641.4406,-0.11289904813392981,0,strength,2026
XLE,oversold_reclaim_20d,2026-04-16,2026-04-16,55.4956,56.1187,1.1227699141264091,0,strength,2026
XLP,oversold_reclaim_20d,2026-04-17,2026-04-17,80.8404,81.8099,1.1992672778926572,0,strength,2026
XLE,oversold_reclaim_20d,2026-04-22,2026-04-22,56.0124,56.079,0.11893766794461857,0,strength,2026
XLP,oversold_reclaim_20d,2026-04-23,2026-04-23,81.8743,82.8219,1.157369507063688,0,strength,2026
XLE,oversold_reclaim_20d,2026-04-24,2026-04-24,56.4199,56.4063,-0.024005455806397347,0,strength,2026
XLV,oversold_reclaim_20d,2026-05-01,2026-05-01,145.7933,144.3781,-0.9706881307956827,0,strength,2026
GLD,oversold_reclaim_20d,2026-05-04,2026-05-06,419.2588,430.529,2.6881234580372837,2,strength,2026
GLD,oversold_reclaim_20d,2026-05-12,2026-05-12,431.1307,432.4971,0.31692255391269075,0,strength,2026
XLU,oversold_reclaim_20d,2026-05-12,2026-05-12,44.8189,44.8584,0.08812149281389736,0,strength,2026
XLU,oversold_reclaim_20d,2026-05-15,2026-05-20,44.4707,44.1834,-0.6462309884440076,3,strength,2026
GLD,oversold_reclaim_20d,2026-05-21,2026-05-21,413.5532,416.573,0.7302194523252981,0,strength,2026
XLI,oversold_reclaim_20d,2026-05-21,2026-05-21,169.5626,169.9414,0.22335666207871085,0,strength,2026
XLY,oversold_reclaim_20d,2026-05-21,2026-05-21,117.4735,118.3455,0.7422721374853225,0,strength,2026
MDY,oversold_reclaim_20d,2026-05-21,2026-05-21,659.6496,662.9356,0.4981342451438442,0,strength,2026
XLB,oversold_reclaim_20d,2026-05-21,2026-05-21,49.4048,49.7838,0.7671769769034054,0,strength,2026
XLU,oversold_reclaim_20d,2026-05-22,2026-05-22,44.8189,45.0172,0.4424938020254343,0,strength,2026
XLI,oversold_reclaim_20d,2026-05-26,2026-05-26,172.9377,173.6984,0.4398341966997288,0,strength,2026
XLY,oversold_reclaim_20d,2026-05-26,2026-05-26,119.6114,119.0932,-0.433197800645746,0,strength,2026
MDY,oversold_reclaim_20d,2026-05-26,2026-05-26,675.0967,678.7006,0.533834141872358,0,strength,2026
XLB,oversold_reclaim_20d,2026-05-27,2026-05-27,50.8708,50.9384,0.13280580867318648,0,strength,2026
XLY,oversold_reclaim_20d,2026-05-28,2026-05-28,120.98,121.6954,0.591348451278062,0,strength,2026
GLD,oversold_reclaim_20d,2026-05-29,2026-05-29,416.0356,416.7029,0.16038530970132747,0,strength,2026
GLD,oversold_reclaim_20d,2026-06-02,2026-06-05,414.4941,397.9194,-3.998770047754563,3,stop,2026
XLP,oversold_reclaim_20d,2026-06-04,2026-06-05,82.8485,82.7822,-0.08003788034328663,1,strength,2026
XLU,oversold_reclaim_20d,2026-06-08,2026-06-09,44.0828,43.6572,-0.9654147761775533,1,strength,2026
XLP,oversold_reclaim_20d,2026-06-09,2026-06-09,82.6894,83.437,0.9040228434758157,0,strength,2026
XLF,oversold_reclaim_20d,2026-06-10,2026-06-11,52.3691,52.3839,0.02831894078010322,1,strength,2026
SPY,oversold_reclaim_20d,2026-06-12,2026-06-12,739.5455,739.1042,-0.05967786874234715,0,strength,2026
QQQ,oversold_reclaim_20d,2026-06-12,2026-06-12,717.539,719.8276,0.3189479990149513,0,strength,2026
EFA,oversold_reclaim_20d,2026-06-12,2026-06-12,103.1228,103.2806,0.15304820996575597,0,strength,2026
SPY,oversold_reclaim_20d,2026-06-16,2026-06-16,753.3637,747.6536,-0.7579526431588102,0,strength,2026
QQQ,oversold_reclaim_20d,2026-06-16,2026-06-16,742.1766,728.3297,-1.8657159120823996,0,strength,2026
XLE,oversold_reclaim_20d,2026-06-17,2026-06-23,54.9192,54.4055,-0.9352903596748674,3,strength,2026
XLE,oversold_reclaim_20d,2026-06-25,2026-06-25,53.2532,54.0359,1.4697884399587302,0,strength,2026
SPY,oversold_reclaim_20d,2026-06-30,2026-06-30,742.0313,746.0232,0.5379802278519197,0,strength,2026
XLY,oversold_reclaim_20d,2026-06-30,2026-06-30,116.3462,117.1627,0.7017721129816357,0,strength,2026
